review_id,element_id,rating,ground_truth,predicted,score,text,reason
"R3J3EQQ9TZI5ZJ,R3E7WBGK7ID0KV,RWU79XKQ6I1QF,R25X4TBMPY91LX,R27OK7G99VK0TR,R207CYDCHJJTCJ,R3PCU8XMU173BT,R1IMONDOWRNU5V",5:6c218a69-b37f-472b-850d-2b9772792e4a:1152922604118475025,3.9,Neutral,Positive,0.6808,"Not quite durable and sturdy,https://m.media-amazon.com/images/W/WEBP_402378-T1/images/I/71rIggrbUCL._SY88.jpg,Working good,https://m.media-amazon.com/images/W/WEBP_402378-T1/images/I/61bKp9YO6wL._SY88.jpg,Product,Very nice product,Working well,It's a really nice product",-
"R7S8ANNSDPR40,R3CLZFLHVJU26P,RFF7U7MPQFUGR,R1MV1NKC23DWPI,R11D3U0V2XKDKF,R18MP1KLUE18PC,RWGJNVEH5ZQME,R1XN72FU6Q37IH",5:6c218a69-b37f-472b-850d-2b9772792e4a:1152922604118475028,3.9,Neutral,Positive,0.6611,"It's a good product.,Like,Very good item strong and useful USB cableValue for moneyThanks to amazon and producer,https://m.media-amazon.com/images/I/51112ZRE-1L._SY88.jpg,Good,Nice product and useful product,-,Sturdy but does not support 33w charging",-
"R7S8ANNSDPR40,R3CLZFLHVJU26P,RFF7U7MPQFUGR,R1MV1NKC23DWPI,R11D3U0V2XKDKF,R18MP1KLUE18PC,RWGJNVEH5ZQME,R1XN72FU6Q37IH",5:6c218a69-b37f-472b-850d-2b9772792e4a:1155174403932160276,3.9,Neutral,Positive,0.6611,"It's a good product.,Like,Very good item strong and useful USB cableValue for moneyThanks to amazon and producer,https://m.media-amazon.com/images/W/WEBP_402378-T1/images/I/51112ZRE-1L._SY88.jpg,Good,Nice product and useful product,-,Sturdy but does not support 33w charging",-
"R7S8ANNSDPR40,R3CLZFLHVJU26P,RFF7U7MPQFUGR,R1MV1NKC23DWPI,R11D3U0V2XKDKF,R18MP1KLUE18PC,RWGJNVEH5ZQME,R1XN72FU6Q37IH",5:6c218a69-b37f-472b-850d-2b9772792e4a:1157426203745845524,3.9,Neutral,Positive,0.6611,"It's a good product.,Like,Very good item strong and useful USB cableValue for moneyThanks to amazon and producer,https://m.media-amazon.com/images/W/WEBP_402378-T2/images/I/51112ZRE-1L._SY88.jpg,Good,Nice product and useful product,-,Sturdy but does not support 33w charging",-
"R2BP8Y5OJXKJLF,R218813TNRHNSY,R3VIKEVJ5DBF5G,R2PQNCTR8TQCT4,R3FI11UEJC9ZOJ,R3ULCCZZHBNLA4,RELIQ4H7CYX2Q,R3ALQNTJN4ER9N",5:6c218a69-b37f-472b-850d-2b9772792e4a:1152922604118475038,4.1,Positive,Negative,-0.1887,"Check for offera before buying,18w charging cable,,Awesome cable!Charging, data transfer and durability is simply awesome, and there is not a single disconnection issue, which I always faced in original mi cable from box. Bought 1 more time as last cable damaged when phone fell on usb cable port as my phone is heavy and I never faced any issues so i bought one more time and didn't went for replacement as its waste of time and energy, i also have boat earphones that is also awesome..😄,Good,Charging is very slow. Forget about fast charging. Not useful at all,Cable is not fit properly on my samsung galaxy m31 type C port. If little hit happens then cable is plug it out. Otherwise length and cable quality is very nice,Boat type C cable doesn't support fast charging on Oppo F15, earlier i was using Vooc cable, which worked excellent",Barang Rusak
"R1GYK05NN6747O,R1J21BZ29NGQF9,R16JCHEILBYOMW,R2WVVS88M7SH18,R2MQ3VB8ZTUS48,RBJPTKHYQ7G7U,R37PKO5FUPJW35,R38R2YC2J2BMWR",5:6c218a69-b37f-472b-850d-2b9772792e4a:1152922604118475041,3.7,Neutral,Positive,0.1729,"This connector has provided as a boon for my old Samsung LCD monitor and I am proactively using that monitor as the 2nd screen just if the finishing of the product can be improved then it would be a better purchase option.,Save it purpose well without any issue. I am satisfied,Working fine,GO FOR IT,It’s works properly good product but poor quality,I buy this product after so many reviews. this product is not so much clear. But it get the job done. you can buy to get display only. not so much clear. but still price is very good compare to other products.,Good,It worked really well for 3-4 months but now it started showing its ""cheap chinese"" side. Display keeps disconnecting randomly and will come back. It's a headache to read/work on external monitor now since it keeps disconnecting the external monitor and then reconnects it.",-
"R1SN0D4DFBKAZI,R1SX5L77L2CD6V,R1NAZ6M4QBUJMK,R25I5FXOJA76KS,R32V7DQLDSKJ99,R8QWY8HXI120P,R2OZPGGMUCLSC1,R1G4SA1P865EIS",5:6c218a69-b37f-472b-850d-2b9772792e4a:1152922604118475042,4.3,Positive,Negative,-0.8476,"Overall good.,TV picture ok smart betterSound very low another brand,Service provider refuse install my TV, bad service and samsung, I am calling 3 times service provider. Not meet my home address.why ? Bad bad,They product did not come with the support stand or wall hanging hook to install the Tv,Picture quality is very poor in cables,Floor stand does not come with it ... You have to buy it seperately. Request Amazon to cleary mention it in the add . You will have to pay seperate charges for the installation guy to buy the floor mount .,Good,",Sentimen Negatif Umum
"R1SN0D4DFBKAZI,R1SX5L77L2CD6V,R1NAZ6M4QBUJMK,R25I5FXOJA76KS,R32V7DQLDSKJ99,R8QWY8HXI120P,R2OZPGGMUCLSC1,R1G4SA1P865EIS",5:6c218a69-b37f-472b-850d-2b9772792e4a:1155174403932160290,4.3,Positive,Negative,-0.8476,"Overall good.,TV picture ok smart betterSound very low another brand,Service provider refuse install my TV, bad service and samsung, I am calling 3 times service provider. Not meet my home address.why ? Bad bad,They product did not come with the support stand or wall hanging hook to install the Tv,Picture quality is very poor in cables,Floor stand does not come with it ... You have to buy it seperately. Request Amazon to cleary mention it in the add . You will have to pay seperate charges for the installation guy to buy the floor mount .,Good,",Sentimen Negatif Umum
"R1Q323BB35OP30,RJ0CSQUUWFF9W,R23OB4XMH3S9QD,R1K5FQR6CYMQAV,R3QMD6JDUGQUCI,R1R5LTMWOXI38M,R241G3F07D3OBH,R1O7BQ61DXRVWW",5:6c218a69-b37f-472b-850d-2b9772792e4a:1157426203745845550,3.9,Neutral,Positive,0.836,"It's a good data cable and I recommend it to purchase,the only issue was the metal pin is not fixed firmly so it has become loose,otherwise no issue,must purchase,https://m.media-amazon.com/images/I/615SgnWv1ML._SY88.jpg,Charging cable which is sturdy it's not a fast charging cable but the three outlets does the job.,Good sturdy micro usb cable with good charging speeds. Please don't raise prices,Nice product, a simpla microusb cable,😂,Best for this price,Good one",-
"R1Q323BB35OP30,RJ0CSQUUWFF9W,R23OB4XMH3S9QD,R1K5FQR6CYMQAV,R3QMD6JDUGQUCI,R1R5LTMWOXI38M,R241G3F07D3OBH,R1O7BQ61DXRVWW",5:6c218a69-b37f-472b-850d-2b9772792e4a:1159678003559530798,3.9,Neutral,Positive,0.836,"It's a good data cable and I recommend it to purchase,the only issue was the metal pin is not fixed firmly so it has become loose,otherwise no issue,must purchase,https://m.media-amazon.com/images/W/WEBP_402378-T2/images/I/615SgnWv1ML._SY88.jpg,Charging cable which is sturdy it's not a fast charging cable but the three outlets does the job.,Good sturdy micro usb cable with good charging speeds. Please don't raise prices,Nice product, a simpla microusb cable,😂,Best for this price,Good one",-
"R1Q323BB35OP30,RJ0CSQUUWFF9W,R23OB4XMH3S9QD,R1K5FQR6CYMQAV,R3QMD6JDUGQUCI,R1R5LTMWOXI38M,R241G3F07D3OBH,R1O7BQ61DXRVWW",5:6c218a69-b37f-472b-850d-2b9772792e4a:1152922604118475054,3.9,Neutral,Positive,0.836,"It's a good data cable and I recommend it to purchase,the only issue was the metal pin is not fixed firmly so it has become loose,otherwise no issue,must purchase,https://m.media-amazon.com/images/I/615SgnWv1ML._SY88.jpg,Charging cable which is sturdy it's not a fast charging cable but the three outlets does the job.,Good sturdy micro usb cable with good charging speeds. Please don't raise prices,Nice product, a simpla microusb cable,😂,Best for this price,Good one",-
"R1Q323BB35OP30,RJ0CSQUUWFF9W,R23OB4XMH3S9QD,R1K5FQR6CYMQAV,R3QMD6JDUGQUCI,R1R5LTMWOXI38M,R241G3F07D3OBH,R1O7BQ61DXRVWW",5:6c218a69-b37f-472b-850d-2b9772792e4a:1155174403932160302,3.9,Neutral,Positive,0.836,"It's a good data cable and I recommend it to purchase,the only issue was the metal pin is not fixed firmly so it has become loose,otherwise no issue,must purchase,https://m.media-amazon.com/images/I/615SgnWv1ML._SY88.jpg,Charging cable which is sturdy it's not a fast charging cable but the three outlets does the job.,Good sturdy micro usb cable with good charging speeds. Please don't raise prices,Nice product, a simpla microusb cable,😂,Best for this price,Good one",-
"R2J3Q3BUHJ2S7E,R2H2ELE1DG24VY,R1U1S7X7BPSZBU,R9XVQWX40D175,REHUMWC9Q9EAG,RLEFI0WUITF14,R1M41TK6XDE47C,RUM8TBPKUE5UF",5:6c218a69-b37f-472b-850d-2b9772792e4a:1152922604118475057,4.2,Positive,Negative,-0.9821,"I am posting this after a few weeks of using the product.Usage: Continuous, OTT only, no Cable/Dish operator.Average daily usage: 6-8 hours.The TV is a great value-for-money product.Installation: The installation was simple and Amazon assisted installation was smooth, timely and hassle-free.Picture: The picture quality is not great when compared with the smoothness of a Sony, LG and Samsung with these kind of specs. Movies and especially hi-res TV series experience was somewhat diluted as most of the times, the output, while in hi-res , wouldn't look like a movie quality which we are used to of watching in the likes of Sony, Samsung LG etc however, with time, you get used to it and only realize the difference when you see the same movie at someone else's better TV.Sound: Sound output is decent. You wouldn't need additional support to enhance the volume as such.Remote: Sleek, sensitive and user-friendly. It's exactly like Amazon's remote.OS: Same as any smart Android TV. Works smoothly without much lags or hiccups. Switching apps from one to another takes a a couple of seconds more than Sony but unless you have used to of those performances, it looks just fine.Standalone and as your first smart TV,  you wouldn't find any reasons to not like the quality and it would like hi-res from the beginning. It is a great value for money product without a doubt.However, if you are considering this as an alternative or second TV after owning the better ones in the past, you will have a hard time adjusting with it.,Picture quality is good for this price, didn’t faced any lag on UI and browsing other apps. Only negative will be audio, definitely need a sound bar if u are a frequent movie watcher. Overall worth for money u spend. But the installation process is just awful, Amazon claiming that a trained professional will visit for installation but neither they are trained nor professionals , just read the installation manuals and installed the wall mount which took 4hours for them to buy the wall mount after charging money. No demo given on Tv as they have no idea about the product, these things making to think twice or thrice to buy a tv through online.,Screen looks amazing but problem is with processor I believe. If 4k content is getting streamed on device then we can observe the green screen flickers(not so often but problem exists), even remote control is not good as it take at least 2 sec to react for the user action.Reason why I believe processor is bad because I do 4k gaming using PS5 and never encountered problem with the screen.,If you buy TV in a small town shop, it will be delivered and installed immediately within couple of hours. When you want to buy a TV from Amazon, you need to wait for it to be delivered for couple of days and it is understandable. The problem is with the installation, they take so much time to install that you end up regretting buying the product. It’s like you are hungry and food is in front of you but you can’t eat. So I ordered my TV on Monday, it got delivered on Friday and it will be installed on Monday because of weekend where as there is no concept of weekend in small towns. If we had the technician details, we could reach out  s get it installed but that also will be shared 4 hours before.Regarding product, it’s good quality and very good for a average user. Heavy duty like games and continuous usage on some store will be challenging, I guess.,This TV gives good results within the budget, should definitely buy if the budget is 30k but most important point like to mention is after sales service and also the installation part.1) The installation guy didn’t arrive at very first day that was scheduled, even after rescheduling he didn’t came for installation purpose. So strictly be aware of this point.2) The TV I got in offer with 3k discount on ICICI card but although the product came out defective, it had dead pixel on the display which is very bad after period of time.3) Even after the fault was from seller as it was defective piece I didn’t got the replacement for the product and it’s totally unfair deal by Amazon and the seller too.Final verdict is the TV quality and feature are good but the service from seller and Amazon that is got was very poor inspite I was prime member. The seller DAWNTECH ELECTRONICS PRIVATE LIMITED gives very poor service and feel bad that in such cases Amazon will not help you. Thankyou,Team,Also to be added TV installation services with product while delivering and unboxing. NO need to other sub-vendor to getting installation and demo. Also dependency on third-party involvement should be less.Bad experience with TV installation stuff.Pls look into this .,Picture quality good. Sound quality  not upto my 3xpectations. Not able to find the real Dolby stereo effect. Remote not upto the mark.4 ⭐ for picture quality, 3⭐ for both sound and remote quality,Good quality picture but it hangs on home screen",Isu Harga
"R2J3Q3BUHJ2S7E,R2H2ELE1DG24VY,R1U1S7X7BPSZBU,R9XVQWX40D175,REHUMWC9Q9EAG,RLEFI0WUITF14,R1M41TK6XDE47C,RUM8TBPKUE5UF",5:6c218a69-b37f-472b-850d-2b9772792e4a:1155174403932160305,4.2,Positive,Negative,-0.9821,"I am posting this after a few weeks of using the product.Usage: Continuous, OTT only, no Cable/Dish operator.Average daily usage: 6-8 hours.The TV is a great value-for-money product.Installation: The installation was simple and Amazon assisted installation was smooth, timely and hassle-free.Picture: The picture quality is not great when compared with the smoothness of a Sony, LG and Samsung with these kind of specs. Movies and especially hi-res TV series experience was somewhat diluted as most of the times, the output, while in hi-res , wouldn't look like a movie quality which we are used to of watching in the likes of Sony, Samsung LG etc however, with time, you get used to it and only realize the difference when you see the same movie at someone else's better TV.Sound: Sound output is decent. You wouldn't need additional support to enhance the volume as such.Remote: Sleek, sensitive and user-friendly. It's exactly like Amazon's remote.OS: Same as any smart Android TV. Works smoothly without much lags or hiccups. Switching apps from one to another takes a a couple of seconds more than Sony but unless you have used to of those performances, it looks just fine.Standalone and as your first smart TV,  you wouldn't find any reasons to not like the quality and it would like hi-res from the beginning. It is a great value for money product without a doubt.However, if you are considering this as an alternative or second TV after owning the better ones in the past, you will have a hard time adjusting with it.,Picture quality is good for this price, didn’t faced any lag on UI and browsing other apps. Only negative will be audio, definitely need a sound bar if u are a frequent movie watcher. Overall worth for money u spend. But the installation process is just awful, Amazon claiming that a trained professional will visit for installation but neither they are trained nor professionals , just read the installation manuals and installed the wall mount which took 4hours for them to buy the wall mount after charging money. No demo given on Tv as they have no idea about the product, these things making to think twice or thrice to buy a tv through online.,Screen looks amazing but problem is with processor I believe. If 4k content is getting streamed on device then we can observe the green screen flickers(not so often but problem exists), even remote control is not good as it take at least 2 sec to react for the user action.Reason why I believe processor is bad because I do 4k gaming using PS5 and never encountered problem with the screen.,If you buy TV in a small town shop, it will be delivered and installed immediately within couple of hours. When you want to buy a TV from Amazon, you need to wait for it to be delivered for couple of days and it is understandable. The problem is with the installation, they take so much time to install that you end up regretting buying the product. It’s like you are hungry and food is in front of you but you can’t eat. So I ordered my TV on Monday, it got delivered on Friday and it will be installed on Monday because of weekend where as there is no concept of weekend in small towns. If we had the technician details, we could reach out  s get it installed but that also will be shared 4 hours before.Regarding product, it’s good quality and very good for a average user. Heavy duty like games and continuous usage on some store will be challenging, I guess.,This TV gives good results within the budget, should definitely buy if the budget is 30k but most important point like to mention is after sales service and also the installation part.1) The installation guy didn’t arrive at very first day that was scheduled, even after rescheduling he didn’t came for installation purpose. So strictly be aware of this point.2) The TV I got in offer with 3k discount on ICICI card but although the product came out defective, it had dead pixel on the display which is very bad after period of time.3) Even after the fault was from seller as it was defective piece I didn’t got the replacement for the product and it’s totally unfair deal by Amazon and the seller too.Final verdict is the TV quality and feature are good but the service from seller and Amazon that is got was very poor inspite I was prime member. The seller DAWNTECH ELECTRONICS PRIVATE LIMITED gives very poor service and feel bad that in such cases Amazon will not help you. Thankyou,Team,Also to be added TV installation services with product while delivering and unboxing. NO need to other sub-vendor to getting installation and demo. Also dependency on third-party involvement should be less.Bad experience with TV installation stuff.Pls look into this .,Picture quality good. Sound quality  not upto my 3xpectations. Not able to find the real Dolby stereo effect. Remote not upto the mark.4 ⭐ for picture quality, 3⭐ for both sound and remote quality,Good quality picture but it hangs on home screen",Isu Harga
"RWSHFGBE1WU3I,R1VBNTH3HSMVMB,RTATA9H2ELJ81,R1B0APD6HVOT8V,R99TNL1C7XQ5O,R37RT17N8YUWT4,R1WG1ARVL9YH61,R2UFM5PKO62Z5R",5:6c218a69-b37f-472b-850d-2b9772792e4a:1152922604118475062,3.3,Neutral,Negative,-0.1531,"Charging power is very less. It takes hours to charge even a single phone.,Ok type product. Not very sturdy,Although it is written fast charging. However it charges quite slow compared to original chargers, even when one mobile is charged at one time.,When using a regular cable, it takes about 2 hrs for a full charge. When using this cable to the same socket and charger, it showing 10 hrs.,IPhone charger last for two months only,Charging not fast,Slow charging4500amh battery18 watt Charger4 khant full charge,Slow charging speed",Ada kata 'Tapi' (Kontras)
"RVEWH0LAEO3NH,R3E42NTD6HXN1Q,R3IC0VLPIDBPTY,R1F0O9EAQGRSQS,R2B02VD2RPE2SE,RO2E58ZA8YH7E,R10AUMHF2MJRRU,R1BBQYI4QO69ID",5:6c218a69-b37f-472b-850d-2b9772792e4a:1152922604118475064,3.6,Neutral,Positive,0.9612,"Overall replacement of original samsung remote.its compatible easily with my samsung uhd tv.but there is no voice command in the remote.,Works well. Will comment on durability after using it for a few months.,It uses two AA battery.Seems durable.,Product quality of good. But the channel button doesn't work. I did return and replaced the same product, but it's th same result, channel button doesn't work,Good to go with this rather than purchasing a original one from samsung,we have an expensive samsung TV.TV is great but original remote started draining battery and we had to put in new battery every 5 days which was not ideal.replacing with original remote is a costly affair ( 4k ?)this is a good cheap replacement- has all the functionalities except voice (which we rarely use),Everything works fine except number keys which is very important to change channels , what a waste of money had to buy another remote,Like the design",-
"RJ19CW7WCSFUI,R3W3PK017U6SIG,RJB32KHP5D5O3,R3POHJCTG2XX71,R1EKLLUH4KRRS9,R2S00YTPGW362,R24N5IPVE7LGCM,R2ZOR8P02Z5J8F",5:6c218a69-b37f-472b-850d-2b9772792e4a:1152922604118475070,3.7,Neutral,Positive,0.5719,"The button contacts are not very good.,Doesn't look as standard and durable as original product,Purchased from Seller: Smart Place Store;Remote works but low build quality. Not original.,Material is very average,Works as described,Not meet expectations,but O K.,It's a good product.,Parts are likely to break even in case of small fall.",-
"R3MXMT6V18JJ1P,R1BQE9L2M5L12J,R369X3BEG4QPC4,R1ZBU0U8R5KBQD,R1A0NYJ6MOX3U3,R3RYEYCYNV47BZ,R28TZ1RZWX14PP,RNGN2ZRL685Z5",5:6c218a69-b37f-472b-850d-2b9772792e4a:1152922604118475073,3.7,Neutral,Positive,0.8854,"Nice,Works very well with Airtel DTH. The pairing is as same as every Airtel DTH remote. All the buttons works properly.,Nice,Good substitute for original. Nice product,ok,Poor quality! Stopped working in a month,This remote will work only for the new TV and not able to connect even follow all the procedure mentioned on guide.,You need to sync with original tv remote to make volume, power, mute and av buttons work. You can Google the same its very easy.",-
"R2LX1M52C4KNJA,R2BXIXVBJUUUEC,R19EYLO6N0AKLG,R2PGJZAQVR5XQE,R20A9E5E100YPR,RTSX75DFGY3VC,R1WGYKGMT7EHPY,R1ZXKR6UFH5VNW",5:6c218a69-b37f-472b-850d-2b9772792e4a:1152922604118475089,3.9,Neutral,Positive,0.8402,"Packing is good .. they have sent a box for itAlso the quality looks good and decently fast chargingGood product for the price paid,Nice product,nice charging cable for low cost.,Highly recommended,Quite nice cable in this price, charging my iPad smoothly  Go for it,I like the product and resnable precise.,Worth buyinh,Nice",-
"R3MHRRK05RD01A,R14A3U8XTK1D7X,R1F10MFQBXZA8W,RAT511FHTC8Q4,R11FM1DRG1FNOI,R1RZDRQI3RD780,RJS87YIWGG7GF,R2JI1L2FTMA3ZW",5:6c218a69-b37f-472b-850d-2b9772792e4a:1152922604118475091,3.4,Neutral,Positive,0.9425,"Overall experience in this price is good.You can change 5 modes of audio.Play Store not support, but their app store has almost all apps, which we uses on tv like Netflix, Prime, YouTube.We can't adjust brightness of tv.,Im giving this review after 6 moths usage,The sound quality was next level,Picture quality also good...,LED is very good but remote is not correct, given bad remote which is not working.,Remote speaker is not. Why? Give me demo for speaker.,Picture quality best and sound,Storage 4GBRam 512MBNot support google playstore,Good,https://m.media-amazon.com/images/I/711DN0Oa2pL._SY88.jpg",-
"R3AZDEK3MQA3RA,RXF3HCCBWV0VB,R6CVYFDUXBS36,R1QMN1WQJIWAB7,R2MOVGGWRV4ZPE,R2Z00XYFTN4T2Y,R294UWCBOTKD8H,R3NPDCAH895UHB",5:6c218a69-b37f-472b-850d-2b9772792e4a:1152922604118475095,3.6,Neutral,Positive,0.9036,"Was working fine with window 10 old computer but is not installable with new system on Window 11,Overall very good item,Easy to install ok signal,This was used to accesd wifi connectivity for desk top, and TV, worked fine,👍,like,Good product, satisfied with its performance.,It worked on most devices where driver could be installed, even worked with linux system too but for the reason I bought simply didn't get solved with it.. though not returning it as it worked in my computer without any issues.",-
"R32XZQTB1BP0J8,R2NHRHTL743ZMA,R10FKRAEORI9L,REVEDLADDDB1V,R36GKVZB8QEVRH,R2GVIPC51M5OO6,R353OSCK8VF5E3,R30ADKRID5GLDX",5:6c218a69-b37f-472b-850d-2b9772792e4a:1152922604118475098,3.7,Neutral,Positive,0.7933,"Working very nice ok,Sahi paise ke hisab se sahi kam karta hai,So, the WiFi adapter is working well as of now. It has a CD for installation. However, it self installed without the CD. But it showed that installation wasn't complete even though it was and asked for security password once again after restarting the laptop.,Its worth for money,Okay, working.,Good,Valuable produc,Good USB Wi-Fi dongle for home and office works",-
"R1MTTFP4GWHWC8,R2A03DS956BN4T,R21TRTA1VGGCD3,R1UJJ36GMAT8P8,RLLTRV5LUMPGQ,R1A3XYRF4ESBLP,RIOC9B1740DPI,R12CWR7TITHMF8",5:6c218a69-b37f-472b-850d-2b9772792e4a:1152922604118475099,3.8,Neutral,Positive,0.9401,"Not value for money.. not satisfied,Good,Required Replacement but replaced one is Good,Good pairing and connectivity,Got a used remote. As you can see in the pic, the back button is discolored. Since it is working and we are in an urgent need of a remote, not returning. Sharing so that other people stay aware of this.Edit - Requested a replacement and the replaced one looks good.,Almost look like original. Just the brand markings are missing.Works fine with my TV. Good compatibility.All features works fine and as expected.Bcuz of all this, it's a VFM product to me.,Working fine can buy,It is working but expensive. Remote control should be waterproof . Please make it waterproof. I'll pay even 1500.",-
"R168J8VQSY0OH5,R18LTVF8A76SR3,RVRLO0A6SRBIU,R3VH49P53CT04T,RSEQE3YO0NKC0,R3A8QATMFQYP3W,R374YBV58QVZRY,R233DLMRTKEDS4",5:6c218a69-b37f-472b-850d-2b9772792e4a:1152922604118475100,3.7,Neutral,Positive,0.1546,"Product  is nice,Decent charging cable for the price. This does not carry data. Also the retractor is not that great. Within a few uses it stops retracting unless you hold both ends and try to pull. No issues in charging,just received the product, seems good, got a black coloured product, checked all the three types cable head. Durability will be known after the regular use. Seems worth the value.,Good product,This is a useful product ever✅,Every thing ok,Good,क्वालिटी में अच्छा नहीं है पर सही चल रहा है।",-
"R306AVQBBWQ1YE,R2QUKWK9SVJK5Y,R1DC9LG4LVK25,R2AUE6YKA26YXZ,R390FSCLMOWBPU,R2HMOFBLHZ3014,R1U4128PGOJW3J,R1LB6DVEJPMA1Q",5:6c218a69-b37f-472b-850d-2b9772792e4a:1152922604118475113,4.1,Positive,Negative,-0.8288,"It's awesome product. Fast mobile charging cable. I like it.,Good product just wish it was available in black white gets dirty easily.,For a month I had no issues with this, then it started becoming more and more useless. Don't buy it. It looks alright but it is as bad as a local cable. My phone charges slowly, have to disconnect and connect the cables from the ports and reassemble them and still it would reduce the battery. I haven't used a worse cable. Very disappointing and money waste. Also, the packaging was open and not sealed when I recieved it. The seller is a fraud.,Little more grip should be given while plugin out on type-C pin side.so, it can smoothly remove instead of sudden out with little jerk.,first of all it has 'L' shaped port for easy to use while on charge as i'am using it for my car for android auto.over-all its excellent.,https://m.media-amazon.com/images/I/81UCbJvmdmL._SY88.jpg,Realme 6 30W fast charging adapter. Its a slow charging cable vooc not support,Though they call it as fast charging cable, it actually is NOT a fast charging cable.I tried it with my samsung fast charging adapter. Its a slow charging cable, but the look, sturdiness etc are impressive.Planning to return the product.",Ada kata 'Tapi' (Kontras)
"R2OMPDR9UR512Z,R17E6HA16QAPSB,R1WWYE6UETR0U5,RTK0O34YU9CJW,R1TLCKD66VSYHG,RVSKWY5IP3JQB,R3R6UOU1IUUI8Z,RBHGRXXSWSZY0",5:6c218a69-b37f-472b-850d-2b9772792e4a:1152922604118475114,3.6,Neutral,Positive,0.8402,"Sometimes the remote gets disconnected with the device automatically.,Press home button for 10-20 sec, it is working smoothly like the original.,Not value for money,Not working.not even three months,Value for money.,Submitting after almost 10 days of use. Volume button doesn't work from day 1. Rear battery cover is lose and can fall off anytime. Other functions on the remote like Alexa voice commands, menu, home button, scrolls work fine.,Works fine. Wrong instructions..a bit too expensive. Does the job.,I liked It A Alot,Nyc Remote,Just like Original",-
"R1B1J4358749FT,R1BF5SS2AD8WCT,R3M2ZIVIR8KIFB,R4FCBHSKL92PJ,R2XO77R7XKY30O,RS96LTGI8BWQ7,RKYSZQWYQIFBV,R284MA5RVLO6CF",5:6c218a69-b37f-472b-850d-2b9772792e4a:1152922604118475115,3.5,Neutral,Positive,0.6475,"Slow charging, charging speed is not fast,Not happy with this product bcoz this is a highly priced as compared to its quality and the wire is not actually retracted easily. Need to push in byhand.Scrumbles within the case. Not recommended,It doesn't support Apple car play connectivity. Good quality. BUT 👎When winding down the cable most of the times gets entangled.,Usefull,charges, but doesn't support Apple car play,Built in quality of plastic roll could have been better,Useful, 3 types  in one time charging,The device gets tangled easily if you don't reel it in and out with both ends tangential to the housing reel. Otherwise it is a compact and useful device to have in your car.",-
"R15R4BV0MI9SH1,R3L67FMAFHYG6H,R1GR1N3BCB3VVZ,R1E0GBU7BQ6CSV,R28IGDF71QMQZO,R3NFH3J30CCSO9,R3VCM9XQOZO7IX,RD2MZ0Y1MQGF2",5:6c218a69-b37f-472b-850d-2b9772792e4a:1152922604118475116,3.8,Neutral,Positive,0.9557,"i like the made of the product but it doesn't support fast charging  and it dont connect to android auto in car.,Great,Connectors are compatible. Charging power delivery depends on the adapter used. Build quality is good. Suitable lenght.,3 leads working,user friendly for car drives,Doesn't charge proper, tried all possible ways. It is so slow and can support only one device at a time.,Quality, toughness and power supply are giving you the best 👌 👍.,Product is superb, Cable is durable and thick nylon string is used.3 pins are most useful.My 5000 mah mobile battery can charge in 2 hrs fully. Other devices can charge early.While charging no device's are hitting.",-
"R2RC9IQ0X5NHFU,ROE0YIUOFNATH,R1UUDX7FZOB74Y,R3HADV1CIZ9873,R3AD7NBWNZ4BF6,R2SFOHTIKJWFAA,R1NXPLBQC25OFZ,R1SNHI5TU1ORFH",5:6c218a69-b37f-472b-850d-2b9772792e4a:1152922604118475118,3.7,Neutral,Positive,0.6249,"Some buttons not working in first week of purchase. Quality not upto the mark.,https://m.media-amazon.com/images/I/61YEe372yJL._SY88.jpg,Works as expected.,Good product with great compatability with firestick,Liked the utility, build and finish,It's not working moreover not being able to initiate return/refund after so many tries,एक दम मस्त चलरहा है,https://m.media-amazon.com/images/I/61QADVOkXnL._SY88.jpg",-
"R9PTPIYPJWRIL,R8LD3TIJ6NJ6U,R1T72BEQOOS87D,R1WE2LG38IKMZL,R8K3FFKBEQUL8,REYYFWWGQT2H1,R2HU2LG1GPCLZ8,R2FQGWWXRQC54V",5:6c218a69-b37f-472b-850d-2b9772792e4a:1152922604118475122,4.3,Positive,Negative,-0.2621,"Seems OK. Have not tried it with HD quality videos. Value for money.,Very high and in budget hdmi cable by amazon basic,Nice,I bought this for my android tv stick and it works very good with it.Quality of the cable is very good and rich.It doesn't lose the picture and sound quality of TV stick,It is working as expected,I purchased splitter but it didn’t work properly and ordered for hdmi male female wire which helped me to view sources properly,Good. Serves the purpose. Had to buy this as for some weird reason the amazon firestick (bern working for 3 years) is no longer working when connected to my Samsung TVs HDMI port (all 4 ports). Searching in google did not help as this issue seem to be common with Samsung TVs but with no possible solution. So wanted to check if the firestick works in my computer monitor but the HDMI slot in the monitor was unreachable for a direct connection and hence bought this cable. The firestick worked well with monitor. What's even weirder is the firestick works fine when connected to the same Samsung TV using this cable. Problem solved, although no clue how the hell it got fixed :),The quality of this cable is quite good. Been using it for a couple of months now, to connect a laptop or a desktop to a Dell monitor. Picture quality for Full HD works fine along with sound output, not sure about 4K though since I don't have a 4K monitor. Price should be less than Rs. 250 which I paid, should be in the Rs. 100/- to Rs. 150/- considering the quality and other alternative products available in the brick and mortar stores. If you are willing to pay a bit extra then this is just fine.",Isu Harga
"R3HWZS22FT40ZO,R2AEYDZRIEO82E,R8M1T6I3PDMWQ,R2KCCRTIUFD9WT,R2M9YHXLQ6FXFA,R159MVF48WN5LH,R1OZ6VY8C0AKZB,RARR0KXLZMJXS",5:6c218a69-b37f-472b-850d-2b9772792e4a:1152922604118475127,3.9,Neutral,Positive,0.8045,"The 2 in 1 charger is very much useful as there are still people who uses micro usb as well as c,Nice cable 👌🏼  2 in 1 , budget product and durable,Good,I am not satisfied 🙈,Quality of product is good. Fast charging supported. Cannot use with wall chargers as the length is short. Good to use with Powerbank and laptops.,Justifying price,Wire size too small,not woking prodact amazon isuss cebals bad prodactsi i am nit use this prodatcs not retun track pleess pikup prodacts",-
"RLWAYTZH1YOFR,R3IOG04KDBKXTQ,R35LSY4BN61KLY,R2G97CU5VMMLET,R221NM5M3SY0PW,R112AEM8D2X3S7,R3VM7P3773KRV,R3VUA0WWCNQK33",5:6c218a69-b37f-472b-850d-2b9772792e4a:1152922604118475128,4.2,Positive,Negative,-0.6181,"https://m.media-amazon.com/images/I/71SaXlf9TZL._SY88.jpg,Small cable otherwise good,,I like the product.,Quality is good but after a month immediately I lose 9% of battery health so that’s why I stop using it,Not sturdy, cable will break in just weeks,i suggest this product,Nice",Ada kata 'Tapi' (Kontras)
"R17PVKPPX1FJYC,R34PJA3123VAT3,R1AYZQXNSM6U7F,RAWHBOZFQG4DA,R20LZMIZSXKAM8,RK1BO9M1S8VSI,R1XYZODV57P3LI,R12NL8VVWSST6Q",5:6c218a69-b37f-472b-850d-2b9772792e4a:1152922604118475131,3.9,Neutral,Negative,-0.3434,"The remote looks very similar to the original one. Doesn’t need any specific setup and is already tuned to the Sony Bravia LED TV of ours.,Perfectly working,Working fine so far,Best remote in the market. I am using and controlling SONY Smart TV. Easy to use. Working smoothly till date.All functions are working. Best replacement remote in competitive price.,Doesn't perform like an original.,Reasonable product but of not good quality,Like expected all required functions work without any issues. Remote itself is made of high quality plastic, not sure how many years it will last but build quality look and feel sturdy.,It’s working but buttons are not good.",Isu Harga
"RSFPLEMO7DSOR,RG7SBYTNG42XA,ROR2RQZ4G72JO,R12GZJTCB7VJLS,R1ZTKPOECNMEUH,RMHVA60P9USYS,R2OPSVKIKSE44G,R20KWTHWBPSFVT",5:6c218a69-b37f-472b-850d-2b9772792e4a:1152922604118475133,3.2,Neutral,Positive,0.9422,"TV remote is the replica of the original one supplied with TV. The original one served for about one and half year. The remote came without any battery. Performance since last few days is satisfactory. But Amazon has similar remote with lessor price. But can't asses the quality. Alternatively one can operate by downloading the remote from play store in android. But may be little inconvinience to operate.,Working fine but the quality of outer case is low quality. Can be purchase.,The pairing of this remote was little tough and also some times remote is not working after I use the voice Recognition. The buttons are hard to press when compare to the original remote which came with the smart box. So, find a original piece and go for it,Remote is faulty . It looses it's connectivity with the tv atleast 50 times in a day. So I have to pair it 50 times.I want a replacement. Please arrange a call back from the customer service team,,Value for money, sturdy quality, need voice recognition improvement,Must add a note that you must switch on TV manually and then pair,working is good, no issuebut material quality is not up to mark",-
"R2RV2M8NMHN3R6,R39R9NAW42YGZ7,R1P3SC4CEA50V1,R3KY61SBMDJ6HG,R1BGEH7KGHJ9CN,RDTNEEMI8KLO0,RMYMTG7HATYTR,R39FEOFYNQ8VY",5:6c218a69-b37f-472b-850d-2b9772792e4a:1152922604118475135,3.7,Neutral,Negative,-0.3071,"Value of money,Usually  gd,Good Product,Good,Quality is poor and responce is late,This it what you've been looking for I guess,Quality is okk , not bed it all but it's body is not proper tight or fixed.,The product is of poor quality and seems like duplicate. Remote doesn’t work properly.",Pengiriman Lama
"RS38MZA2FG7HF,R16MYN6NAOIILL,R2ZFTAZ2P1OHB1,R1EBMHE2BXR1ZF,R2Z9OI179SYEC3,R1QYUQNHKB4A2N,R1DEIU4ZMKS7RY,R191UM8SYHWUQ1",5:6c218a69-b37f-472b-850d-2b9772792e4a:1152922604118475141,3.4,Neutral,Positive,0.9778,"USB Bluetooth CSR 4.0: (Review Includes Item Included, Specification, Key Features, Speed Test, Testing, NOTE & Result)Ultra-Mini Bluetooth CSR 4.0 USB Dongle Adapter Is a Great Device With So Much Features Providing From CSR Which You Need To Know What They Deliver At The Price Tag. For Good Stability + More Features To Enable You Should Install The Driver Provided By The CSR (CSR 4.0 Harmony Driver) Inside The Package Their Is a CD. Install The Driver From The CD (Recommended) Don't Just Plug & Play The Bluetooth Adapter As In This Case It Will Use Microsoft Generic Drivers Which Has Basic Feature + Not Reliable (Not Recommended) Using The Driver By The Manufacturer (CSR) Will Make The Device More Reliable + Stable + Advanced Features. This USB Bluetooth Is Recommended For Every Buyer Who Are Looking For More Than Just Bluetooth + Advanced Features.Package Items: (Shown In Pic)1. CSR 4.0 USB Dongle (MAIN)2. Driver Mini CD (Install The Driver) [Recommended]3. Cardboard Cover Contain Details (Specification & Features)Specification: (Shown In Pic)1. Bluetooth Version 4.0 Compliant (Backwards Compatible 3.0, 2.1, 2.0, 1.1 & 1.0)2. Supporting Profiles: Networking, Dial-Up, Fax, LAN Access & Headset.3. Operating System: Windows Xp, Vista, 7 / 8 / 10.4. Interface: USB Compliance (Better Plug In USB 2.0 Back Panel Of Motherboard)5. Symbol Rate: 3 Mbps (In My Test 100 Kbps To 150 Kbps Average = 120 Kbps)6. Receiving / Sending Range: 20m - 50m (About To Is 10m)7. Warranty: 3 Month Warranty From The Date Of Purchase.Key Features: (Shown In Pic)1. Bluetooth Low Energy (BLE) Radio USB Dongle.2. Dual - Mode Bluetooth Transfer.3. Low - Power Selectable 1.2 To 3.6 V Input / Output.4. Supporting Bluetooth Voice Data.5. Wlan Coexistence Interface.6. Up To 3 Mbps Data Transfer Rate With Enhanced Data Rate (EDR) Support.7. Plug & Play (Only Recommended When CSR 4.0 Driver Won't Work. Then Plug & Play May Help.About The Product: (Testing & Usage)Gold Plated USB Port Connector + Black Transparency Design With Blue LED Illumination.I Brought This Together With Bluedio T2 Plus Turbine Wireless Bluetooth Headphones with Mic/Micro SD Card Slot/FM Radio (Black),Sahi se kam nhi krta,Well i know it may work without the driver but still if it is written in the description that there is a Driver installation CD then there should be one............anyways you can get the driver online, so i guess it's okay.,Not useful,Good working,I HAD ORDERED BLUETOOTH DONGLE FROM THE SAME SELLER FEW YEARS AGOTHAT TIME IT WAS THE GOOD OLD BLUETOOTH 4.0IF I KNEW HOW VALUABLE AND GOOD BLUETOOTH 4.0 IS I WOULD HAVE ORDERED 2 OR 3NOW THE SELLER  SELLS THE BLUETOOTH 5.0BLUETOOTH 5.0 IS A FAILUREI KNOW THIS BCOZ I HAVE PURCHASED IT LOCALLYBLUETOOTH 5.0 SUCKS AT EVERYTHING1ST IS PAIRINGTHERE IS A PECULIAR PROBLEM WHERE MOBILE PHOES CANT SEARCH BLUETOOTH PC OR DETECT BUT BLUTETOOTH PC CAN DETECT MOBILE PHONESI TRIED BOTH CSR AND IVT BLUESOIEL DRIVERS, IVT BLUE SOIEL DRIVERS WORK MUCH BETTER THAN CSR DRIVERSONLY AFTER PAIRING WILL THE DEVICE WORKBLUETOOTH 5.0 IS MORE POWER HUNGRY THAN 4.0I RUN A PRINTING SHOP, I NEEDED THE BLUETOOTH DEVICE SO THAT IF CUSTOMER DOES NOT HAVE INTERNET, THEY CAN SEND FILES VIA BLUETOOTHTHIS CLEARLY DOES NOT HAPPEN WITH 5.0I DID NOT RETURN THE DEVICE ONLY BCOZ I  DID NOT NOT WISH THE SELLER ANY LOSS AS THIS IS A MANUFACTURER ISSUE.,I don't know why but this is very slow and in every 2 minutes my headphones 🎧 are disconnected and Bluetooth turns off automatically in every 5 minutes , and you will have to manually unplug and plug it again and pair it again.,I want to use this for my neckband with my pc which don't have bluetooth. So i bought it. But when I connect this with pc i was surprised..because of the sound I heard. very poor low quality sound .. maybe because the product I got wasn't same as shown on Amazon.Please spend some extra money for the better one.",-
R38OAD16RVS9D4,5:6c218a69-b37f-472b-850d-2b9772792e4a:1152922604118475142,4.3,Positive,Negative,-0.7926,"tv on off not working, so difficult to battery really a bad product",Sentimen Negatif Umum
"R1IW58DJL28MGC,R217BN4TULUANU,R1AYCAKEY7OB6E,RBZIBERM0VQSN,R2ZY2SYWQPC3U9,RL3T9B6IF35TF,R3OK8B33J8NWV4,R17CVFA9I53GML",5:6c218a69-b37f-472b-850d-2b9772792e4a:1152922604118475143,3.9,Neutral,Positive,0.9998,"This review is for the native FHD projector.Yes, it is a native 1080p led projector. connected this to my desktop computer and tested also. Dont bother trying to play videos from USB. Quality is bad.But when connected to right streaming or display source thru hdmi, it is actually quite good. I mean picture quality, colours, brightness etc for a sub 10k projector. In this department this projector can easily compete with many projectors in sub 15k ranges.Sound is also pretty much okay, loud enough more like boat 5w speakers, may be a bit more louder not good quality wise. Quitr workable as portable solution, but not for a permanent setup.Audio output to my studio headphones are pretty decent quality wise and loud also. Meaning 2.1 speakers can be connected to it, for a higher setup, person has to figure out to seperate the audio at the source itself.From 9ft and 3-4 inches distance of lens to wall, we can get exactly 100 inch(87 inch x 49 inch) projection. So, it can be called as short throw projector, albiet may be border level. There is an option to reduce the screen size upto 75% of original size electronically once connected to HDMI.Keystone correction is not usuable at all. That wheel has to be exatly in middle position to get a good focus on whole screen.That means one has to setup the projector or screen at a fixed location. Can not lilt the projector to move screen up or down and then adjust with keystone correction. I. e if you want to keep the projector screen at lower levels, projector also has to fixed at lower levels only. Best focus can be get, when projecting exactly oppsite to the projector probably 5 to 6 inch above, so if we flip the projector upside down, we get best focus opposite to center a few inches down.For mysetup, where projecting only 1.5 feet above from the floor, going to use a wall mount to setup the projector upside down, this way i can fix the projector a bit more above/behind the sofa. I will post the pics later, once it is setup properly.Now the verdict - this projector with a combination of reflective projector screen( look it up on amazon xelectron or minago brand) is one of most vfm combo for approx 11k for experiencing a very bright 100 inch screen experience of good quality for 1 or 2 person.  But now that im considering buying one of those expensive fixed frame alr projector screens costing upward of 15k to 30k, im thinikg it would have been better if i could have invested a bit more on a brighter projector(look only ANSI value). This buy was more of an impulse purchase, but it is more then good enough for me now to make me consider much costlier projector screens and then later upgrade to a high end projector.Edit: the biggest drawback of this projector is that dust gets inside on lcd panel, which impacts the clarity also after a few days. I had to clean the panel myselg just after 1.5 month.  New lesson learnt, apart from high ansi lumen projector, this is also an important factor for future purchase. Planning to get a custom cloth cover made, so that i dont have to clean it often. Though, Lcd cleaning can be done pretty easily without much opening and its easier compared to youtube videos i have seen for previous model. Somehow lens did not get any dust inside yet. Only the lcd has very very fine dust particles inside.,Quality is good, value for Money. Bluetooth Connectivity is smooth and fast. The sound quality of the Projector is not so great but that we had already considered before. Hotstar App really works nicely with great quality, and so does Youtube. Netflix & Prime video doesn't give the same quality initially, but that must be wifi connection. Some apps however don't get installed, or just close on their own.The good point is the Bluetooth connection, and even we have added a Bluetooth soundbar, so moving it and putting it in any room has become a really good option.,This is indeed a fantastic product in this price range.it is non android so you need to add an amazon fire stick or some other source device through HDMIneedless to say the brightness is pretty good for dark environments and is also watchable during day i.e. if you can cover up your windows and other light sources.Screen spread is Almost up to 120 inch at a throw distance of 13 to 1 feet with the sharpness more or less intact.converts 4K to 1080PWill recommend a tripod mount or a custom made mount like mine.ensure that the walls are white for best image / video reproduction.Definitely recommended at this price point.ConsOnly vertical Keystone correction available,Projector is good so far as it used for last 3 days. May revisit the feedback after a couple of months.,I bought this projector for my classroom and it’s very helpful for their studies. Now students connect themselves more to the world.😊,I feel It's a value for money product as I have already used it for last two months.,If u r looking for a home entertainer projector look no further..... THIS IS IT...!!! BEST IN PRICE, GOOD PICTURE QUALITY, BRIGHTNESS AND A DECENT REMOTE WITH GOOD FUNCTIONALITY... As always premium buyers avoid as these r for normal home with normal needs... Very good for family get together, movie nights and kids will be awe struck at its enormity... I've canceled my dth connection Coz AMAZON PRIME TV STICK WITH THIS PROJECTOR IS ALL I NEED... THAT'S ALL THE TIME I HAVE FOR WATCHING TV AMIDST MY WORK AND THEY DO THE JOB WELL... An entertaining night after a busy day n you will be done satisfied... Any queries ping me I'll help u as much as i can... Don't worry abt specs and other details takeit from a family man,it will satisfy all ur needs,be it surfing, movies or gaming and with fire tv stick mirroring is possible too... Hope it helps...UPDATE AFTER 4 MONTHS - 4HRS/DAY USAGE :The pic uploaded was by noon 1pm with dark screens...HI, THIS WAS A REPLY TO A CUSTOMER TO HELP CHOOSE BETWEEN EGATE I9 N UC 68 & 46,  BUT I THOUGHT IF THIS WAS PUT UP IN UPDATE SECTION A LOT WOULD BENEFIT SO HERE IT GOES...First u need to be clear on ur purpose for this projector like if it's for offic use or home entertainment, also u didn't mention its source like dth or fire tv stick etc... since u have not i'll go with a general review for purposes... IT'S GOING TO BE A VERY DETAILED REVIEW SO GUYS WITH OUT PATIENCE CAN RUN TO THE END AT ONCE...!!!I too had a similar confusion based on competition for egate i9 from uc 68 & 46... Let me tell u what helped me decide...First n foremost egate is an Indian company unlike uc which is a common Chinese product with a namesake brand UC (confirmed it with my friend in China)... Hence service n general trust is more on egate than competition...Secondly, from fellow customers, I've learnt that egate is brighter than the rest two...Thirdly, the images are sharp and there's no blur on text on egate compared to the other two... Just learn to adjust the keystone properly...Fourth, the length of the power cord is longer in egate...Fifth, it's got a lens cover to close the lens when not in use... The others don't have it...Now in general I've not used the other two but the input of data for the other two are from their users, so I'm gonna tell u wat I've done n wat else u can do with egate...I've placed it at a length of 15 feet from the screen n it gives awesome display... Connect a 2.1 /5.1 home speaker system if u r trying for home theatre effect but the inbuilt speaker is good enuf at 2/3 feet projection from the end of ur bed with kids sleeping around...I've connected my SECOND FIRE TV Stick, with it so it connects to Wi-Fi for movies n serials n mirroring is done by it for playing from mobiles n game too like cod n pubg n FF... Also u have connectivity for laptop n pendrive etc...U get a remote which functions well along with it...MOST IMPORTANTLY, U CAN CEILING MOUNT IT OR TRIPOD IT TOO WHICH THE OTHER TWO CANT... BUT remember if u r ceiling mounting it u need to flip the display by 180° in the settings coz u would mountbit upside down as the option is provided under the projector but for tripod it's not necessary...Also u can place the projector behind the screen LIKE AN ACTUAL THEATRE IF U R USING A CLOTH SCREEN LIKE ME N CONSTRAINT OF SPACE, BUT REMEMBER TO FLIP THE IMAGE FROM RIGHT TO LEFT IN SETTINGS AS THE PROJECTOR IS BEHIND THE SCREEN N U NEED TO GET A 90° FLIPPED IMAGE FROM BEHIND...so I guess it's the 3d part that made ur decision murky, wat I would love to say for that is I've a Samsung 3d enabled smart tv n I've seen the output of these kind of cheap 3d devices too, since its a low cost projector 3d effects are going to give u a headache coz of pixelation better to opt for a TV if 3d is a priority, as in TV the 3d effects r awesome... But nowadays u can install an APP IN ANY DEVICE to watch 3d movies or better download a 3d movie in pendrive n play it n watch it with ur 3d glasses... My friends do it but I DON'T...VERDICT : ""BEST PROJECTOR IN MARKET IN MY OPINION FOR THE PRICE AND HOME ENTERTAINMENT PURPOSE""NOTE : FOR AMAZON PRIME N NETFLIX USERS, IF U R USING A 2.1 AUDIO OUTPUT SOMETIMES U MIGHT NOT GET AUDIO SO DONT GET WORRIED N ITS NOTHING WRONG WITH THE PROJECTOR ITS JUST THAT THE LATEST MOVIES ARE MADE WITH DOLBY 5.1 SOUND SO JUST USE THE ON SCREEN SETTING IN THE VIDEO TO NAVIGATE TO SOUND N CHOOSE STEREO FROM THE DEFAULT DOLBY OPTION & VOILA U R DONE...!!!HOPE IT HELPS, PING ME FOR ANY DOUBTS...HIT LIKE, IF MY REVIEW WAS USEFUL...!!!,As per money it's bestBut if you are fan of pictures qualityThink about budget",-
"RX043807PIUYL,R2Y6E9RL4GT9RI,R3I4LP5SLS20FW,RG0TXUBVZEKZD,R3BZ3JNNCQY871,R1GLNKHFKXA0CK,R16MGSPZZXR9Y6,R3H37CXE15EIR1",5:6c218a69-b37f-472b-850d-2b9772792e4a:1152922604118475145,3.9,Neutral,Positive,0.3821,"Remote control is functional well.,All functions are working. Remote is not making any qwerking plastic sounds. Not so solid as original remote. Overall satisfied,There is no mic option and few buttons were messed up,Its better then original even its light weight with softr buttons.,It's oky product, in this price range, it don't have voice serch option,Good,Not bad,Good",-
"R1YMUWEBTRFUJL,R33UQYGSTZZE1L,ROX9I533DCL1L,R2NSO7Q4PUDJGQ,R124UMGYOOTQZ1,R22SJ0GAI8LZDE,R34Q7V1IOZELM0,R60A0C43OOMRA",5:6c218a69-b37f-472b-850d-2b9772792e4a:1152922604118475148,3.9,Neutral,Positive,0.9246,"Good one….,Very good sturdy,I am using this in the car and work fine for far, writing this review after 2 weeks.,This cable charge as well transfer data without even any mfi certified,Very Happy with this one,my cable stopped working in a week.,Worth🌱,This material was good",-
"RMWWVT8FORZQU,R1UFG84I7N9718,RBUHQYPP4PK87,RDELRZF6J9JBU,R2Z87EX8J8LDLZ,R1NQ7H9M8N8EVK,R31KHWPY0W4RI9,R1Q4TKNZ1AO3CT",5:6c218a69-b37f-472b-850d-2b9772792e4a:1152922604118475150,3.9,Neutral,Positive,0.9826,"Compatabile for samsung tvs can buy and use them with out any fear.,It works perfectly like original remote. Maybe the price can be reduced a bit.,Only have 1 week experience, it's working smoothly till now,It works aa expected.... Light weight after putting battery also... Weighs lesser than original Samsung remote.... I'm not sure about durability... But good product and does help for my TV... Since original remote broke,The product and its features are really good and self explaining. Also,  the built quality is good.,The remote is working fine for now but durability not sure as not as the original but does the job.,It is good for Samsung smart tv,nice one",-
"R3U57AW0L6O5C6,R3FCLH5G7XVDU4,R39PNKDT86WK5V,RINNKP59LVQ2F,R2NMOPMWX8DV8,R2ZFSEQ2HU3CY1,RHS9HYJMJGCAN,R1SN2CUL4M8ZMG",5:6c218a69-b37f-472b-850d-2b9772792e4a:1152922604118475157,3.7,Neutral,Positive,0.9552,"Good,Its working is very nice with pc. Easy to install. Connected very well. Plug and play.Link for driver:https://drive.google.com/drive/folders/1ie6u725zeiTcpN5R3zDHBkP70nIRceFv?usp=sharing,Quality is good but internet connection is slow,Easy to use. But we can't use continues ly.... Signal breaks suddenly,I have been  using this WiFi module for more than a couple of months and it works like a charm. It 's easy to use and it connects quick to the computer and don't need to install the drivers.👍👍👍👍👍👍👍👍👍👍👍👍,good to work,Working fine till date,Good Product",-
"R19HSC60H637CV,RAJ9NOUFV1DOY,R3UVDDIPCFBZMK,R1LQLK7CAVMIWT,R122YI86MCVKBA,R2Y4A89LGC1W8,R48118BKXJTKZ,R83MIUSADRAJZ",5:6c218a69-b37f-472b-850d-2b9772792e4a:1152922604118475158,3.3,Neutral,Positive,0.2981,"Thank you so much remote is compatible no about durability.currently it's working,Nice one.working good, voice is not working properly,The volume control buttom is way to hard to operate must be a little smoother....,Not strong,I was doubtful about the purchase looking at all the reviews but the product is great. Firstly you need to understand how to pair the remote properly, search for youtube videos and they will help you a lot.There are reviews specifying the remote did not connect, please note 'YOU NEED TO UNPAIR YOUR BROKEN BLUETOOTH REMOTE FIRST!'I used MI remote app to unpair the remote and then paired the new remote.,I purchased this remote in October 20th but it was not working properly in December with in 2months the product was failed so i recommend do not but this product don't waste your money,Works well with my mi tv. As soon as I switched the tv on, it recognised the remote and paired. No complaints. Too early to comment on the battery life.PS: first time turn on the tv using the power button on the tv.,Draining the batteries in one hour.. And not functioning",-
"R2KTG5VU8MVNEC,R3RN7ISB50U4FU,R2X5AXRM450ZG6,R2GQRTFL155XI7,R1EUIL016YP3DX,R10OJHKOU9XFU1,RYLINO7NGDMUI,RINUCCBLHOP73",5:6c218a69-b37f-472b-850d-2b9772792e4a:1152922604118475159,3.8,Neutral,Positive,0.948,"Works fine with my Sony Bravia TV.,,,Quality of control would have been better,apart from that no issue,Working well, buil quality is okay,It's just like original. It's working very well good quality and Amazon never disappoint me.thank you,Not for good,It looks like original but the build quality is not so good But value for money",-
"RXZP61J92DA6M,RUXK9STZWSV93,R34PAL55K2YM9U,R1LZ27Y25RX1VL,R2C4N2ZWWBBNEY,RKBS5BN6STD7C,R3FDJRYC776MZR,R1DT640UVVDQCJ",5:6c218a69-b37f-472b-850d-2b9772792e4a:1152922604118475164,3.9,Neutral,Positive,0.9606,"When I say Android TV few buyers wouldn't be able to grasp it . It has unofficial build of Android 9 so basically you can install all Android TV apk and apps . For play store you can install aptoide manually and it can install all bunch of TV apps for your afterwards.Since it's unofficial build , you can't have Google app services and Play Store , it won't work at all .Overall happy with thisPicture Quality GreatApps does not lagDoes not hangsNot having heating issueOnly problem is apps and functions aren't organised, you needed to go through all the stuffsThere is a similar TV with official Android 11 , it's better to take that if you need official Build as well as Google Play Store and Services.Overall Happy in budget !!,Wall mount was not found inside the TV pack,Better,Product is good. Picture quality is ok. I bought this product @ 6999 and also get 10% discount, final amount is 6300 at this price product is best.But installation service is not good.Wall mount is inside the box. Installation service man say rs.300 for wall mount and otherwise no installation.,Nice product 😌👍,very happy,Picture quality,Value for money product",-
"R3C1N7WDNPKXMU,R13QZ3G3Z2NKZW,RYCABKJLDMHG2,R2AMKG0A1IR98W,R1GIHFG8L6RSW2,R3I3FTSTI3YBTA,RJTM1AE1IP9JL,R3G3MJTILP63AK",5:6c218a69-b37f-472b-850d-2b9772792e4a:1152922604118475166,3.7,Neutral,Positive,0.9554,"Not as good as the original remote, but does the job. Really happy with this product,Very light,Good one, working as expected.,Good product,Nice product.....👌 value for money,The quality of the buttons is average, but it does the job. Works fine with Vu smart TV.,Perfect fit for VU tv,Ok",-
"R3H60TG402OZD8,R2CJE6HW5IT8NP,R15OCQTCIZTAM2,R189FSK478PCLU,R3CG5XECVMORBQ,RGT4RR0V5DWT3,R20NRWZ90XNLVG,R28JW2A6JPGERW",5:6c218a69-b37f-472b-850d-2b9772792e4a:1152922604118475167,4.1,Positive,Negative,-0.6026,"Good one,Perfect one,I like its built, charging power to my phone is adequate...very good so far,mostly like.*****,Received today duracell charging cable. Depending on customers reviews and duracell brand I purchased this cable. But regret to say that charging speed is very very low.. I charged my tablet and within one and a half hour only 10 percent charged.  Not at all satisfied with the product.,The quality of wire and usb pin is good but it charge mobile little slow than the charger provided with mobile by oppo / real me / samsung.,Was working well but suddenly stopped working within 6 months of purchase.,Best product",Ada kata 'Tapi' (Kontras)
"R2NO4JULWOQQ5N,R1RJ8AHYBK38PD,R3PU1G9HCGIUHP,R15GKRKHWQUWZ2,R39UZTTR3JREOM,R2BQX0C2NBBJEX,R24WP5GTU5ZFG5,R18BPTXYIORQ2D",5:6c218a69-b37f-472b-850d-2b9772792e4a:1155174403932160416,3.9,Neutral,Positive,0.6486,"After 1-2 months , it has become worse and my phone dosent charge or takes too much time like 11 to 12 hours. Sometimes it doesnt even connect to the phone.Dont buy it, dont buy any other cheap cables. Prefer the branded ones, they will be expensive but worth your money and time.,Okay but not supprting 18 w fast charging,Fast charging,i like verymuch,,Charger worked for hardly 20 days after delivery.,Nice Charging Cable for Samsung m30,",-
"R2NO4JULWOQQ5N,R1RJ8AHYBK38PD,R3PU1G9HCGIUHP,R15GKRKHWQUWZ2,R39UZTTR3JREOM,R2BQX0C2NBBJEX,R24WP5GTU5ZFG5,R18BPTXYIORQ2D",5:6c218a69-b37f-472b-850d-2b9772792e4a:1152922604118475168,3.9,Neutral,Positive,0.6486,"After 1-2 months , it has become worse and my phone dosent charge or takes too much time like 11 to 12 hours. Sometimes it doesnt even connect to the phone.Dont buy it, dont buy any other cheap cables. Prefer the branded ones, they will be expensive but worth your money and time.,Okay but not supprting 18 w fast charging,Fast charging,i like verymuch,,Charger worked for hardly 20 days after delivery.,Nice Charging Cable for Samsung m30,",-
"R7CW64V48YJHE,R185CPLU005RPS,R2R70NKW75DZAS,R35JH5KY58ZD3J,R2FP9LR97EC5QQ,R1O1AW1X4YELU8,R2SQF9ZS59MZZ3,R12CEDLFCKZMHZ",5:6c218a69-b37f-472b-850d-2b9772792e4a:1152922604118475172,3.8,Neutral,Positive,0.9684,"Product is good but the length of the wire is short,This product is overpriced,Not proper,very good,I wasn't expecting good quality material science I had ordered set of two. I am really happy to get good material. Hope saitechit team will maintain quality in their products.Thanks to Amazon for shipping it faster.,working good,product was overall good,Theek hi h",-
"RN7RYZ9MBIC42,R2N4UBCVLGVVTW,R2E80AM1QM7WZ3,R2R0FUSHO159UF,R1XLVF86V89I0C,RZUSCY8LR0F4K",5:6c218a69-b37f-472b-850d-2b9772792e4a:1152922604118475173,4.4,Positive,Neutral,-0.0179,"Sometimes its simple solutions that come to rescue than a costly alternate from branded companies.  I had my Sony TV in perfect working condition but remote got worn out (kids handled it smoothly LOL).  When i tried to purchase original remote from Sony, i was either not able to find an exact one or the remote itself is costly.  At that point i thought to take risk with this piece of marvel and it worked like a charm.  Smooth operation and no setup needed.  I highly recommend this product.  Go for it :)25th Nov: Stopped responding to my tv. Not working great with my Sony tv. Not recommended,Useful and good quality roduct,Didn't work at all ..faulty,Don't buy.,Good 👍. . . .. .,Fast response and good quality remote.",-
"R3RLXT74FJNH0M,R2DKEWKEV812QE,RV83FJKABN7I9,R907U5NEBJ1YF,R2AYNKOODU7SLG,R7214V7D90EN3,R3CHENLYCMAW08,R2KP7SQ4MX7F48",5:6c218a69-b37f-472b-850d-2b9772792e4a:1152922604118475178,3.9,Neutral,Positive,0.9206,"2nd purchase review....Purchased on 17 July 2019, dash charge STOPPED WORKING on 15 September 2019... Within 2 MONTHS...BUT.... When I contacted them on the given WhatsApp number, they right away sent me a new cable the very next day....5 stars for keeping the promise and professionalism....------------------First purchase review:Writing after 6 months of usage...Everything happened as expected and written below after purchase... After 5-6 months, Cable stopped PC connectivity.... Then after a month it started showing problems in charging... It used to charge in one position only, and charging used to stop with little movement...Finally had to replace it with new one after 6-7 months....Since the price is now reduced to 300, so I will say good product in this price... Not long lasting... If you want a reliable, long lasting, long length cable , go for original from oneplus showroom....--------------------------(Initial review written just after purchase)Yes, it supports dash charge, and no heating issues... (Using it since 3 days).One NEGATIVE point is short length... It is 1 meter long ... Original cable is 1.5 meters... So it is difficult to use my phone while charging.....Other NEGATIVE point I can figure out is that cable is really hard... In my experience hard cables break more often than soft pliable ones... It is not easy to put a hard cable in my bag without putting strain on it (for daily commute to office)... this makes them to break easily before time.....Hard cables are also not easy to use when the mobile is charging... It puts strain on both the points, the charger side and mobile side, which again makes it vulnerable to cracks...This raises a question on longevity of the cable.....Let's do some calculations.....My original OnePlus cable lasted for 2 years, cost of which at present is Rs.1100.... it was soft, easy to bend and keep in my bag while traveling daily for work.... The Rs.1100 cable online is 1.5 meters long, which makes it easy to work on phone while it is plugged.....Popio cable costs Rs.400 at present (but they show it 999 , which means price may rise) ... So, even if it lasts for 6-8 months, it will be more costly to me than an original cable in 2 years... Popio cable is 1 meter long, against 1.5 meters of original cable... So effective price of popio cable is Rs.500 for 1.5 meter cable...Popio cable is 1 meters long against 1.5 meters of original cable... Which makes it not easy to use the phone while it is charging.... Using a short cable while charging puts strain on the cable and phone's charging port, which is damaging for both, and also decreases life of both the cable and charging port.....They say you have to consider cost while writing review... But you should also consider cost on long run, not just the immediate cost.... ..So, if u are thinking of changing your phone in coming future and don't want to spend too much on cable, Popio is the best option available....But, if you are looking for a long term solution, and you can afford to buy Rs.1100 cable, I will suggest to go for the original one.... It has more length, it is soft, and it lasts longer with moderate use...,I ordered this cable for 330/- in the sale yesterday. When i plugged in the cable it wasn't charging Rapidly on my OnePlus. But then immediately i booked for a replacement cable which arrived this morning and i plugged it in and voila! ""Charging Rapidly "" Thankful,2nd purchase review....Purchased on 17 July 2019, dash charge STOPPED WORKING on 15 September 2019... Within 2 MONTHS...BUT.... When I contacted them on the given  WhatsApp number, they right away sent me a new cable the very next day....5 stars for keeping the promise and professionalism....------------------First purchase review:Writing after 6 months of usage...Everything happened as expected and written below after purchase... After 5-6 months, Cable stopped PC connectivity.... Then after a month it started showing problems in charging... It used to charge in one position only, and charging used to stop with little movement...Finally had to replace it with new one after 6-7 months....Since the price is now reduced to 300, so I will say good product in this price... Not long lasting... If you want a reliable, long lasting, long length cable , go for original from oneplus showroom....--------------------------(Initial review written just after purchase)Yes, it supports dash charge, and no heating issues... (Using it since 3 days).One NEGATIVE point is short length... It is 1 meter long ... Original cable is 1.5 meters... So it is difficult to use my phone while charging.....Other NEGATIVE point I can figure out is that cable is really hard... In my experience hard cables break more often than soft pliable ones... It is not easy to put a hard cable in my bag without putting strain on it (for daily commute to office)... this makes them to break easily before time.....Hard cables are also not easy to use when the mobile is charging... It puts strain on both the points, the charger side and mobile side, which again makes it vulnerable to cracks... This raises a question on longevity of the cable.....Let's do some calculations.....My original OnePlus cable lasted for 2 years, cost of which at present is Rs.1100.... it was soft, easy to bend and keep in my bag while traveling daily for work.... The Rs.1100 cable online is 1.5 meters long, which makes it easy to work on phone while it is plugged.....Popio cable costs Rs.400 at present (but they show it 999 , which means price may rise) ... So, even if it lasts for 6-8 months, it will be more costly to me than an original cable in 2 years... Popio cable is 1 meter long, against 1.5 meters of original cable... So effective price of popio cable is Rs.500 for 1.5 meter cable...Popio cable is 1 meters long against 1.5 meters of original cable... Which makes it not easy to use the phone while it is charging.... Using a short cable while charging puts strain on the cable and phone's charging port, which is damaging for both, and also decreases life of both the cable and charging port.....They say you have to consider cost while writing review... But you should also consider cost on long run, not just the immediate cost.... ..So, if u are thinking of changing your phone in coming future and don't want to spend too much on cable, Popio is the best option available....But, if you are looking for a long term solution, and you can afford to buy Rs.1100 cable, I will suggest to go for the original one.... It has more length, it is soft, and it lasts longer with moderate use....,Product is nice,It's worth buying and quality is great,The product does not support the fast charging for oneplus 7t,The quality of the wire is great. The charging speed is good and the transfer rate is somewhat less compared to original OnePlus Cable,Good quality, long lasting",-
"RJ4G2WPEDZFK9,R26UEGFQE0CAHX,RS9X8J9FRZLXD,R3LX92PW7T1NM4,RE584E1HHMEB6,RKHB971WSLXO5,R2DQH059GA5LFM,R35JVF8Z4K6TFP",5:6c218a69-b37f-472b-850d-2b9772792e4a:1152922604118475179,3.7,Neutral,Positive,0.9755,"Good product,The wire worked fine for 1.5 months then started problems. for a few days, I could not understand why my phone did not charge whole the night and then i realized, the cables automatically stops working and starts on their own wish, when checked came to know the product had only one month's warranty,This is so good. Charging quality is amazing. Durability is also good. Worth buying,Good product,I am extremely happy with the charger. It is working fine.,It’s not a fast charger, infact the charging works only one side. Doesn’t work as a data cable as wel. Wouldn’t recommend if someone is looking for data + charging. One time usage product.,Liked the product alot. Value for money,Good Product",-
"R23VU14H85GINN,RD8Y8FJWLK3XY,RU5K3FZ0CXHM7,R17Q98YONHJWHJ,R3TFFDWEHT3NTP,R2OSACKU5SYG47,RWWWFTZ9CN3TK,R10A14SK3WPO23",5:6c218a69-b37f-472b-850d-2b9772792e4a:1152922604118475180,3.6,Neutral,Positive,0.9421,"The remote is exact like the original one. But its not a Universal remote. However, for a given price its value for money, works well.,Tata Sky remote for Rs. 140 (incl. taxes & free delivery) is worth money spent. It is not original but working fine. What more you expect at this lowest cost and promptest delivery.,Qulaity is not very good but ok as per price,Looks different from my original remote but working fine as of now,Order placed for 2 remote controls and received only 1,Good product but please ship with batteries.,Not as expected,It's good",-
"R1NJ3CZKH3NT4T,R2OBDZG9GNKOYX,RHU5ZL65TEJAD,RY1WB55L5EA2V,RQ93EWXEO7QN8,R3CDY2Z4FRV14A,RZ5IVVOT5LORO,R3OMWY6WL6XFF1",5:6c218a69-b37f-472b-850d-2b9772792e4a:1152922604118475182,3.5,Neutral,Positive,0.3376,"Value for money,The remote is compatible with our Tata sky box and does the job,It didn't last for more than 15 days and has stopped working. Absolutely waste of money. Please don't go for this product,Ok types for the value,Waste product,  don't sale other waste of money,It is good, works well with my Tatasky. Re durable, will come to know later. So far good,I've ordered this remote without knowing that it is not returnable.It do not work with the TV and not even with the Set Top Box. It asks for another remote (original) in order to catch signal and configure, in what world I would buy this nonsense if I do have the original remotes working.Instead Ordered the remote with Tata Sky which will work with Set Top box and TV,It works",-
"R1H0YNK5FI6IM9,RRVOLO108F914,R18D45T6ZYK9SS,R9IGOHDBCYFME,R5MA8UQ3PF9SN,RXY4DQWAVYWF6,R3M7PQLBYULEGY,R3PI3E0VLZY2C3",5:6c218a69-b37f-472b-850d-2b9772792e4a:1152922604118475184,3.8,Neutral,Positive,0.6486,"The remote works well and is pleasantly compatible with the system.,It's a good Remote. All the functions are working for tatasky,Nice quality,The back cover was loose and fragile.,👌,Good,मैंने tata play का remote मंगवाया था. पर वो काम नहीं कर रहा था. फिर रिटर्न के लिए apply किया. आज 19 दिन हो गए ना ही remote मिला और ना ही refund.,Very prompt replacement of the defective Remote for TV",-
"R1CENZ33411CCP,R1GSPMTXEMBLHP,RNICXWCGHEGNR,RXG29ZHDAZJ1Q,RO5SV6PIRUVQH,R2OCF75VV6W3GT,R1LCV30N6RKEEM,R1GQGOJ2RHOS26",5:6c218a69-b37f-472b-850d-2b9772792e4a:1152922604118475185,3.8,Neutral,Positive,0.5574,"Nice product,Nice product,Ok good,,Good,अच्छा,Only for home drama and cinema experienceGood to buy in this price rangeReview after two months its working fine without any issues,",-
"R2BSJW1NHF0ZF2,R3CAZGSJ16RU2X,R222GCN4UA2IL5,R29YB9SHNRANAH,R1CLB7L1MCFLZ5,R1JYZM5JZE1ZCZ,R2VODN64HRU6XL,R15PFT9ZSOZ1T5",5:6c218a69-b37f-472b-850d-2b9772792e4a:1152922604118475189,3.9,Neutral,Positive,0.7644,"This is bed product low quality material use,I bought it during travel works perfect,This is my second cable and it is good and alternative to Apple ones but need to check the durability down the lane,Extremely happy with Quality and Sturdy,Good one! No more changing of cables every year or soo.,As I need for apple carplay support this is perfect with no lag. Anyone who has usb type A port in car needs this one to run apple CarPlay seemlessly.,Extremely durable and efficient for car,Charging is very slow it takes more than 3 hours for full charge, also the battery capacity is getting decreased from 93% to 90% & that's bad 😑 used it for a week but it was performing the same",-
"R1SGO9WPFCHYNN,R1RRH5FRHDD5BO,RFXQZHQJTAHZ0,R3EVQJSY23T8P1,R22WRBGK72Y12Z,R1BJGSXI1QZJ1E,RY57UJXJ6PFU9,RLGRM2EQJBC20",5:6c218a69-b37f-472b-850d-2b9772792e4a:1152922604118475190,3.8,Neutral,Positive,0.8334,"Durable but little slow,Buy at 300+ rsLocal market we can get it 150-200/-Functionality and durability ok, but price point is bit high..,Poor quality.battery drains fast,TV on off button defective,The remote is working fine. I want to reset the Airtel remote. How do I do it?,Working,Review after i raise Complaint to Customer care: They really took it on priority and resent the new product. Its really working fine as of now.Waste of buying it. Most of the keys stopped working within a month. And not even 2 months whole remote is not working.,Awesome product works very well",-
"R2CR72CAK85YA7,R1J7T1CF1601BH,R3IGDXE5UAOW8I,R13C8HGBSHKCE1,R2Y7FN8MCS4PT,R3ERLO7QTMAD3L,R3IEBGTGGSPM9N,R37YEXEGR87GSQ",5:6c218a69-b37f-472b-850d-2b9772792e4a:1152922604118475191,4.1,Positive,Neutral,-0.0161,"I'm using it for Dell 22-inch monitor and I found it difficult to fit, hence I had to visit the fabrication shop to smoothen the corners else it is really good,,Good,Quality of the product is good. But it didn't clearly suit the Samsung monitor I have. I had to remove a specific part behind the monitor and adjusted this wall mount. Till now no issue.,Product is good. I am using Benq ex2780q monitor. Holds well enough but there are only 2 places to screw it in. This makes you doubt sometimes weather this can hold up the weight of the monitor. I have been using it for the past 2 months and haven't faced any issue.Another problem with this montioe is the rubber that is used for rotating the montioe is cheap and gets broken initially only. But replaced with proper nuts and this worked fine for meFinal verdict: good monitor wall mount easily taking 5kg of weight on it.Could have been better if the rubber material and count of screw holes in the wall mount be more,Great product at reasonable rate. Very easy to install. Very sturdy product. Never feel like monitor will fall down.👍🏻,Self install a bit difficult. The plate connecting to monitor could have been removable and drop in clamp . This would make fixing a breeze,It's doing the job well. My 27"" monitor is holding it firmly on the wall.",-
"R344C7U6JUIR8M,R1H13BW2E325NO,R1LB6DCH3CVZ4M,R1CZD6C0CHJ2A9,R1Z01G5G30GIQ3,R1VMGF3IL5KE9D,RT44HXN50X2AN,R3E4TI9911D1M6",5:6c218a69-b37f-472b-850d-2b9772792e4a:1152922604118475194,3.7,Neutral,Positive,0.362,"Cheap price.... Looks good..... Value for money....,Product is not strong , assembled pets are loose and not fixed firmly . Works fine with Samsung . Have to wait and see it’s durability,You can buy it, nice,Can buy,very good suitable for my samsung tv,Plastic quality not good,True to its name, it works absolutely fine with the Samsung led.Just the Netflix and prime buttons aren't there bt great to use otherwise,Plastic quality is not good",-
"RDCJBFGUBZWFJ,R3F0Y39XWNLO8Z,R38S8FL4YF9JD0,R1MCQ2MLQ7C4DU,RMVTEJJSA64Y1,R35XHV3UC3PEXZ,R2MQ9H1NKP4BDO,R2HOVLX6WT4I6J",5:6c218a69-b37f-472b-850d-2b9772792e4a:1152922604118475202,3.5,Neutral,Positive,0.7003,"Good compatible product,Like,Remote is working nicely just the up button and down button is working a little slow else is fine,This button is very soft,Originality. Used as remote control,The buttons are very hard,Best Remote u can get👍👍,No syncing needed, just put batteries in and use it",-
"R16NWYD2LYHNFJ,R2Y32IVRENIANJ,R3BBJ9AXA1ZOSC,RD5EMW1UBYKX6,R3NFOY58N9GMK5,RLWBE1NALLDFQ,R3IO7HFD3TGRO1,R4NCD2RDWQWZ0",5:6c218a69-b37f-472b-850d-2b9772792e4a:1152922604118475204,3.4,Neutral,Positive,0.558,"Just got delivered, there’s lag in remote, it takes like 2-3 secs after pressing the remote key.Like I said, when you can’t find the original remote to buy this can be handy.,No voice communication,It is acceptable for the price ( INR 399 )  , works as intended , however buttons require additional force as it's hard.,The best thing about the remote is , obviously, that it worked. No problems, just put in the batteries(which, honestly, should have been included) and it worked. The flip side is that the fit and finish is atrocious. It's so badly finished, that when i first saw it i thought it was a fake..it couldn't possibly be real..but..for the price, and the function, it was perfect.,Not good, because far not remote TV.Near TV only,voice recognition is not available with this remote control so i return the item rest item is good for rest of the things.,Good Remote IR CENSOR AND GOOD BUY. Instead of buying Bluetooth one you can buy this one with affordable price.,ok for emergency , keys are hard and might not work after 6 months but is compatile with tcl android 32 inch tv",-
"R2LH0W21RI2HB3,R2NTYGKM6R1PXH,R2TR5PF6IUMOXH,R3MX15QTIQ0BXG,ROKY7UXCNAYLZ,R3JWZ3QRTVLQ14,R7MVBDVHW7FGJ,R1BGEUL7PDFQ3",5:6c218a69-b37f-472b-850d-2b9772792e4a:1152922604118475210,3.8,Neutral,Positive,0.8883,"Ok with that price but has issues with power button and no voice support,Good,Good,Mic is not working,Voice not working. You can't enable voice assistant in this remote.,Quality is average, the buttons are not smooth and the range is not good. But overall it is functioning,Very nice,Using it for 3 days now, after my original remote conked off after 14 months and VU quoted Rs 2000 for a new remote.In this remote  except for the voice control everything works perfectly. Can’t comment on durability in 3 days but as of now I am happy with this purchase.",-
"R1TBHUMR0RV7AZ,R2BN9ZX0H3ZQV2,R2PMUD745GQT3E,RR9I6SN1YILLK,R307WJGWC40TMF,RNVPA6MFR64PA,RL9O5LBT420FW,R1JEUHJMZ3O6MW",5:6c218a69-b37f-472b-850d-2b9772792e4a:1152922604118475211,3.9,Neutral,Positive,0.9393,"Excellent product,It's just a day old now. Look wise, it's good, sturdy and durable china product. It says 60w capable, don't know how to measure it but works good with my 25wats brick.,The charging cable stopped working within 2 weeks. I opted for a basic and cheaper charging cable but all the money went in waste. Now I will have to buy another good quality cable,Build Quality best in market and the cable provides a fast charging with 25 W charger too,Very slow charging , didn’t expect from Croma,Durable and fast,I couldn't connect it to Samsung mobile,Fast charge",-
"R3FAPESPH3491Y,R1OD5NFQAXPGR0,RJ4G42V45QKKS,R2IZ8HZT8AOA4W,R2WDDYGKMU51DE,R12WIEV98SWMNB,R2WXBH0GEG4H1Q,R3VORTRB8TWN89",5:6c218a69-b37f-472b-850d-2b9772792e4a:1152922604118475213,3.6,Neutral,Positive,0.984,"The remote is so far good and works smoothly with a slight click. No need to press too hard, just a soft click required without any effort. It should be better if there would be Netflix, Prime, and YouTube buttons but at this price range it seems fine with me. It connects through infrared rays rather than Bluetooth but works absolutely fine. This  remote is for Mi 4A 43, 32 and other similar Mi models. If your Mi tv doesn't have Bluetooth then this remote is perfect for you at this price.,Make sure you put in fresh brand new batteries..,Best quality give me remote,https://m.media-amazon.com/images/I/61tCj98QIdL._SY88.jpg,Product is good is cheap but at the same time usefull. Must buy,Faster delivery … product quality is very good Thanks 😊💯,Nice product,It works only when you are one feet away from TV. Doesn't serve the purpose.in one word it do not know the meaning of word remote",-
"RW9LHUMO78TE2,R2OXFV06J64YNH,R1U3JI1Q9O92SE,R2XM48FX5POEKX,RP9JIO6DPGAL,R2F1YTVX9WS0TS,R2TIBHRS9UKUU1,R2P3JI1EJ9IXM3",5:6c218a69-b37f-472b-850d-2b9772792e4a:1152922604118475214,3.7,Neutral,Negative,-0.3352,"Good as,Good,Bought us a backup remote for Vu Premium smart TV. It is fully compatible. The remote does not have microphone, so Google Assistant do not work.,The keys are of rubber..  not like the original one... But not bad,Plz don't buy, very poor quality & within a month buttons not working properly....,Working fine as expected,Buttons are not working properly !! Only 40% works rest are just part of design instead go for a original one !!,Buttons are so hard to press",Ada kata 'Tapi' (Kontras)
"R27SWYIOUU9JGH,R3CV6G8SG8GVG0,R3FH44SD2VCUCM,R24U6J35ZGRJVD,RXSYAGW0AG5GO,RNRX90QGDJCVW,R25VGDOTPHFDDQ,R3AUZEPO4WZLD3",5:6c218a69-b37f-472b-850d-2b9772792e4a:1152922604118475216,3.6,Neutral,Negative,-0.4109,"Nice product,Okay product at Cheap price. But very high delivery charges even for prime customers. Quality is not great (cheap plastic) but does its purpose.,Worth for money.. but it's light weight so only for setop box stabilizers other over weights can't carry,but you cannot put big remote in its pocket,Nice product,Value for money,super product s,It was sent without screws. Disappointed abt that. But overall sturdy. Will update. Screw size shown in image.",Isu Harga
"R1S2PH1JD9B9XB,R3UUKCS12Q0B9X,R16YH8SVJU5W61,R32XCAYQRNE0Q3,R1FQD9T17LXHLF,R17H2I7PYTIEIA,RWEPEYF95XCK9,R14CFFXT17UAJI",5:6c218a69-b37f-472b-850d-2b9772792e4a:1152922604118475220,3.0,Neutral,Negative,-0.5267,"The mouse feature of the remote is not working,Remote control with push button seems to be ok but no voice recognition and no ray pointer as in the original LG product..would like a refund for misrepresentation on the website..you have amended the description after my complaint.,Best product,Number buttons are not working,Defective product, it is not working with the tv,Dislike the product as it doesn’t have pointer option,Not working properly,Best option to buy since it's hard to get replacement of OLED tv remote....",Barang Rusak
"R1PBLR66RA2JLZ,R2Q6NGR94WBB6N,R2DIHIFERXYMB,R3C50JNQ3ZC6R9",5:6c218a69-b37f-472b-850d-2b9772792e4a:1152922604118475221,4.5,Positive,Negative,-0.9808,"Everything is great. I love this.,Very good and working very nice,First of all, thanks to Amazon for listing it as a returnable item and at an effective cost of less than 3k.Coming to the device itself, the reason for purchasing it is to experience Google TV. On that account, the interface is more useful than the standard Android TV one in terms of discovery, but the listed content is not that relevant.However, it is Realme that lets the user down. The device was bug ridden from the beginning and they basically abandoned the device in 6 months, with the last software update in Feb 2022, still riddled with bugs and never to see Google TV 12.The stick heats up enough to scald you if you touch it and it stutters like crazy after usage of over a day, in part due to the lackluster A35 ARM cores which is lacking in performance compared to A53 cores present in sticks from over 7 years ago, and also due to poor RAM management.Only reason to get it would be for the price, if it is less than 3k, but be prepared to suffer through a laggy interface and the known issues of the remote failing within a few months. Still males more sense to get a Fire TV stick which is more refined and receives more updates, although the interface is a love or hate it one.For the Google TV experience, it is better to go with Google TV with Chrome cast but that costs a bomb in India, for what it offers.,Got ( used ) product.It was trapped and also proformance is twice degrade to fire stick also not sucking wifi well as computer to Fire Stick",Isu Harga
"R3ELQTJOXZNXTV,R3GJXEPLJKBJL5,R2U3H4FR5RI757,R2XK6I1NM00NTD,R7YRJ5LC06RF1,R39R4HSMGQW4PR,R1W4Z589RU74EY,RUKK2PZV0ZTGD",5:6c218a69-b37f-472b-850d-2b9772792e4a:1152922604118475222,4.2,Positive,Negative,-0.4525,"Quality issue..,Good,Cable length is ok , quality is not good . In this price it is ok,Very good & quality product. Reasonable price alsoYour cable easy to replace.,Best quality,Good product but thickness of cable is less,It is very good product.Thank you amazon,Super product",Isu Harga
"R1IFSFNW29TL7R,R92FUN7UWEVOW,R3S0IIYYQMXKF,RP412MHJT3TXO,R25XRX2PFVSE01,R2DAUOO2F29H20,R3477DOFU8L9AH,R344OTWVD49JUP",5:6c218a69-b37f-472b-850d-2b9772792e4a:1152922604118475225,3.8,Neutral,Positive,0.9125,"Everything is fine but sound quality should be little bit more enhanced. After viewing the price it is also good,Awesome product,FM Radio antenna isn't strong enough, rest features are value for money,Tower Speakers are big but the size of this is not big . Sounds r good . I recommend if the size was big then the sounds will better .,Product is good,,Best,Awesome speaker quality, tooo loud speaker with clean and clear clarity, FM needs to tuned but in this price no one will provide this quality of speakers. Single speaker Beat entire home theatre or surround system.",-
"R1P2VLNHZAHSCU,R28B2GC0X0RMKW,RQ2S0N0NGDQVY,R19KN24ZE86FRJ,R2R1RIQO9D9HNF",5:6c218a69-b37f-472b-850d-2b9772792e4a:1152922604118475229,3.3,Neutral,Negative,-0.7479,"Ok,Very disappointedRange is not good it doesn't catch from a little far and it doesn't support Bluetooth and untill and unless it is not connected to set top box via bluetooth voice search will not work.Also yo can't return you can only replace it.😡,Very bad product never connect only,https://m.media-amazon.com/images/W/WEBP_402378-T1/images/I/819V40EpT2L._SY88.jpg,No bluetooth",Sentimen Negatif Umum
"RR7JLC3VD2TBS,R3PG7SPU02XR6Z,R382LEGRZSS0UN,R1TFXCJ8YR6S8Z,R37IX8UNUF7V26,R188MKEOB6CXNH,R1WY278AMA2M2L,R1B9BGU3D96MM1",5:6c218a69-b37f-472b-850d-2b9772792e4a:1152922604118475230,3.8,Neutral,Positive,0.4939,",Please don't buy this product.Cable stopped working after 10 days automatically,value for money,Very nice product and cheap compare to other,using for a month now,,https://m.media-amazon.com/images/I/711x3nzWzLL._SY88.jpg,Bad quality product as it charging in 36 hours within 10bdays of usage.,",-
"R3UKHBPPXQOJ7Q,R1P646TWS98DH3,R2FXWK6LTYKG4J,R3QV31R1SXLLW8,R3FJ8OR7KJB5ZP,R1665NO7B2DXWD,R1WFNBBN36KYRH,R1LTO3BLRTV1QR",5:6c218a69-b37f-472b-850d-2b9772792e4a:1152922604118475231,3.7,Neutral,Positive,0.8874,"Value for Money and works flawlessly on Xiaomi Television,This is a little costlier than the original product, there are some improvements in the design from the original one, and works almost good. Could be much better.,The battery cover wasnt fitting well in the new product itself. It stopped working after a month of use.,Value for money,But not get feel of original remote control with tv what we get . But it's working fine with my MI 55 "" smart tv,First delivery remote control wasn't working.After replacement request received new RC, but  within 8 days volume buttons stopped working.Pathetic experience.How will Amazon compensate this ??,Nice,Good",-
"R3OI9NIP86EJMK,R19REKQNB6DHVK,RN8PZREKYVUCU,R7H07OI7LETQC,RFNCQH476BUID,RBRBI3TZWFXW7,R2ZR75W02IPC5C,RPUDZMSMR65WV",5:6c218a69-b37f-472b-850d-2b9772792e4a:1152922604118475233,3.9,Neutral,Positive,0.6486,"Go for it without any hesitation,Even after selecting a branded product(Lenovo), I got this cable which only works with Samsung devices but doesn’t work with LG devices. Poor compatibility.,Nice experiance,,Files transfer okSuper fast charging cable goodMeets my expectation.,Very great Quality,Just purchased and using. Charging ok. Future, I can't say.,Good",-
RUB7U91HVZ30,5:6c218a69-b37f-472b-850d-2b9772792e4a:1152922604118475234,3.0,Neutral,Positive,0.743,"I have a pd supported car charger and I bought solimo cables previously which work perfectly fine but this one doesn't trigger full 3A fast charging unlike solimo usb a to usb c, which is strange because this is supposed to be a 65W charger with 4A fast charging support.Anyways it's a good built product and works but not as expected. It might be compatible with your chargers but I tested 2 different car chargers and both didn't go full speed.",-
"R1T3IMKX5I23BL,R2ACT45S9ER36B,R3JVGT39A4NCLG,R2ZS039FIJFE2X,RUE1VX5KVXKYM,RJUMN5TQXB046,RKB470J0YGFZS,R30Z26FC4CVOIK",5:6c218a69-b37f-472b-850d-2b9772792e4a:1152922604118475235,3.5,Neutral,Positive,0.8922,"It is just ok,The fist time I bought it lasted about 6 months. The second time, barely a week. Spent a little more money but went back to the original from Tata Sky. Not really going to buy this again,Good product,i like it for prompt delivery plus super touch operating t.v.,It's working as expected.,satisfactory,Weak of body,We received damaged product...there is a crack in front of the remote.....pls check n make sure this should not be repeat again...",-
"RDLKA670FVMKY,RZZB1IDY3USBP,R30B6VRIVHWOIP,R31A5RDIAY3O0R,R26RJ6WBBMVVXJ,R1PZ0SMCXPJO9C,R3QLX0DTF1C3J7,R23GQW7DPSVOA0",5:6c218a69-b37f-472b-850d-2b9772792e4a:1152922604118475237,4.3,Positive,Negative,-0.6542,"Good and easy to use but product life is hell short. It means you have to buy it within next six months.,Good,Better,Quality is good and working as expected.,,Decent replacement cable for my aging external hdd. Works at usb 3.0 speeds,Worst cable. Not working even after replacement. Dont buy guys Manufactured in China.,The USB cable was useless. After logging in this cable, I was not able to transfer data from one laptop too another.",Ada kata 'Tapi' (Kontras)
"R20Y7L8T8S0B2V,R19O1AZBIG1F5P,R1HA5IN5GZZEKJ,R3BGLBQWLQUBW0,R2GKH9JNW12AKY,RKEC16QEHA2WT,R1A9NXDM3RASAL,R25TUXKCEEATJ0",5:6c218a69-b37f-472b-850d-2b9772792e4a:1152922604118475238,3.8,Neutral,Negative,-0.5404,",Product is Good as per the price but customer support team is very bad, asking for money for installation and the most important thing that customer service team have not good manner/behaviour to handle the customer...1 star for them, if possible then start should be in minuse for them.,It's ok,Everything is ok,I have used Kodak 32"" led tv since last 3 year and running well so i want to purchasesame tv again (same model number) but when new tv received i notice that outer body is not so durable and have no volume or menu switch in new one!! (Old one habe 6 keys on right side panel) only have one on off switch.. Others in remote only!!Now lets see how many years it runs... +Point is it has optical port (thomsan and kodak both mfg by simtronic india ltd),Picture and sound quality is very good. Allover nice product. Vallu for money.,Very nice,VGA port is not present, display quality is not good.",Isu Harga
"R39CZQR3ZPJ0Q7,R1XRT2636AEQEO,R2BSV4B70RKKC8,R2JBI9XCV1RU9E,RC0ZKG91JP10X,RAO17F0JUKD13,R1YWFT51T2HFXX,R2GVGI7SXLDIW9",5:6c218a69-b37f-472b-850d-2b9772792e4a:1152922604118475239,3.3,Neutral,Positive,0.9107,"I bought this remote as My original remote of Fire tv 4k stopped working. This remote works OK OK. so when it works it is interesting,I get the right bottom popup note from Fire TV that the battery is too low in the remote even if the batteries are new.If you are in urge to go to specific show and play it, sudden it stopps responding to the remote. and all of a sudden your thumbnails keeps scrolling without you doing anything. so the response is in accurate some times.When it is working alright some times, it goes well without any issues. So don't know what to say. If you want to put 2k extra and buy the original , i suggest you do that. if you are running short on money and not feeling to put that amount for original and you can adjust with the above mentioned issues. then you are good to go with this one. All the best on your buy guys. Cheers!,You've to press too hard,Not as responsive as the previous one. Need to press harder.No real problems though.,nice product,Thankfully got this to replace firesticks remote which malfunctioned very soon.this option is best fit at best cost .Voice control as well works well,Not an original remote. Cheap copy. Working at the moment but can breakdown any moment.,Never buy separate remote, it is useless,don't buy this product battery drain problem",-
"R1T3FLH3DTF6HS,R2AHAAVTJIDTY,R1N42PBKDI68TK,RR91VSJ4DDBZ6,R1TPXU0SVYZPZK,R3O12UIKHXRVOG,R2QA83CPNE21C8,RY7XGBVY0116M",5:6c218a69-b37f-472b-850d-2b9772792e4a:1152922604118475245,3.9,Neutral,Positive,0.9611,"Its very strong remote! I ordered 2 other remotes earlier which were very delicate. This one is working perfect and having good durability!,Good,It is value for money,quality average,but serves the purpose,The remote is not of a great quality though it does its work. Sometimes it gets stuck and we need to wait for few seconds before the buttons work. The buttons are hard hence it’s not comfortable.,Simple remote to replace original Sony Bravia TV remote. Does the job Brilliantly. lives up to product promise,Did not work with my LED TV model KDL 46EX520Want to return,It's suits perfectly to Sony Bravia 4K,Led ke liyen full use this remote information book nahi mili iske sath",-
"R1HIYUVKS08YJP,RBC057ZTXOL5Y,R24VKY63J20SM0,R16UAQV9SOCSE,R23HQTXGR1DOIL,RZFMNMJ8EIG87,R2VYVQSV2YFY0T,R2SW6YDVZ9T4O8",5:6c218a69-b37f-472b-850d-2b9772792e4a:1152922604118475248,3.7,Neutral,Positive,0.1007,"Amazing,बहुत ही सुन्दर है,Received damaged product,Good quality product,I liked the product for its charging and value for money. It charges quickly.Easy to handle. I suggest to go for it,Its not orignal usb its 100%fake lava usb (in product pictures 'lava' logo tagged in usb but i received printed lava and box are also diffrent brand!,It's not fast charger I use vivo charger in 1.5 hour it charge full but I use this lava charger it has taken 3.5-4 hours to charge fully,Best Braided Brand",-
"RBVWNT5DJQ11U,RW13JZ6UTG39E,R3OO98PE8MBQ6M,R2PDGCC6RF4YLC,R1EWNSTI0FM8DP,R12R6OUAVMTUIJ,R34JSLSU3JZOPE,R1JOBS3O6CQO4P",5:6c218a69-b37f-472b-850d-2b9772792e4a:1152922604118475255,3.7,Neutral,Positive,0.9794,"The worst service given by Amazon, you say it's amazon product but after booking many times nobody came for installation, Quality is good, software is not updated you should give updated versions.,Product is super but have some connectivity issues in mirror casting, Delivery and Pickup super but the person who pickup the product dealt rudely with product,I really like picture and Sound Quality of Sansui LED TV. I would recommend as Smart TV and easily installable apps make it completely internet TV .,Picture quality not God,,Very poor quality of stand,screw broken with fixing of stand and my wall mount stand missing there, totally disappointed with Amazon..today installation people came and demand 500 rs more for wall mount stand..,All the smart features like YouTube not in this while YouTube is mentioned in features.Picture quality is not so good.,TV ok but Amazon not responded  for me for installation work  even after many calls and messages and reminders so better to install on our own",-
"R2RS5DJTMPR9KH,R3K8N1Z38YX4QZ,R1D0W9ZGHTA55S,R1OPHG3293Q2SZ,R27TICJZP0IJZT,RU7Q1JVSNZAP7,R16Y48G8PM36BL,RB5E6IQ420JLF",5:6c218a69-b37f-472b-850d-2b9772792e4a:1152922604118475258,3.5,Neutral,Positive,0.9547,"The product is over all good, jus the headphone adjustment gets stuck, hence not that great sound bt it's good thou.,Very nice product 👍,Overall experience,,Good product can buy for timepass who interested in movies much loving...,Good VR headset. Nice picture quality. Best when viewed with exclusive VR Apps. Picture compatibility was less with YouTube videos. So better to go with good VR Apps available in playstore. Overall a good product.,Amazing product to buy .,I ordered this product seeing the high cost with perception it must be worth of its price. But, the product is cheap Chinese plastic crap and definitely not a worth more than rs. 500 at most.  In the end, it's a cheap Chinese product sold in India at rs. 2600+ which is not even worth of more than rs. 500. Better if you go for some other not very costly and simple vr set under max rs. 1000 or either a expensive  vr set of very reputed makers if you're dire enthusiast.Amazon services and customer support is exceptional and here i believe that's what make them on top.CAUTION : this product has no refund policy. It can only be replaced.  So guys, think deep before you buy.",-
"R2KMA1FW2QZLZX,RCE8NJ5IXR7Y0,R34OI72B1EV5GJ,R1OXPIKY99VS78,R1DOIQMYQSIX2Z,R55NBBAP45T6G,R32QZKQVJYCE4S,R26OBSY88ZCS89",5:6c218a69-b37f-472b-850d-2b9772792e4a:1152922604118475263,3.9,Neutral,Positive,0.9891,"Value for money. Sturdy cover almost like a case.,This remote cover really fits too well on jio remote and seems durable also but bit costly when compared to overall Quality.,Useful item,Quality of the remote cover is quite good and it should be able to provide decent drop protection (as long as your remote doesn't land face first).It is slightly expensive though (should have been around ₹200 only) but does get the job done. Go for it if you wish to protect your Jio Set Top box remote.,The case is good and it suits well to the remote. It is value for money.,Perfect fit and secure from accidental drops and dust and spills.,Perfect fit for Jio remote. Seems good overall.,Good remote cover,hard material",-
"R2D1HX7B0ZNR2Y,RC6F71GCW3ITC,R2R5PXQ6I47FLE,R377ECW39RO5EJ,R2HOVN3GT9RJUX,R123XHZAU0Z0E5,R2WKLOLAJF59CQ,R17GETTD9A405E",5:6c218a69-b37f-472b-850d-2b9772792e4a:1152922604118475264,3.3,Neutral,Positive,0.273,"Volume Buttons, Mute & Power off options not working after 3-4 days, rest is 🆗,Item is a perfect replacement for my Generation 2 Amazon Firestick,The Remote is working fine, but we have to press the buttons harder. sometimes more than once.,Remote is working fine for amazon 2nd generation fire stick ...but it is very expensive and they don't even provide batteries with remote,On off and sound  button are not working,Good product,Volume buttons  r not working. Please help.,Good one!",-
"RSAWD2O7MGQHQ,R2J3NNEKB8K98B,R2JDMID7WPBPGA,RPZQ7HTHUEAQM,RAWY8DHIK1ZUO,RKLEZ22TP2OC,R7CBANEBW241L,RRLSH7AHH6XLU",5:6c218a69-b37f-472b-850d-2b9772792e4a:1152922604118475265,3.8,Neutral,Positive,0.9531,"Like,Good quality nice fit,It's good Airtel Xtreme set top box cover. It's had some thickness and protective Go for it!,Very nice quality and fit. A good buy which meets expectations. Thanks Amazon.,Expensive,Very uncomfortable to use.,Value for money....height of the cover can be made small. I have put in a ball of paper at the back so that the remote fits in correctly and buttons are easy to access.,Good product",-
"R2RT36U5W9GRK6,R35V054572FNTJ,R1INLMM4RCIDYQ,R32UWFLL51XWFR,R2E6JL1IPA492E,R37EXJUBHQPY55,RU09H6AAVSB29,R21KXH46RVA6RM",5:6c218a69-b37f-472b-850d-2b9772792e4a:1152922604118475268,3.9,Neutral,Positive,0.7389,"Two negative things I should mention here: 1) The cable is too rigid, so there is movement on the USB connector point when inserting or removing device from the other end of the cable.2) The USB connector is a little loose, it must be tightly seated.Other features are alright.,This is the fourth time I order cable Earlier cable was good but now seems to compromise on quality not happy.,Worth its value,Good,Very good product and value for money. Satisfied with the performance.,wont cure cancer its simple cable nothing much to expect,Very good product,-too long-durable-good retro device",-
RQXD5SAMMPC6L,5:6c218a69-b37f-472b-850d-2b9772792e4a:1152922604118475270,5.0,Positive,Neutral,0.0,Quick delivery.Awesome ProductPacking was goodJust opened the productExcited to you it,-
"R24M24UKIB5KN3,R9MTYU83EHJ96",5:6c218a69-b37f-472b-850d-2b9772792e4a:1152922604118475271,3.9,Neutral,Positive,0.9921,",What's not to love about this all-new 55 inch Amazon Fire TV?UNBOXINGThe whole experience from delivery to commissioning was completely seamless;  the packaging is strong and very sturdy, using a lot of bio-degradable materials; the unboxing was a delight, and fixing the (included) wall mount was a piece of cake.AMAZON INTEGRATIONNow comes the Amazon Magic!  Switch on the TV, and it already knew me, and my Amazon Prime Account.  After a brief online security check, all my content and apps automatically appeared on-screen, and setup was done!OPTICAL AUDIO OUTI'm using a JBL soundbar with sub-woofer which are connected to my 55 inch Amazon Fire TV using an optical cable (not supplied), and by simply changing settings on the TV my audio system automatically switches on and off with the TV, and the supplied TV Remote has volume controls for my cinema sound.  The sound reproduction is First Class.  I can't comment on the built-in TV Speakers, because I haven't used them.PICTURE QUALITYThere are lots of presets for the screen, including Natural, Cinema, Gaming, etc., and you can also set a customised screen to your own liking.  The picture quality is excellent, every bit as good as my other TV from a famous brand that costs 4X the price of my 55 inch Amazon Fire TV.  I'm impressed!HDMI & CONNECTIVITYI'm only using HDMI1 because all my content is streamed and I have been using an Amazon Firestick, and Google Chromecast.  The Chromecast is plugged into HDMI1, and the TV automatically switches to it when you want to use it.  However, I don't think I'll be using the Chromecast much, because Fire TV is so good, and has an amazing remote control.I'm also using a 2TB External hard drive plugged into the fast USB.  Playing movies, even in HD, is a perfect experience with no lag or juddering.Access to the sockets on the wall-mounted TV is OK if you have small arms, and although I'm only using HDMI1, Optical Audio Out and one USB, there is plenty of connectivity for other equipment.JUST ONE THING...This version of FireTV only allows Alexa to speak 2 languages, viz. English (Indian), or Hindi.My Amazon Firestick, Echo Show 8, Echo Show 5, Echo, and Echo Dot all have settings for English UK, Aus, USA, etc, Spanish, French, German, and many other languages.  I really would like to use Alexa on my 55 inch Amazon Fire TV in my native language - it makes it easier for Alexa to understand me, and easier for me to understand Alexa.I hope that this will come in a software update.CONCLUSIONI think that this 55 inch Amazon Fire TV is amazing, and I would recommend it without hesitation.",-
"R2ZBBYSOYN3KBL,R2DMLU5SLI59HR,R2TALY28IA40HU,R3I8OBYQHMK5AG,R2LNUR3W2TOTL,R3W1MUYN039NGZ,RH9I43YOGMCU5,R2T1VOM1S6TMET",5:6c218a69-b37f-472b-850d-2b9772792e4a:1152922604118475272,3.8,Neutral,Positive,0.9118,"Working fine with Airtel DTH but the quality is cheap, it's not strong,Earlier airtel tv remotes had larger keys which were easy to navigate. Wish airtel could make that happen.,ನೀವು ಕಳಿಸಿರುವ ವಸ್ತು ಸರಿಯಾಗಿ ಕೆಲಸ ಮಾಡುತ್ತಿಲ ಈಗಾಗಲೇ ನಾವು ಒಂದು ಬಾರಿ ವಾಪಸಾತಿ ಮಾಡಿ ದರೂ ಕೂಡಾ ನೀವು ಕಳುಹಿಸಿದ ವಸ್ತು ಸರಿಯಾಗಿ ಕೆಲಸ ಮಾಡುತ್ತಿಲ ಆದ ಕಾರಣ ನನ್ನ ಹಣ ವಾಪಸ ಮಾಡಬೇಕಾಗಿ ವಿನಂತಿ,Good,Good,Works perfectly with the Airtel HD Set up box (not suitable for Airtel Xtream). Would generally be apprehensive before buying a remote online but this worked perfectly.,Genuine product.Lasts long time and it depends how u handle it.Frequent dropping leads to shorter life as it is a breakable product.Worth buying.,On Off button doesn’t work. Remote doesn’t work on TV. It works on Airtel setup box only. I always use 2 remotes. 1 for tv and another for setup box. Not satisfied with this remote.",-
"R3EKLFGQGV02SG,R23WEMNZK46UV3,R1G2C7XV8CAM7W,R1O1T0NB6M5CU4,RY95PJLUIT03E,R2HMI9LDLJ1S2Y,R216CF66UYJR2A,R1XD0A6A2KGJZ6",5:6c218a69-b37f-472b-850d-2b9772792e4a:1152922604118475279,3.8,Neutral,Positive,0.999,"[Update: Sept 29] boAt seems to have heard the feedback 😀 and updated the watch faces. Now there are a few good ones to pick but a slight improvement over the ones the watch earlier had. Bit Impressed. Added one star for it.Not a very polished product. The fonts are tacky and look ugly in the watch for notification text and caller name text. The watch faces are a lazy design job. No point having 150 watch faces if only 10-20 are good or usable. Rest are useless.[UPDATE: Oct 11] boAt seems to be on a smartwatch launch spree. And thanks to that, they are constantly updating the phone app and the watch faces. Now you have many good looking watch faces to choose from. So overall, still the Smartwatch UI needs work. But atleast you have good watch faces.Good:- Screen quality- Battery life- Looks and the metallic frame- Call clarity- BT calling at the price- Reasonably accurate sensorsBad:- The UI, fonts - they are all very ugly and tacky. They could have tried to give the Chinese software some makeover. But it is a clearly lazy job by the tech team. A copy paste job to be precise of getting an outsourced software and plastering it with brand logos.- Restarts randomly when the call is going on on the watch even for 1 min or so.- Watch faces. Again a job of the design / tech / UI team. BoAt doesn't have a good team of designers and UI guys to really offer simple yet good software features like good watch faces and good watch UI.- No option to silence a call or reply with quick replies.Look for Noise Smart Watches in the Same Range. Noise Colorfit Pulse Go Buzz is cheaper and better alternative + has better watch faces and UI and quick reply to notifications and call silence and mute options for lower prices which this watch has clearly missed.You can go for boAt Wave Call also - It isn't an outright bad watch, but there are better options available for the price.boAt - If you have a team who reads and wants to improve, get some good UI and design folks in your team. Your products are good, but the UI and design is what the people see and that's what makes them feel good about your products. You have really average UI.,Boat wave call watch is best for budget.Call is too good and sound quality is also too good.Battery is good.Totally the watch is good for range.,It's good value for money smart watch.Light weight. Touch is smooth.All the features are 90-95% accurate.,a good product in this price range must buy itGOOD LOOKINGGOOD QUALITY,Good product is mst h,Average for calling good looking,I'm really happy to purchase this watch! It's very affordable having so many features. The calling feature works really well! Overall, if you're looking so good brand & good features, go for this ..,Product does not turn onPlease return the item. Please.",-
"R3EKLFGQGV02SG,R23WEMNZK46UV3,R1G2C7XV8CAM7W,R1O1T0NB6M5CU4,RY95PJLUIT03E,R2HMI9LDLJ1S2Y,R216CF66UYJR2A,R1XD0A6A2KGJZ6",5:6c218a69-b37f-472b-850d-2b9772792e4a:1155174403932160527,3.8,Neutral,Positive,0.999,"[Update: Sept 29] boAt seems to have heard the feedback 😀 and updated the watch faces. Now there are a few good ones to pick but a slight improvement over the ones the watch earlier had. Bit Impressed. Added one star for it.Not a very polished product. The fonts are tacky and look ugly in the watch for notification text and caller name text. The watch faces are a lazy design job. No point having 150 watch faces if only 10-20 are good or usable. Rest are useless.[UPDATE: Oct 11] boAt seems to be on a smartwatch launch spree. And thanks to that, they are constantly updating the phone app and the watch faces. Now you have many good looking watch faces to choose from. So overall, still the Smartwatch UI needs work. But atleast you have good watch faces.Good:- Screen quality- Battery life- Looks and the metallic frame- Call clarity- BT calling at the price- Reasonably accurate sensorsBad:- The UI, fonts - they are all very ugly and tacky. They could have tried to give the Chinese software some makeover. But it is a clearly lazy job by the tech team. A copy paste job to be precise of getting an outsourced software and plastering it with brand logos.- Restarts randomly when the call is going on on the watch even for 1 min or so.- Watch faces. Again a job of the design / tech / UI team. BoAt doesn't have a good team of designers and UI guys to really offer simple yet good software features like good watch faces and good watch UI.- No option to silence a call or reply with quick replies.Look for Noise Smart Watches in the Same Range. Noise Colorfit Pulse Go Buzz is cheaper and better alternative + has better watch faces and UI and quick reply to notifications and call silence and mute options for lower prices which this watch has clearly missed.You can go for boAt Wave Call also - It isn't an outright bad watch, but there are better options available for the price.boAt - If you have a team who reads and wants to improve, get some good UI and design folks in your team. Your products are good, but the UI and design is what the people see and that's what makes them feel good about your products. You have really average UI.,Boat wave call watch is best for budget.Call is too good and sound quality is also too good.Battery is good.Totally the watch is good for range.,It's good value for money smart watch.Light weight. Touch is smooth.All the features are 90-95% accurate.,a good product in this price range must buy itGOOD LOOKINGGOOD QUALITY,Good product is mst h,Average for calling good looking,I'm really happy to purchase this watch! It's very affordable having so many features. The calling feature works really well! Overall, if you're looking so good brand & good features, go for this ..,Product does not turn onPlease return the item. Please.",-
"R3EKLFGQGV02SG,R23WEMNZK46UV3,R1G2C7XV8CAM7W,R1O1T0NB6M5CU4,RY95PJLUIT03E,R2HMI9LDLJ1S2Y,R216CF66UYJR2A,R1XD0A6A2KGJZ6",5:6c218a69-b37f-472b-850d-2b9772792e4a:1157426203745845775,3.8,Neutral,Positive,0.999,"[Update: Sept 29] boAt seems to have heard the feedback 😀 and updated the watch faces. Now there are a few good ones to pick but a slight improvement over the ones the watch earlier had. Bit Impressed. Added one star for it.Not a very polished product. The fonts are tacky and look ugly in the watch for notification text and caller name text. The watch faces are a lazy design job. No point having 150 watch faces if only 10-20 are good or usable. Rest are useless.[UPDATE: Oct 11] boAt seems to be on a smartwatch launch spree. And thanks to that, they are constantly updating the phone app and the watch faces. Now you have many good looking watch faces to choose from. So overall, still the Smartwatch UI needs work. But atleast you have good watch faces.Good:- Screen quality- Battery life- Looks and the metallic frame- Call clarity- BT calling at the price- Reasonably accurate sensorsBad:- The UI, fonts - they are all very ugly and tacky. They could have tried to give the Chinese software some makeover. But it is a clearly lazy job by the tech team. A copy paste job to be precise of getting an outsourced software and plastering it with brand logos.- Restarts randomly when the call is going on on the watch even for 1 min or so.- Watch faces. Again a job of the design / tech / UI team. BoAt doesn't have a good team of designers and UI guys to really offer simple yet good software features like good watch faces and good watch UI.- No option to silence a call or reply with quick replies.Look for Noise Smart Watches in the Same Range. Noise Colorfit Pulse Go Buzz is cheaper and better alternative + has better watch faces and UI and quick reply to notifications and call silence and mute options for lower prices which this watch has clearly missed.You can go for boAt Wave Call also - It isn't an outright bad watch, but there are better options available for the price.boAt - If you have a team who reads and wants to improve, get some good UI and design folks in your team. Your products are good, but the UI and design is what the people see and that's what makes them feel good about your products. You have really average UI.,Boat wave call watch is best for budget.Call is too good and sound quality is also too good.Battery is good.Totally the watch is good for range.,It's good value for money smart watch.Light weight. Touch is smooth.All the features are 90-95% accurate.,a good product in this price range must buy itGOOD LOOKINGGOOD QUALITY,Good product is mst h,Average for calling good looking,I'm really happy to purchase this watch! It's very affordable having so many features. The calling feature works really well! Overall, if you're looking so good brand & good features, go for this ..,Product does not turn onPlease return the item. Please.",-
"R3EKLFGQGV02SG,R23WEMNZK46UV3,R1G2C7XV8CAM7W,R1O1T0NB6M5CU4,RY95PJLUIT03E,R2HMI9LDLJ1S2Y,R216CF66UYJR2A,R1XD0A6A2KGJZ6",5:6c218a69-b37f-472b-850d-2b9772792e4a:1159678003559531023,3.8,Neutral,Positive,0.999,"[Update: Sept 29] boAt seems to have heard the feedback 😀 and updated the watch faces. Now there are a few good ones to pick but a slight improvement over the ones the watch earlier had. Bit Impressed. Added one star for it.Not a very polished product. The fonts are tacky and look ugly in the watch for notification text and caller name text. The watch faces are a lazy design job. No point having 150 watch faces if only 10-20 are good or usable. Rest are useless.[UPDATE: Oct 11] boAt seems to be on a smartwatch launch spree. And thanks to that, they are constantly updating the phone app and the watch faces. Now you have many good looking watch faces to choose from. So overall, still the Smartwatch UI needs work. But atleast you have good watch faces.Good:- Screen quality- Battery life- Looks and the metallic frame- Call clarity- BT calling at the price- Reasonably accurate sensorsBad:- The UI, fonts - they are all very ugly and tacky. They could have tried to give the Chinese software some makeover. But it is a clearly lazy job by the tech team. A copy paste job to be precise of getting an outsourced software and plastering it with brand logos.- Restarts randomly when the call is going on on the watch even for 1 min or so.- Watch faces. Again a job of the design / tech / UI team. BoAt doesn't have a good team of designers and UI guys to really offer simple yet good software features like good watch faces and good watch UI.- No option to silence a call or reply with quick replies.Look for Noise Smart Watches in the Same Range. Noise Colorfit Pulse Go Buzz is cheaper and better alternative + has better watch faces and UI and quick reply to notifications and call silence and mute options for lower prices which this watch has clearly missed.You can go for boAt Wave Call also - It isn't an outright bad watch, but there are better options available for the price.boAt - If you have a team who reads and wants to improve, get some good UI and design folks in your team. Your products are good, but the UI and design is what the people see and that's what makes them feel good about your products. You have really average UI.,Boat wave call watch is best for budget.Call is too good and sound quality is also too good.Battery is good.Totally the watch is good for range.,It's good value for money smart watch.Light weight. Touch is smooth.All the features are 90-95% accurate.,a good product in this price range must buy itGOOD LOOKINGGOOD QUALITY,Good product is mst h,Average for calling good looking,I'm really happy to purchase this watch! It's very affordable having so many features. The calling feature works really well! Overall, if you're looking so good brand & good features, go for this ..,Product does not turn onPlease return the item. Please.",-
"R2CU03OULJTK2A,R1SHVTKMHHOREL,R16MDWVEULVTGY,R24VBI0XML9AS5,RO1WU1XMSF20C,R17U7AO7GNBOX8,R2HES1EME0OXU4,RWYRMRDBVWYUO",5:6c218a69-b37f-472b-850d-2b9772792e4a:1152922604118475286,3.9,Neutral,Positive,0.9459,"This was indeed an ideal purchase. Good performance, good built, up to the mark functionality at this price. Stable and Sturdy. Recommend. 👍🏻👍🏻👍🏻,Looks ok,हार्ट रेट एवं ऑक्सीजन,Good for normal users.....Not for heavy users like daily activities.....Good looking on hand...App is not working properly some times,The battery power is amazing 👍🏻,It's a good watch but the strap always comes out,Nice watch,Not so special but average in this price",-
"R2CU03OULJTK2A,R1SHVTKMHHOREL,R16MDWVEULVTGY,R24VBI0XML9AS5,RO1WU1XMSF20C,R17U7AO7GNBOX8,R2HES1EME0OXU4,RWYRMRDBVWYUO",5:6c218a69-b37f-472b-850d-2b9772792e4a:1155174403932160534,3.9,Neutral,Positive,0.9459,"This was indeed an ideal purchase. Good performance, good built, up to the mark functionality at this price. Stable and Sturdy. Recommend. 👍🏻👍🏻👍🏻,Looks ok,हार्ट रेट एवं ऑक्सीजन,Good for normal users.....Not for heavy users like daily activities.....Good looking on hand...App is not working properly some times,The battery power is amazing 👍🏻,It's a good watch but the strap always comes out,Nice watch,Not so special but average in this price",-
"R2CU03OULJTK2A,R1SHVTKMHHOREL,R16MDWVEULVTGY,R24VBI0XML9AS5,RO1WU1XMSF20C,R17U7AO7GNBOX8,R2HES1EME0OXU4,RWYRMRDBVWYUO",5:6c218a69-b37f-472b-850d-2b9772792e4a:1157426203745845782,3.9,Neutral,Positive,0.9459,"This was indeed an ideal purchase. Good performance, good built, up to the mark functionality at this price. Stable and Sturdy. Recommend. 👍🏻👍🏻👍🏻,Looks ok,हार्ट रेट एवं ऑक्सीजन,Good for normal users.....Not for heavy users like daily activities.....Good looking on hand...App is not working properly some times,The battery power is amazing 👍🏻,It's a good watch but the strap always comes out,Nice watch,Not so special but average in this price",-
"R2RBF2BGJRO7H2,R1OF0G9O7Z6VSU,R30F23SQTDLJPU,R12OJO04IKVP5R,R1EYIK2EGG3W2H,R2B5VJALJVQ8RD,R10QDJFCO17945,R23VI41K9DE8OJ",5:6c218a69-b37f-472b-850d-2b9772792e4a:1152922604118475289,3.9,Neutral,Positive,0.9855,"p tron neckband is good product. when it new so you have  feel some bad but after 1 month you feel better sound and bass. so product is very good .must purchase.,Good bass and sound quality. Nice one doesnot pain the ear too much,It is a good product under Rs.700/- but battery backup could be more efficient. If have a habit of playing song during travelling on bike approx 2-3 hrs and attend frequent voice calling in a day then its battery goes down in next day, you feel I should recharge it now otherwise I will have to survive on without Bluetooth calling feature.But overall I would like to say it is a good deal in this price.,I was using ptron Bluetooth headphones earlier....they were also great and worth the price.....again back to same brand.....this one is better than previous....sound quality 5/5.... Bass quality 4/5 noise cancellation 4/5,Old and damage product,Good as price,Very gud at this price range 👌 👍 superb,Nice",-
"R98JKKNCSM7B5,R38O9HQOE1G03B,R597Z0G89GU27,RAI7NSHUQO02D,R2W5N0Y7MJX8UC,R1LK91F22JFZ41,R139XIZFXKTMW5,R1X5NW4ANBMMRM",5:6c218a69-b37f-472b-850d-2b9772792e4a:1152922604118475290,4.0,Positive,Negative,-0.0516,"Camera and display is very poor quality and battery 🔋 is very good nothing bad,Nice phone at reasonable price.,Good,NICE,Value for money,Theek hai 🥰,Not bad,Good",Isu Harga
"R98JKKNCSM7B5,R38O9HQOE1G03B,R597Z0G89GU27,RAI7NSHUQO02D,R2W5N0Y7MJX8UC,R1LK91F22JFZ41,R139XIZFXKTMW5,R1X5NW4ANBMMRM",5:6c218a69-b37f-472b-850d-2b9772792e4a:1155174403932160538,4.0,Positive,Negative,-0.0516,"Camera and display is very poor quality and battery 🔋 is very good nothing bad,Nice phone at reasonable price.,Good,NICE,Value for money,Theek hai 🥰,Not bad,Good",Isu Harga
"R98JKKNCSM7B5,R38O9HQOE1G03B,R597Z0G89GU27,RAI7NSHUQO02D,R2W5N0Y7MJX8UC,R1LK91F22JFZ41,R139XIZFXKTMW5,R1X5NW4ANBMMRM",5:6c218a69-b37f-472b-850d-2b9772792e4a:1157426203745845786,4.0,Positive,Negative,-0.0516,"Camera and display is very poor quality and battery 🔋 is very good nothing bad,Nice phone at reasonable price.,Good,NICE,Value for money,Theek hai 🥰,Not bad,Good",Isu Harga
"RRCQZ1NUT86W1,R7U9X4A8OGS3I,R26604Y3P1D000,R1KQQ073FBUGOE,R2L5WWOGWCXTX9,R3S4F4U2MF1Y50,R34PV1REW30PDN,R2YMG0H31K4P6J",5:6c218a69-b37f-472b-850d-2b9772792e4a:1152922604118475294,3.9,Neutral,Positive,0.9894,"Good quality. Does not make sound. A bit less stronger for heavier mobiles.,It's having good adhesion and suction power. During my last few months of usage, i remounted this once due to broken windshield for different reason. adhesive was good even after remounting.  during my 3 months of usage once it came out on its own and I remounted its. usually, I park my car in both direct sunlight as well as in closed parking area. I am not sure it came out due to hot glass. But never faced that again. Also, mostly I use this mount with arms extended to it maximum length. arms are stable during the vibration of car due to bad roads. But one small con i felt is arms in full legth is bit shacking, but its stable if i try to move it. It could have been better. But that's not problem for me as longs as it serves the purpose,Good product, value for money.,good one. Worth for money,Have been using for almost 2 months, not sure on the durability although this looks of good build - going good for now. It is sturdy and does the good job, I believe 350 is worth the money,Ok,Thanks to all for wirting a review which helped me buy this product, absolutely perfect, suction is good, quality and overall product looks perfect.,Good product in this price. Can buy it",-
"R2U0MOPP5A6KMF,RPZFZ77ZCT4IM,R2K55RM7YMMECZ,RAOZT6IRRYUCQ,R2G7L7325PDXOX,R2DJYKMFRAQOTE,R6WQGLVY46ZMZ,RT72XDZGEHFR6",5:6c218a69-b37f-472b-850d-2b9772792e4a:1152922604118475308,3.8,Neutral,Positive,0.9945,"I bought this product with the hope that it would be a good and stable selfie stick. But it didn’t help at all. .It is not suitable for large phones like IPhone 11 Pro Max . . Very clumsy and the tripod doesn’t stand at all. . Keeps sliding. .Had a very difficult time to set up the selfie stick. .,Pros :1. Useful stick - stable only till half length, after that it shakes like crap2. Bluetooth Remote is given which is very very useful (infact necessary i would say)Cons :1.Useful only till half opened - after that it shakes like anything.2.Lacks a mount to mount any led flashlight for low light videos.3. BIGGEST CON : cost of 2 batteries is more than the selfie stick itself. Now as i have no money for going for a gimble , so i am using this as well as bought 2 spare batteries (costed me 500 rupees for 2 batteries). Although i must say that you can find the CR1632 - 3v battery (the one used in this one) - much cheaper than what i paid on either local ecom website or local shops.,one must have this tripod to get full family picturethe quality is upto the markand it is standing strongly with weight of phonebluetooth control is quick and clear,If you are taking photos with your family at home then it is good. But if you are a single rider and ride solo then its length is normal. You will get only half of your photo. It should be of such length that the rider can take a complete picture with his riding gears.Then it is good for the riders. My suggestion is that it should be more length.,Everything is perfect except if you pull the tripod to a long hight,Superb,Good at all.,I haven't used it much, product is good. Its neat and clean, remote works well. the part where phone keeps thats too hard to open and it needs to be more sturdy.",-
"R1S5FUVJK5BDKV,R10T102N4IHERO,R1QALRWVTEDXMH,R25MVXUNZDKPIY,RJ0CS41K876BR,RX87956266XU,R1HLEVV8WMVM3R,R1UBTZ9MAS7G8V",5:6c218a69-b37f-472b-850d-2b9772792e4a:1152922604118475310,3.9,Neutral,Positive,0.9985,"I bought this phone after tonnes of research and watching and reading several YouTube videos and blog reviews of multiple phones. My budget was around 20k max, and this one somehow fit in all ways. I had almost finalized one plus nord ce, but changed my mind at the last moment and I don't regret. I've used redmi phones before so I'm aware of the sturdiness and value for money they offer. Got this for 13k with close to 6k+ exchange on my one year old tecno spark 7 phone (one of the worst phones I've ever used, refer to my tecno spark 7 review for that). Here's my review of this phone based on 2 months of usage:Pros:1. Build quality is good. Finishing and lookwise it's sleek and quite comfortable in hand.2. Back camera is really good, better with the AI camera. The 108 MP gives good pictures, although not comparable to iPhone or Google pixel quality, but for the price range it's not bad. Portrait mode gives great pictures in well lit conditions, decent in low light with night mode.3. 67W charger is very efficient. Phone gets fully charged within 40-45 mins from below 10% battery levels. Battery backup is decent, with normal usage charge easily lasts for one and a half day or more.4. Dolby atmos dual speakers are really good! You could be watching movies on this and feel the surround sound through the speakers. Pretty loud too.5. No lagging and smooth touch, refresh rate is pretty good.6. Unlike some of the earlier Redmi phones or Chinese phones in general, there are negligible auto installing bloatwares. Android 11 performance so far has been satisfactory.7. Hasslefree usage in general, something that I struggled with a lot with my earlier Techno spark phone for basic functionalities.Cons:1. Front camera could've been a lot better. In daylight conditions, picture colors aren't vibrant enough, and in low light, pictures come grainy. Dissatisfied with that.2. Amoled display isn't as good as I had expected, especially becomes evident when light reflects on the screen while you're watching something.Nothing else worth mentioning that I can think of right now. May update this review if anything encountered.For people with 15-20k budget looking for a good overall usage phone having 5G, this phone  is worth a shot along with Nord CE 2 Lite.,Nice phone with good battery backup,fast charging, sturdy body and good process speed... camera quality is not good enough..but overall.. good budget phone..,1) Battery is decent2) Charging is very fast3) Camera is averagingOverall nice product,The phone is good from all aspects bug if ur looking for a good camera this is not the one.,The price of the product is higher at the time of launch. Within 1 month it dropped by 3k.The price qty is ok.Some features are missing which are available in Chinese make model.,Pros1. Display(super amoled)2. Battery life(24 hrs moderate usage)3. Fast charging4. 120 hz refresh rate work seamlesslyCons1. Miui(lots of unnecessary apps)2.processor(sd 695 is too old)3.main Camera not up to the markOverall I just want to say if you're looking for a phone to watch movies and series and casual gaming go for it.(pubg, cod feels fantastic in this without any lag)If looking for heavy gaming or looking for a camera phone this one is not for you brother.,Good phone need improvement in camera,This mobile has the best camera compared with other models",-
"R1S5FUVJK5BDKV,R10T102N4IHERO,R1QALRWVTEDXMH,R25MVXUNZDKPIY,RJ0CS41K876BR,RX87956266XU,R1HLEVV8WMVM3R,R1UBTZ9MAS7G8V",5:6c218a69-b37f-472b-850d-2b9772792e4a:1155174403932160558,3.9,Neutral,Positive,0.9985,"I bought this phone after tonnes of research and watching and reading several YouTube videos and blog reviews of multiple phones. My budget was around 20k max, and this one somehow fit in all ways. I had almost finalized one plus nord ce, but changed my mind at the last moment and I don't regret. I've used redmi phones before so I'm aware of the sturdiness and value for money they offer. Got this for 13k with close to 6k+ exchange on my one year old tecno spark 7 phone (one of the worst phones I've ever used, refer to my tecno spark 7 review for that). Here's my review of this phone based on 2 months of usage:Pros:1. Build quality is good. Finishing and lookwise it's sleek and quite comfortable in hand.2. Back camera is really good, better with the AI camera. The 108 MP gives good pictures, although not comparable to iPhone or Google pixel quality, but for the price range it's not bad. Portrait mode gives great pictures in well lit conditions, decent in low light with night mode.3. 67W charger is very efficient. Phone gets fully charged within 40-45 mins from below 10% battery levels. Battery backup is decent, with normal usage charge easily lasts for one and a half day or more.4. Dolby atmos dual speakers are really good! You could be watching movies on this and feel the surround sound through the speakers. Pretty loud too.5. No lagging and smooth touch, refresh rate is pretty good.6. Unlike some of the earlier Redmi phones or Chinese phones in general, there are negligible auto installing bloatwares. Android 11 performance so far has been satisfactory.7. Hasslefree usage in general, something that I struggled with a lot with my earlier Techno spark phone for basic functionalities.Cons:1. Front camera could've been a lot better. In daylight conditions, picture colors aren't vibrant enough, and in low light, pictures come grainy. Dissatisfied with that.2. Amoled display isn't as good as I had expected, especially becomes evident when light reflects on the screen while you're watching something.Nothing else worth mentioning that I can think of right now. May update this review if anything encountered.For people with 15-20k budget looking for a good overall usage phone having 5G, this phone  is worth a shot along with Nord CE 2 Lite.,Nice phone with good battery backup,fast charging, sturdy body and good process speed... camera quality is not good enough..but overall.. good budget phone..,1) Battery is decent2) Charging is very fast3) Camera is averagingOverall nice product,The phone is good from all aspects bug if ur looking for a good camera this is not the one.,The price of the product is higher at the time of launch. Within 1 month it dropped by 3k.The price qty is ok.Some features are missing which are available in Chinese make model.,Pros1. Display(super amoled)2. Battery life(24 hrs moderate usage)3. Fast charging4. 120 hz refresh rate work seamlesslyCons1. Miui(lots of unnecessary apps)2.processor(sd 695 is too old)3.main Camera not up to the markOverall I just want to say if you're looking for a phone to watch movies and series and casual gaming go for it.(pubg, cod feels fantastic in this without any lag)If looking for heavy gaming or looking for a camera phone this one is not for you brother.,Good phone need improvement in camera,This mobile has the best camera compared with other models",-
"R1S5FUVJK5BDKV,R10T102N4IHERO,R1QALRWVTEDXMH,R25MVXUNZDKPIY,RJ0CS41K876BR,RX87956266XU,R1HLEVV8WMVM3R,R1UBTZ9MAS7G8V",5:6c218a69-b37f-472b-850d-2b9772792e4a:1157426203745845806,3.9,Neutral,Positive,0.9985,"I bought this phone after tonnes of research and watching and reading several YouTube videos and blog reviews of multiple phones. My budget was around 20k max, and this one somehow fit in all ways. I had almost finalized one plus nord ce, but changed my mind at the last moment and I don't regret. I've used redmi phones before so I'm aware of the sturdiness and value for money they offer. Got this for 13k with close to 6k+ exchange on my one year old tecno spark 7 phone (one of the worst phones I've ever used, refer to my tecno spark 7 review for that). Here's my review of this phone based on 2 months of usage:Pros:1. Build quality is good. Finishing and lookwise it's sleek and quite comfortable in hand.2. Back camera is really good, better with the AI camera. The 108 MP gives good pictures, although not comparable to iPhone or Google pixel quality, but for the price range it's not bad. Portrait mode gives great pictures in well lit conditions, decent in low light with night mode.3. 67W charger is very efficient. Phone gets fully charged within 40-45 mins from below 10% battery levels. Battery backup is decent, with normal usage charge easily lasts for one and a half day or more.4. Dolby atmos dual speakers are really good! You could be watching movies on this and feel the surround sound through the speakers. Pretty loud too.5. No lagging and smooth touch, refresh rate is pretty good.6. Unlike some of the earlier Redmi phones or Chinese phones in general, there are negligible auto installing bloatwares. Android 11 performance so far has been satisfactory.7. Hasslefree usage in general, something that I struggled with a lot with my earlier Techno spark phone for basic functionalities.Cons:1. Front camera could've been a lot better. In daylight conditions, picture colors aren't vibrant enough, and in low light, pictures come grainy. Dissatisfied with that.2. Amoled display isn't as good as I had expected, especially becomes evident when light reflects on the screen while you're watching something.Nothing else worth mentioning that I can think of right now. May update this review if anything encountered.For people with 15-20k budget looking for a good overall usage phone having 5G, this phone  is worth a shot along with Nord CE 2 Lite.,Nice phone with good battery backup,fast charging, sturdy body and good process speed... camera quality is not good enough..but overall.. good budget phone..,1) Battery is decent2) Charging is very fast3) Camera is averagingOverall nice product,The phone is good from all aspects bug if ur looking for a good camera this is not the one.,The price of the product is higher at the time of launch. Within 1 month it dropped by 3k.The price qty is ok.Some features are missing which are available in Chinese make model.,Pros1. Display(super amoled)2. Battery life(24 hrs moderate usage)3. Fast charging4. 120 hz refresh rate work seamlesslyCons1. Miui(lots of unnecessary apps)2.processor(sd 695 is too old)3.main Camera not up to the markOverall I just want to say if you're looking for a phone to watch movies and series and casual gaming go for it.(pubg, cod feels fantastic in this without any lag)If looking for heavy gaming or looking for a camera phone this one is not for you brother.,Good phone need improvement in camera,This mobile has the best camera compared with other models",-
"R7S8ANNSDPR40,R3CLZFLHVJU26P,RFF7U7MPQFUGR,R1MV1NKC23DWPI,R11D3U0V2XKDKF,R1XN72FU6Q37IH,R18MP1KLUE18PC,RWGJNVEH5ZQME",5:6c218a69-b37f-472b-850d-2b9772792e4a:1152922604118475319,3.9,Neutral,Positive,0.8081,"It's a good product.,Like,Very good item strong and useful USB cableValue for moneyThanks to amazon and producer,https://m.media-amazon.com/images/I/51112ZRE-1L._SY88.jpg,Good,Sturdy but does not support 33w charging,Nice product and useful product,-",-
"R7S8ANNSDPR40,R3CLZFLHVJU26P,RFF7U7MPQFUGR,R1MV1NKC23DWPI,R11D3U0V2XKDKF,R1XN72FU6Q37IH,R18MP1KLUE18PC,RWGJNVEH5ZQME",5:6c218a69-b37f-472b-850d-2b9772792e4a:1155174403932160567,3.9,Neutral,Positive,0.8081,"It's a good product.,Like,Very good item strong and useful USB cableValue for moneyThanks to amazon and producer,https://m.media-amazon.com/images/I/51112ZRE-1L._SY88.jpg,Good,Sturdy but does not support 33w charging,Nice product and useful product,-",-
"R2MHX3EGIJVMNQ,R1FHCHWONZZ0YJ,R216RLQKYB7TWS,R1LN12XSMIYTOW,R1TG4AO6RXHQNZ,R1FCJNCO47BBLU,REHOKLPMH5R8P,R34LHGI3NRQ0Y2",5:6c218a69-b37f-472b-850d-2b9772792e4a:1152922604118475323,3.6,Neutral,Positive,0.9985,"So about the product Boom ultima, as it goes by the name it really got the ultimate bass effect. Wires are great built and tangle free. The audio jack is compatible with almost all devices and its gold plated as well. I just didn't find the case. It was missing from my product. Though they have given 2 pairs of extra buds with different sizes. Overall it's a great wired in mic earphones. Go ahead and add to your cart. You won't regret it.,So first, let's talk about the external-Bulid quality is awesome 9/10 even at such an affordable price.Looks-I have all 3 colours of these earphones and all colours looks coolWire-the wire quality is 9/10. I have these earphones from 4 months and these haven't tangled since. Also the rubber coating and the inside braided wires gives a nice  looking effect.But 1 thing I have seen is the middle piece which have a mic and buttons is 180 degree reversed. so, many times it's difficult to pick the right or left earphone without seeing. But it is mentioned on the earphones so that becomes easy.Now about the main part the internalsThe sound quality is so so nice. 😊As you can see in my title. Solid 8/10. You can listen any music like lofi or peacefull type and when it's time for a party you can listen rock, bass boosted songs with such a adorable quality its the true definition for true sound and at cheap prices.Bass quality is also good.perfect for the ears. And if u want high bass, I tried it with max bass it can produce and that's awesome. But don't listen high bass for long. Those can hurt ur ears really bad.But noice cancellation is 4/10.seems like there is no noice cancellation. Maybe its mentioned for the mic not for the earpiece.Obviously there are very high quality products then this product but those will alteast cost 2000. But I will choose this product instead of a 1500 one or less than 1500 because this cost less than 500 or sometimes less than 400(depends on sale) but quality and services of these products are not less than of a 2000 rs earphone.In past, 1 of my earphone died but the coustmer care is so generous, there services are so cool and quick. So those got replaced within 3 days. (it's 3 days because I forgot the eslip, if you mail them with everting ready it won't take more than 2 working days)It's an honest review by me and I will definitely suggest you to but these. ☺️🙃Edited:-Their services are slower now. Don't know why and it takes around 1. 5week to 2 weeks to get the refund. If something happens to ur earphones.Also its been like 1 year as of 1-9-21And I saw some trend with it. My brother earphones stop producing sound from one side evey 4 months or soBut mine earphones be with me for 5 months.It's not a problem though cause you can mail 'em regarding this. This happened with me even with extra proper care of the earphone.Still the best earphones, you can find at this price point,NOT FOR HIGH BASS LOVERS,Everything was OK but as shown in the picture that you will get a case along with earphones,which was not there inside it(only earphone and some earplucks were there),This range very good product.if your budget under- 400 definitely you can bye this product.,Nice product,Product is good but the accessories like the pouch is not provided as mentioned in the description in the second delivery also, despite the return of first delivery of the product  for REPLACEMENT with pouch,product is good but needs to work on noise cancellation",-
"R1Z1YO987IN6WA,RRW1QA494UE5V,R14EM7EM0MGBC5,RLPQ6DDNYDH9F,R1NX8T5TN04CZ1,R135SE2MJDL8AY,R2GLOHTJX5OYOQ,R3TYVHL507XB76",5:6c218a69-b37f-472b-850d-2b9772792e4a:1152922604118475327,3.5,Neutral,Positive,0.8796,"Worth every penny compared to the cost. A basic Bluetooth band that support only single device at a time. Call voice us clear,  and microphone does a decent job of noise cancellation.Don't expect good base treble in this. The rubber ear piece is not tight enough even with the large ones and keeps slipping away. The magnet is also weak and doesn't connect smoothly,I had ordered my first ear phone from ptron only and to tell the truth, it is very difficult to get such a good quality earphone phone at such a low price.  Best earphones in such a low price. You will not regret the money you have spent if you buy this.,It is a good product,Y,Nice,Built quality is lil bit cheap, but sound quality is superp comparing to other grand companies like jbl, sony, Senheizer, bass is moderate, noise cancelling needs to be improved, my overall rating is 4star.,Good,Good quality",-
"RZ7HZPPMZP6NJ,R3UU1TR7386E57,R3IX0H9MIZUJNR,R14GI2JBIZGJ61,R1U84J3FQUIM6L,R2ENIZDLLQ21KM,R2XNZ6AHVRFG25,R1JHP7LI8PMNM",5:6c218a69-b37f-472b-850d-2b9772792e4a:1152922604118475350,3.3,Neutral,Negative,-0.607,"just a watch not smart one... all features are to make fool of  you,Worst watch,  connecting problem with phone nd automatically disconnecting from phone,Very good quality of product and price is very low.Very good,,ভালো ঘড়ি টা।,Dislike,After use of 2 months observed battery life is getting only one day max with only normal usage with out audio.Ok for regular usage,Superb",Isu Harga
"RZ7HZPPMZP6NJ,R3UU1TR7386E57,R3IX0H9MIZUJNR,R14GI2JBIZGJ61,R1U84J3FQUIM6L,R2ENIZDLLQ21KM,R2XNZ6AHVRFG25,R1JHP7LI8PMNM",5:6c218a69-b37f-472b-850d-2b9772792e4a:1155174403932160598,3.3,Neutral,Negative,-0.607,"just a watch not smart one... all features are to make fool of  you,Worst watch,  connecting problem with phone nd automatically disconnecting from phone,Very good quality of product and price is very low.Very good,,ভালো ঘড়ি টা।,Dislike,After use of 2 months observed battery life is getting only one day max with only normal usage with out audio.Ok for regular usage,Superb",Isu Harga
"RZ7HZPPMZP6NJ,R3UU1TR7386E57,R3IX0H9MIZUJNR,R14GI2JBIZGJ61,R1U84J3FQUIM6L,R2ENIZDLLQ21KM,R2XNZ6AHVRFG25,R1JHP7LI8PMNM",5:6c218a69-b37f-472b-850d-2b9772792e4a:6917530127152710258,3.3,Neutral,Negative,-0.607,"just a watch not smart one... all features are to make fool of  you,Worst watch,  connecting problem with phone nd automatically disconnecting from phone,Very good quality of product and price is very low.Very good,,ভালো ঘড়ি টা।,Dislike,After use of 2 months observed battery life is getting only one day max with only normal usage with out audio.Ok for regular usage,Superb",Isu Harga
"R2U10LYYC10P7G,R247ATLN4EWIZW,R1MPFKYPRMO5YT,R1XY9CHD5RF3GK,RN7COQSQK4VHG,R77IUN9DGACP3,R1UEW20K7UFQ57,R1R38EQG1H6453",5:6c218a69-b37f-472b-850d-2b9772792e4a:1152922604118475353,3.7,Neutral,Positive,0.9807,"Oh this is really nice and sturdy product , keeps my phone stable while I draw or paint . I tried it immediately as it was delivered.Amazing .,It's good for moderate usage, the metal clamp is strong & it holds the table properly. The string is quite flexible as well, Overall, okayish quality wished the string/arm would be a little strong & hold the device more firmly. Works well with lighter-weight phones,Good product received,Stability not very good, but overall it's good product with this price.,Good,It has a potential to hold phone. Good product,Stability some average. But product is very good...,Clip at one side is of metal, but the other side clip which holds phone is built of plastic and seems delicate. Every time I mount or unmount my device, I have to take care a lot so that it might not get broken.",-
"R2BP8Y5OJXKJLF,R218813TNRHNSY,R3VIKEVJ5DBF5G,R2PQNCTR8TQCT4,R3FI11UEJC9ZOJ,R3ULCCZZHBNLA4,RELIQ4H7CYX2Q,R34K4FWTB5W7AY",5:6c218a69-b37f-472b-850d-2b9772792e4a:1152922604118475354,4.1,Positive,Negative,-0.2724,"Check for offera before buying,18w charging cable,,Awesome cable!Charging, data transfer and durability is simply awesome, and there is not a single disconnection issue, which I always faced in original mi cable from box. Bought 1 more time as last cable damaged when phone fell on usb cable port as my phone is heavy and I never faced any issues so i bought one more time and didn't went for replacement as its waste of time and energy, i also have boat earphones that is also awesome..😄,Good,Charging is very slow. Forget about fast charging. Not useful at all,Cable is not fit properly on my samsung galaxy m31 type C port. If little hit happens then cable is plug it out. Otherwise length and cable quality is very nice,Works as expecte. Can charge as well as do data transfer. Ports fit well. I have been using boat cable for iphone for some years now and they are very durable.",Barang Rusak
"RBBUCW5C77081,R3OZNN0REGYW37,RPWJM0MSSSPKQ,RDOS8J6F5UUFR,R2FLPV0UUUZ7N9,R1V7G94DCYII33,R2JHT8YA8MKY6D,R2WB933QP966J7",5:6c218a69-b37f-472b-850d-2b9772792e4a:1152922604118475358,3.8,Neutral,Positive,0.8979,",Overall meets the requirements nothing to say negative with respect tolthis phone,Charging is very slowly,Maine is product ko apni beti ke liye kharida tha,Fingerprint is good, battery life good, camera is ok,Good phone at this price,Nice in this range.,Best in this price range👍👍",-
"R2FRXL54AFATWQ,ROBDUAJXECNYM,R6GD9MATBBC0,RGKPT6A78DSX2,R7UCUG9Q2AOY9,RWC4G90JFDFX5,RCDQUPWVIM6NN,R25MFNHA3G4KVK",5:6c218a69-b37f-472b-850d-2b9772792e4a:1152922604118475359,3.8,Neutral,Positive,0.9882,"This was a saviour for me as I didn’t want to buy expensive stylus and max dont work with Iphones. It’s not too precise but it gets the job done. I love it,Unexpectedly this product works very well. But When I buy this, the spare disk was missing.,This item is simple awesome for this price. It is doing good without any glitches and worth buying for the price amazon is offering.,Though it is good but the tip of the stylus pen should be umbrella free....no handle grips too.,There is a delay between writing and also I get wrong color i ordered bluse and I get gray,this is a good digital pen for digital art work and very smooth working techniques using so easily,Works perfectly on Samsung S22 Plus. I often use it for video editing too. But I think it's overpriced. I got it for Rs. 389 including delivery charges. It should cost max upto 250. 2 stars have been cut for overpricing.,It is definitely worth the money tho it does give some scratches it's not that see tho so it's fine for it's price light weight",-
"R2FRXL54AFATWQ,ROBDUAJXECNYM,R6GD9MATBBC0,RGKPT6A78DSX2,R7UCUG9Q2AOY9,RWC4G90JFDFX5,RCDQUPWVIM6NN,R25MFNHA3G4KVK",5:6c218a69-b37f-472b-850d-2b9772792e4a:1155174403932160607,3.8,Neutral,Positive,0.9882,"This was a saviour for me as I didn’t want to buy expensive stylus and max dont work with Iphones. It’s not too precise but it gets the job done. I love it,Unexpectedly this product works very well. But When I buy this, the spare disk was missing.,This item is simple awesome for this price. It is doing good without any glitches and worth buying for the price amazon is offering.,Though it is good but the tip of the stylus pen should be umbrella free....no handle grips too.,There is a delay between writing and also I get wrong color i ordered bluse and I get gray,this is a good digital pen for digital art work and very smooth working techniques using so easily,Works perfectly on Samsung S22 Plus. I often use it for video editing too. But I think it's overpriced. I got it for Rs. 389 including delivery charges. It should cost max upto 250. 2 stars have been cut for overpricing.,It is definitely worth the money tho it does give some scratches it's not that see tho so it's fine for it's price light weight",-
"RVRVEXC4LY123,R1T78WUQICUVWR,R1DOXKQXS4PKV4,RVUE4MKJEQRHT,R19TF5TUY71HKH,R37SY71K0T1BJN,R2S5BGMA1NFQKX,R1YLUKFUNEFOS8",5:6c218a69-b37f-472b-850d-2b9772792e4a:1152922604118475362,3.5,Neutral,Positive,0.2598,"Sometimes tap to wake up screen work. Little bit lag in touch screen.,https://m.media-amazon.com/images/I/81raP1KgBrL._SY88.jpg,Nice productsBut hand wash screen off problemRe-start problem,Automatic Restart problem,For the first time, I purchased a smartwatch. Seen many smartwatches for the last 3-4 months. Seen many brands with price ranging from Rs. 1999/- to Rs. 17999/-. This is very recently launched.Pros:-Quite nice product. Bought it for Rs. 3799/-.Amoled screen - enough brightness.Nice features.BT Call volume above average.So far fully satisfied.Many features are yet to be explored by me.Cons:- Sometimes BT connection may get broken, not very often.More I will write after few weeks.,,,",-
"R3KJZVGMCEDPKA,R1EU6W1X8DZQN1,R3L27Z1PJ76EKV,R1834GGPCPMNI7,R1UMU1N5S0KAZR,R1WXD21WPVTX5W,RKAXT22G5HS62,R30RLRRT0OJMVO",5:6c218a69-b37f-472b-850d-2b9772792e4a:1152922604118475364,3.9,Neutral,Positive,0.6689,"Overall it is nice  phone at this price go for it,Tbh it's a good phone for your parents. Of you are a heavy user then don't consider this phone.Cons:-1. Slow charging (this phone usually takes around 2 hours for full charge)2. In initial days you will be impressed by the battery consumption I.e it runs 1.5 -2 days after only charging once but after few days it comes back to normal3. You will not get features like slow motion etc etc. In this price range you can get these feature on other phone Or MI variantsThis is my 15 days reviewHence I haven't tried every feature of the phoneWill come back soon after using it for months,Extent,Awesome phone, recommend to buy it.,its all okay,https://m.media-amazon.com/images/I/513nl6zJI4L._SY88.jpg,Nice,Best 5g phone in cheap price",-
"R1VSKOXXZVR2QQ,RTHHAHQ848PU8,R1RNS2YZ7FXVD1,RMYPWXFB5Y3MQ,R2ZCXVKC7DFULV,R1MBN704BJGOUR,R357MDXJPLIJ9E,R38J3H1JQN20BI",5:6c218a69-b37f-472b-850d-2b9772792e4a:1152922604118475365,3.9,Neutral,Positive,0.9815,"The watch is good, the app is very bad, no Google fit integration or anything, watch face is barely customisable, I don't know why they used the new noise fit prime app with it, the app is very glitchy.If you want this watch for calling, go for it, otherwise don't, I hope they make this watch compatible with actual noise app.Also, wrist awake does not work properly.On the plus side, it is good for calling.,It is great for the price range. I bought it for my son and he is very happy. Can pair with a phone and make and receive calls. Nice UI, great watch faces, step count looks to be fairly accurate. All in all a good buy.,Just work like a smart watch..,Its very light weight with all the added features. Battery life is Max 1.5 day.It drains your phone charge rapidly,Nice,Like very much,Nice,Comfort and nice to see",-
"R1VSKOXXZVR2QQ,RTHHAHQ848PU8,R1RNS2YZ7FXVD1,RMYPWXFB5Y3MQ,R2ZCXVKC7DFULV,R1MBN704BJGOUR,R357MDXJPLIJ9E,R38J3H1JQN20BI",5:6c218a69-b37f-472b-850d-2b9772792e4a:6917530127152710430,3.9,Neutral,Positive,0.9815,"The watch is good, the app is very bad, no Google fit integration or anything, watch face is barely customisable, I don't know why they used the new noise fit prime app with it, the app is very glitchy.If you want this watch for calling, go for it, otherwise don't, I hope they make this watch compatible with actual noise app.Also, wrist awake does not work properly.On the plus side, it is good for calling.,It is great for the price range. I bought it for my son and he is very happy. Can pair with a phone and make and receive calls. Nice UI, great watch faces, step count looks to be fairly accurate. All in all a good buy.,Just work like a smart watch..,Its very light weight with all the added features. Battery life is Max 1.5 day.It drains your phone charge rapidly,Nice,Like very much,Nice,Comfort and nice to see",-
"R3673WOUZQ8VY4,R3129KHZHX9V13,RDPHA1Q2BUYT2,R1Z655ELTMOH4N,R1J3D9HLJQKZTS,R2B7BEQ6YQOWVO,R2SF8G03AVZDBK,R9UEQQ3FCV3UD",5:6c218a69-b37f-472b-850d-2b9772792e4a:1152922604118475790,4.3,Positive,Negative,-0.8622,"The sensors has burnt at two point of more than 3mm dia on my wrist upon wearing overnight and I have abandoned using it out of fear.  Had enclosed photos herewith.,Worst to buy, it's belt quality is totally poor, performance is average, not proper tracing of activities and battery life is too average.,Value for money,It's  good,Low batter life,Nice Smartwatch, Big Display, Long Battery Life, Max Features,Good,Good product",Sentimen Negatif Umum
"R2E39V9PQNSKB2,R3UPIMMS24KIKB,RM0KONA0D7IDQ,R72MOQ4D28G1E,R1X07P7FPU0WD8,R7VI24QL64CL,RE10WZDEARA78,R5P9JRFHZZ909",5:6c218a69-b37f-472b-850d-2b9772792e4a:1152922604118475791,3.8,Neutral,Positive,0.9727,"I really suprise there is no Bluetooth calling and no gpsAlthough brand is good but if there is Bluetooth and gps it will be extra good for buyers,Pleas add bluthooth calling so your watch selling will increase,Its a premium build watch with mid range features. It needs a lot of software updates to fix bugs and bad design choices. I returned the watch after a day's use because the features didn't warrant the price i was paying for it.The same notification appears twice in the watchNotifications that i have cleared from my phone dont go away from the watch and it even vibrates randomly, showing the old notifications.When i want to clear a notification, i have to swipe to the left for the delete icon to appear and then tap on the delete icon. Why the extra step? Why not just consider swiping left as a removal of notifications?Calls on the watch only have the reject button. There is no button to accept the call from the watch.Google Fit Sync doesnt workYou can only store 5 watch faces at a time. Also the variety of watchfaces isn't a lot, which is probably understandable because it just releasedWith a couple of software updates  this would be a really competitive watch, hopefully they dont abandon it  , like they abandoned updating the OnePlus Watch,https://m.media-amazon.com/images/I/61OuSyAi-0L._SY88.jpg,Nice watch at 4499 Price I have used City Bank credit card for availing discount,,The functions are super smooth although the N-health app sometimes does not track exercise, overall the watch is great product.,Plz update and add call receiving option",-
"RPGI8FD8L5XJ6,R36XGTWLTTWPKY,R11S82IA4CCOBF,R2N5BCWW3L6N61,R368GSXQQ4XZOQ,R2IX7Y214VQ393,R3E53UMP67OLFQ,R1A09WDPBYAYY5",5:6c218a69-b37f-472b-850d-2b9772792e4a:1152922604118475792,3.7,Neutral,Positive,0.8126,"Only issue I've had is battery life.Rest it is a great product.,Very nice watchNice touch,ok.,Nice,Good product,Battery back up need to be improved... Remaining all features are good...,Ai is not working properly,Watch is good ..but I had battery issue and alarm issues",-
"R2XF84DPH68G5Y,R272LVPQ9OGM0S,RBQF76FUWS8PH,RUV6A5DB7ROJU,R25Z9XP6UQKEBZ,R33QHW049WSWGB,R3QAWS03V5OYSG,R3407AFPL16VUS",5:6c218a69-b37f-472b-850d-2b9772792e4a:1152922604118475793,3.9,Neutral,Positive,0.9366,"i use it for powering my bluetooth speaker and another usb light. so it powers then nicely,Good charger my feedback is 1 month after giving is nice product.,Working with any types of USB either C-type or micro.Temperature always normal with 2.4amp ranges .,Adapter is good but tyape c cable is not good bought for Rs.188,Very best,@99 or 149 that's the good deal, a normal changerlet's see the warranty conditions,Good,Nice product and value for money.",-
"R2XF84DPH68G5Y,R272LVPQ9OGM0S,RBQF76FUWS8PH,RUV6A5DB7ROJU,R25Z9XP6UQKEBZ,R33QHW049WSWGB,R3QAWS03V5OYSG,R3407AFPL16VUS",5:6c218a69-b37f-472b-850d-2b9772792e4a:1155174403932161041,3.9,Neutral,Positive,0.9366,"i use it for powering my bluetooth speaker and another usb light. so it powers then nicely,Good charger my feedback is 1 month after giving is nice product.,Working with any types of USB either C-type or micro.Temperature always normal with 2.4amp ranges .,Adapter is good but tyape c cable is not good bought for Rs.188,Very best,@99 or 149 that's the good deal, a normal changerlet's see the warranty conditions,Good,Nice product and value for money.",-
"R3KJZVGMCEDPKA,R1EU6W1X8DZQN1,RE8OSDUM47BMX,R3L27Z1PJ76EKV,R1834GGPCPMNI7,R1UMU1N5S0KAZR,R1WXD21WPVTX5W,RKAXT22G5HS62",5:6c218a69-b37f-472b-850d-2b9772792e4a:1152922604118475795,3.9,Neutral,Positive,0.6689,"Overall it is nice  phone at this price go for it,Tbh it's a good phone for your parents. Of you are a heavy user then don't consider this phone.Cons:-1. Slow charging (this phone usually takes around 2 hours for full charge)2. In initial days you will be impressed by the battery consumption I.e it runs 1.5 -2 days after only charging once but after few days it comes back to normal3. You will not get features like slow motion etc etc. In this price range you can get these feature on other phone Or MI variantsThis is my 15 days reviewHence I haven't tried every feature of the phoneWill come back soon after using it for months,Nill,Extent,Awesome phone, recommend to buy it.,its all okay,https://m.media-amazon.com/images/I/513nl6zJI4L._SY88.jpg,Nice",-
"R3M6TF2LH1H23Q,RT3G3MB3U8LC1,R3GU8IR94309OK,R2LWF5MF37BRFN,R16HGOYD8RITO8,RS7K2VARSRPPH,R29RY4BYVG8N55,R1WPHPSV5DKHQJ",5:6c218a69-b37f-472b-850d-2b9772792e4a:1152922604118475800,3.6,Neutral,Positive,0.9081,"Lital bit ok,Good design but china product,It changes the angle and gets loose in a few days only,Very poor quality,It's worth and good quality,Very good quality,,I like the quality of the phone holder its amazing",-
"RMGE5B6FD1FS5,R1FN1REHXYLMZ,R1BL6NYV6D8W1M,RJHBMPZRSI8AJ,R144IGLWP70M8K,RHSVGQWZTK60L,R2M5S0A5M8DPEJ,RWJG2SH0FCSIY",5:6c218a69-b37f-472b-850d-2b9772792e4a:1152922604118475801,4.1,Positive,Negative,-0.1435,"I used this mobile Last 2months overall very good i am very satisfied buying this and no lag no heat you can go for it,Nice phone looking good and over all good for this price,good,Everything is good, but the voice of recorded call is very low.,Fentastik,Good. But brightness level is naturally low in this phone brand,Gud,It lags and hangs a lot and there are too many ads and inbuilt functions in the phone which are very annoying.",Isu Harga
"RGIN9AS9WAQNP,R2TI5S1VH0Z88G,R3K4W8ED08OFWZ,RHSML7W05JVC0,R1CFTT0Q5RRC8C,R3SMLK8O4PUTW5,R3BHJRLDSTVS7W,RO0KLBJXV6XCR",5:6c218a69-b37f-472b-850d-2b9772792e4a:1152922604118475804,3.9,Neutral,Positive,0.9933,"Audio contains lots of distortion when using speaker, Battery life is good.,I bought this phone for my staff, who can handle only these basic variety types. She is very happy and loves the color.,Nice one,Hgh,Battery backup is great. Didn't like center button design. Separate four buttons would fit great rather than one square one. Irony is that it is for indian customers but couldn't find Gujarati language in this phone. Overall product is good for normal usage. Bluetooth , radio, camera, memory card, dual sim, games are added features for fun.,Good Product,It's amazing...and worth the cost ..the only weak point is that the response from the phone is a little late..after pressing buttons...otherwise it's best under this range..,Nice one, easy use and more flexible one easy to carry, good battery life and camera quality also good not bad sound quality is good  over all value for money.",-
"R3VBC6VU8OT0QP,RNFZF13HB44YR,R2UQNJFA27MAKM,R1EURXJL39I8LN,R33PGOF5ODIFCJ,R3MN2XSFL7T48O,RDVFTWAGEQNT,R2GHXYM6OGD6TQ",5:6c218a69-b37f-472b-850d-2b9772792e4a:1152922604118475807,3.8,Neutral,Positive,0.9581,"Looks good and didn’t harm to iPhone battery and as price is worth,Value for money,Best product and fast charging. Thanks!,The money is affordable and charger is good,Nice,Bought both Adapter and cable.! was very skeptical about it first but ordered based on the reviews.! However, was very happy with both the products.! Original packaging of adapter and cable as well.! Thank you,The product meets the requirements envisaged.,Value for money, Package seems like original.",-
"R3T70N2JGTAPV2,R1LWQEOFIRU2NO,R1YDTGG09KKA7E,R2I90G9MLZ2RUP,RBQKKFWRS8SOH,R223TL7W5MX14P,R3S3ER956A091,RHWFJRSKL5O8R",5:6c218a69-b37f-472b-850d-2b9772792e4a:1152922604118475809,3.5,Neutral,Positive,0.6539,"Network reception is not that great.  People who call get out of coverage area message even though the phone show two bars of network .The same sim and network worked fine in my smartphone.Can use this as a secondary phone or as a backup device and cannot rely on it as a primary device .The only benifit which I saw on this is it supports VOLTE and can sync the contacts from Android phone which avoid manual taks of creating each contact manually .,Product is average. It doesn't suck like the many contemporary feature phones from other brands. That being said, it's not great either with some little annoyance noticed.Don't expect much as its a feature phone but then some negatives are:1) There's a voice distortion noticed occasionally when receiving calls. Have to end the call & redo it, then the voice is clear.Initially thought it was an issue of a particular product. So returned the phone & got a new one.However the new one also has this. Have tried some methods to rectify this including switching off the volte . Till now this issue has not cropped up yet thankfully.2) No notepad.Come on, how hard is it to give a notepad on this phone. If it can do texting & contact saving, how difficult is it to give a notepad to record stuffs?3) No YouTube.Since there's no dedicated YouTube app, tried to access it from the opera browser, but to a big disappointment, it can't properly load the YouTube page, let alone play any video.Yes it's not a phone for constant YouTube watching. But since it's a very important site, not only for entertainment, but also for information & news, it would have been great if youtube was enabled (it supports 4g, so why not YouTube?)4) The camera is very bad.Can't expect smartphone standard camera, but this VGA camera is really bad. Nokia could have increased the price about 500 bucks, & give an average 1 megapixel camera on it.Sometimes we take photos not for posting on social media, but for information, like the name of a store or number of a vehicle.A basic camera that does that job is all that is required.5) Was delighted to see an ""English with Oxford"" app. Assumed they were very thoughtful to give an offline dictionary.But then upon opening, it turned out to be a demo version with ""Pay INR 50"" & ""Play 3 free trail""Was even disappointed when upon clicking the free trail option, it required internet & was directed to the opera website.What's the point to this?Other than this, the phone is not bad with some positive features like wireless radio, radio recording, big screen (compared to other feature phones), voice recorder,  torch, call recording option, converter app, stylish retro design & a good easily typable keypad.,,All os Ok but battery life is not good .While we r not useing a single call also but its draining battery life,Good add-on phone. Battery life is >7 days if usage is not very heavy. FM works without wired headphones. Call quality if good. Dual nano-sim. No profile setting option as was the case with previously released Nokia feature phones. Preinstalled games but all (except snakes) are trial version. Internet browser, facebook, music & video player are there but no option to install any other app as there is no app store.,Gud for one model in Nokia and worth for money,Bettery not works more than 4 days even not using phone,It works like any other feature phones from the 2006-2010 time, but the build quality is considerably low. Good battery life and good call quality is there, nothing special other than that.",-
"RRKAMPIXSKUW,R3SXQQ9NVG7HOY,R3UW73PKX5XAOA,R3U8JXSUPY8MSJ,R3B9EB3AG57TR9,R2QNWBZRD42XTY,R2E243OBZNQZ4Q,R11DCSCBEFMX5F",5:6c218a69-b37f-472b-850d-2b9772792e4a:1152922604118475811,3.9,Neutral,Positive,0.9974,"Below is the experience so far.1. Received a defective product. Battery was getting drained out in few hours, wifi kept getting disconnected and almost every app was giving trouble,  including Google maps. (Location was not getting captured)2. Tried to return it on the 8th day of purchase after running into issues with every app I open. (tried on 7th night as well, but phone froze and was not able to even switch off and restart the mobile - Amazon app was in this phone. Used another phone to check how to force reboot next morning and switched on the mobile)3. Amazon said return window is closed on 7th night and now I need to call Samsung customer care directly for replacement.4. Called Samsung customer care and they tried to check the phone remotely - couldnt identify the issue.5. Informed I will have to visit the Samsung service center to figure out the issue6. First visit to center, they did a software update (3 week old phone now - not sure what update would be pending) and returned the phone saying we will see if issue persist for one more week. They also whipped out the entire apps in the phone.7. Faced issues the very same evening, lived with it for one more day and went back next morning.8. Second visit, they identified that both motherboard and battery had manufacturing defect and will have to be replaced.9. I requested for a phone replacement and they told me their policy doesn't allow them to replace the device and can only replace the mother board and battery, which was defective11. They told me I will have to contact Samsung customer case number again if I want a product replacement as they don't have the authority for that.10. Called customer care number again, and they inform me I have to contact Amazon for product replacement as Amazon was the seller.So back to step 3. Will have to see how many more hoops need to be jumped to reach the end , If I manage to reach there.Update :11. All customer care said they can't replace the phone. So surrendered to defeat and gave the phone back to samsung customer care center for battery and mother board replacement. They gave back the phone next day saying parts are replaced. Again, whipped out of the apps which I had downloaded and logged in again.12. I checked the phone from the center itself before taking it back and I figured the problem still persist (battery was draining out by the minute). I showed it to them. They told me it's a new battery and will take some time to stabilize. They also asked me to buy a super fast charger, while i bought from them to not take chances. They asked me to check for 2 days and confirm. Used for 2 days. Same situation. No improvement.13. Went back to them again. They checked and said they will forward it to technical team for checking now.14. Technical team checked the device and said there was a software issue for few products in this version and then will need a 4 days to correct it since they are still working on the software update to correct this. I have no idea how this product passed the quality test if all these statements which they are making are true.15. By this time samsung customer care has used the phone for more days than me since buying the device and they have identified hardware issue and software issue in the product, but still refuse to give the money back and take back the product inspite of repeated requests.15. They kept the phone for 5 days and returned saying everything is fixed.16. Phone started functioning normally finally but I was sick and tired of the experience.17. I called the samsung corporate customer care narating the the whole series of event and asking for refund. They refused with all their might and said ""phone is working now"". During the process I also figured out that the customer care center who kept the phone for 5 days for repair dint even create a registered complaint or a job code while holding the phone for 5 days. I officially registered a complaint. But still no luck of returning the phone.Update on Nov 30th.18. I was traveling and outside the country. On Nov 21st while using the phone and with 70% charge left screen went off and stared showing grid lines like some TV from 1980's. Tried switching of the Mobile and restarting multiple times. No luck. Still grid lines. My flight bookings, hotel bookings and everything one can think of, was in the mobile and my 3 month old phone is not responding to anything possible. Friend thankfully had a spare mobile and i used that phone till I completed the trip.19. Reached back in town yesterday and my first act is to visit samsung customer care center. (Nov 30th.) Am writing this update sitting at the customer care center. They mentioned ""patch issue. Software update dint happen"" . At this point, I know they are just speaking rubbish to engage the customer and just delay the situation. No 3 month old phone's screen will stop responding because of software update missing. They are opening the phone again to operate it, after again refusing my request for money refund.,Its really good smartphone in its range packed with features. And brand like Samsung never fails to amuse with what they deliver at a given price point. I still give it a 3.7 stars as battery 🔋 could be better. It also looses a point for not including a charger.,Phone looks are good. The charging speed is ultra slow even with the fast charger 25W original. Also camera quality is not even like 32 MP, total lied about 108 MP. Samsung UI is not very friendly and easy. Other brands have better and smoother UI.,Phone is very sleek, bought brown shade which looks much premium in hand at what it actually is....... Good budget model phone,you can not deny brand ,sumsung is a brand .overall good product for long use.,Good worck,Charger should have been part of it. But product looks good,Pricewise a little overpriced.Some of the cons are: a little rigid fingerprint sensor, after 2 months of use, i frequently encounter a lag when unlocking the phone, battery life not up to the mark, struggles to go the entire day even with regular use, no 3.5 mm jack, and a buggy BT.Pros: a very good camera, excellent screen, superb sound quality.If you somehow get this for below 18k, then go for it or else there are better options available.",-
"RQOWF9MFTN6CQ,R23B5JORWWE85P,R3SB0VOD36AXI0,R21GGYJ4354Q5J,R2L4513I3EHE9T,R1PKO3C46KVSKW,R2MGVNOXZZ1BWP,R2IYFCFPLPOX6C",5:6c218a69-b37f-472b-850d-2b9772792e4a:1152922604118475813,2.8,Negative,Positive,0.4201,"Good Prodat,Battery life is so bad.,Nice product,Dislike product also not return its only replacement,,Iska tauch kaam nahi kar raha hai aur kewal mobile adoptot se charge karne par on dikh raha phir turat band ho ja raha hai.ise wapas karna hai.,पहिल्या दिवसापासूनच ती वॉच ऑन होत नाही. चार्ज केले तरी पण ऑन होत नाही. पुर्णपणे third class वॉच पाठविली Amazon ने. दिवसेंदिवस Amazon ची सर्व्हिस आणि प्रॉडक्ट bad होत चाललेले दिसत आहे.,Bhot Jada ghatia h h,All the products are very good working there is no any issue till now.",-
"RQRTXJPYHHSFL,R18MNNVQYGQHHE,R1KJ85AGYAQR4S,R1T49OPXXOLBI5,R1UUEAIVGFS3CT,R3UJT4TR76E3A,R2U1YEB0JD1J6F,R16JEBARKXZ8BX",5:6c218a69-b37f-472b-850d-2b9772792e4a:1152922604118475814,3.8,Neutral,Positive,0.8466,"Nice Phone. All over Performance is Good,बैटरी लगभग ठीक है कैमरा भी कुल मिलाकर ठीक है नॉर्मल न्यूज़ के लिए,Battery is running good, Camera is ok ok, speed of this phone also good as per price range,Goog wrk condition,Poco c31 oprating is better but lots of internal applications added,video quality and sound very low quality effect,camera picture quality is normal good & which I recieved mobile box not clean.,Price is too high,it's price goes to Flipkart 3/32,6499/-and 4/64,7499 yesterday.I want to buy this but can't do this reason,,Best 👍👍👍👍👍",-
"RGEDIZCX7LB34,R19GGFEAAXAUKK,R3L3EFRRM8X2IY,REN3MEL7IYDKT,R2H176Z5380NWJ,R1AFCXRUZ8KCCK,R16381PP969JBP,RFDKRGYGQB7U6",5:6c218a69-b37f-472b-850d-2b9772792e4a:1152922604118475818,3.0,Neutral,Positive,0.7245,"Its is value for money,,Good product,Good, liked,,charging lasts short time. charging with straps impossible. very poor working. not worth the money paid.,It's tiny specially can be look great on tiny wrist, look is also nice but internal feature is some down it must be upgrated.,Auto data collection n update not there . Gets disconnected all time. Hard to connect. Doesn't get update automatically with time n day . Today is 12 dec Monday n it's still showing 10 dec Saturday. Had to update time everytime,It works fine for first five days, even it is cheaper, it should be worth of the money. And now two months works good",-
"R3FQMPLCZV75E,R3CXYW32DE2XCE,R3VMIAJI5S2S9M,R33BXR8IIASQCO,R31X014WG1MEMQ,RNZ3UOYY7B2N0,R28IU0P7UBCRG6,R34GOU1HWA68GA",5:6c218a69-b37f-472b-850d-2b9772792e4a:1152922604118475819,4.0,Positive,Negative,-0.4467,"Good for the price,Nice one,Just OK for the price...,BATTERY NOT WORKING,Comfortable and small to useIssue in power supply that melts the charger cable of smart watch,,Pasand,Sleek etc yes, but mine stopped working after 7 months.  It has a moulded outer casing ie no screws to open/repair if it stops working. Replace it in warranty else throw it away..Buy at your own risk.High time Indian consumers got #righttorepair",Isu Harga
"R3FQMPLCZV75E,R3CXYW32DE2XCE,R3VMIAJI5S2S9M,R33BXR8IIASQCO,R31X014WG1MEMQ,RNZ3UOYY7B2N0,R28IU0P7UBCRG6,R34GOU1HWA68GA",5:6c218a69-b37f-472b-850d-2b9772792e4a:1155174403932161067,4.0,Positive,Negative,-0.4467,"Good for the price,Nice one,Just OK for the price...,BATTERY NOT WORKING,Comfortable and small to useIssue in power supply that melts the charger cable of smart watch,,Pasand,Sleek etc yes, but mine stopped working after 7 months.  It has a moulded outer casing ie no screws to open/repair if it stops working. Replace it in warranty else throw it away..Buy at your own risk.High time Indian consumers got #righttorepair",Isu Harga
"RO163Q6WRVSZZ,R28DMP1E79OWIH,R2FJI6OH7CFVRL,R1CHL5MG2PHSFJ,R2T11MDTCMZ8IQ,RV544Y0ARIS17,ROHRC9ZCY3ZKI,R28O9QSWHZF2KK",5:6c218a69-b37f-472b-850d-2b9772792e4a:1152922604118475820,3.9,Neutral,Positive,0.5127,"I bought this splitter for 120 rupees. I did not find any issue with this product. I am using my wired realme buds 2 earphone and MSI gf63 laptop to test it. My feedbacks:My mic is working properly.No issue with left and right sound.Build quality is also not bad, splitter used flat cable which seems durable.RECOMMENDED 👍,Good product overall. I needed this type of adapter for connecting my mobile headset to my Pc for listening & recording so it's working well on my Pc but only problem is if the earphone jack is inserted fully to the line out socket of Pc (front side), the sound is very low so it needs to be inserted 3/4 only & in that way full maximum sound coming,https://m.media-amazon.com/images/W/WEBP_402378-T1/images/I/61ytYJ9ba7L._SY88.jpg,Good working with boya m1 mike.,When I decided to buy this, I found this with good reviews and Amazon recommended. After using it for many months, there is no disturbance in the quality, both mic and sound.Since I use Laptop and Desktop with same earphone, I need to frequently connect and remove the earphone from the cable, the cable is connected to Desktop, to connect the earphone directly in laptop, having done this so many times there is no issue when it comes to quality.I have recommended this to my colleagues and they also have liked the performance.You can buy this without hesitation.,The headphone jack works well, but when I put the mic jack in the pc, it creates a lot of noise which I am easily able to hear. It causes a bit of irritation sometimes. Elsewise the product is quite good,Great product and really durable.,Good product",-
"R2FRXUVIUPO3JD,R2S7JVQ4Z9GYLB,R2U2GZZ9ZUDTE1,R33GW8VLIA7TOI,R35DGD2XREWO5P,R17TQA9TZKL5LH,R15HVUSH6RX8V2,R3UME3PEOKCQ5B",5:6c218a69-b37f-472b-850d-2b9772792e4a:1152922604118475825,3.8,Neutral,Positive,0.723,"Very Bad mobile,Best mobile.,Phone good but charger Nani aya,It's good,The phone serves all my purpose..very good one❤️,Value for money,https://m.media-amazon.com/images/I/71veEcoG5-L._SY88.jpg,Phone works well.",-
"R1A8VRVLZEPPCO,R1G1WGHDY6EN6V,RDPRCGL4SELOQ,R14VFIZGF8DVCC,R3L5E72O2NPWAX,R1H6XVMAKGROHM,RL8QQ5LOOTC1B,R2USFYNMVOB95A",5:6c218a69-b37f-472b-850d-2b9772792e4a:1152922604118475828,3.7,Neutral,Positive,0.9413,"I have purchased it for my galaxy watch 4 44mm it fits perfectly and the touchscreen works good. But packaging should improve.,I am writing this review after using the product for 1month. Nice case for samsung watch 4, no touch problem I faced till now. Best thing about this case is it comes with warrenty so that you can replace it if any defect product you received.,Fells hard plastic.Lookwise it's good,There is an air gap between the screen and the case, which means it's made for a thicker body, which means it's made for the watch 4 classic. You have to press hard on the screen guard so you actually touch the screen.DO NOT BUY FOR WATCH 4.Otherwise it should be ok for watch 4 classic, though I cannot confirm .The case has integrated screen protector and protects the sides . Obviously it doesn't cover the back. The blue looked weird on my black watch 4.,Overall from a protection perspective the product is very good. Look is good. Only the touch screen sensitivity needs to improve.,https://m.media-amazon.com/images/I/7160DgLoRUL._SY88.jpg,Perfect product for samsung watches,",-
"R2FHGVLNMCEDS3,R1AHSDM5M325MM,R3E7Z6ZZCWNVTP,R2ARI9ILETH6A0,R1KRTG4TU6MUCU,R3SBJYLLR84FNM,R10IL98NTGTQH1,R2MS0CPATDN53O",5:6c218a69-b37f-472b-850d-2b9772792e4a:1152922604118475831,3.9,Neutral,Positive,0.383,"Its decent,Don't buy this phone buy if you are aged at 40 + This phone is not for younger generation. Phone useful features are YouTube WhatsApp Calls only.,Ok,Nice,The phone is not very effeciently responsive. Battery runs low even when not used in 1 day. Finger pring does not work well - need a couple of tries to open.,Back camera is good, bettery life is not working well, bad very bad,Average phone day to day use,Finger lock fast",-
"R3LJ3MMSH7Z1BT,RPYZX0CFFJI72,R358NYWUQLR163",5:6c218a69-b37f-472b-850d-2b9772792e4a:1152922604118475840,3.9,Neutral,Positive,0.9993,"Bought it in January,posting it in August. So i've used it almost 6 months and giving honest review.In short if you are getting it during sale time @899-999,then it's a steal deal..also in regular price b/w 1299-1499 it's a good product..Sound quality is good. Enough loud at 50-60% volume. Bass is also ok. Whenever needed it produces punchy bass. Overall balanced.Mic quality is good in indoor condition,but in noisy environment you can't rely on this. Recevier can't clearly listen to you.You can do gaming as company claiming low latency,i myself didn't test it.Now about battery backup,company claim it will give battery backup of 42 hours with case. 6 hours in single charge+Additional 36 hours(6 times charge via case). But in practical use it gives total 35 hours playback. It will give around 5 hours backup on single charge of buds @ 50-60% volume(if you only listen to music or watching video,but no call or gaming) You can charge the earbuds full 6 times via case: so additional 30 hours.Just one issue with it's design,suit case type box & not easy to carry in pocket. I would say it's a personal preference. If you are into good looks,design then it's not for you.Now it's regular pricing varries between Rs 1299-1499. In this price range also it is one of the best tws under 1500. I will tell why.. now a days many brands are launching tws in the market under 1500. Most of them sound almost similar, difference is like 19/20!! They are just marketing their tws with huge hours of battery backup & by youtubers,reviewers. 48/50 hours of playtime is just myth. I've personally used Truke(Airbuds lite,Buds F1) which is by far the most false promising brand claiming 48 hours of battery in their every tws,but only give 21 hours. Even other tws of boat(Airdopes 121 pro) which claim 40-45 hours playback only give around 25 hours,Defy Gravity Z claiming 50 hours only give 28 hours. If you are impressed by their looks & huge battery backup and thinking to buy those,you will be disappointed after purchase. Instead go with this,you will not be disappointed.,I read the negative comments first and decided not to buy it because the comments said it gives high latency on gaming like PUBG and also it falls from ear while running. And that the difference between normal and beast mode slightly had differenceBut a PUBG youtuber Recommended me this so I decided to give it a try, after trying out myself.Let me provide the facts for youI have a boat rockerz 510 headphone which obviously should be better than this airdope but this airdope surprised me by doing 2x better in providing accurate sound in PUBG.It’s been 2-3 days I used it daily for 6-7 hours on full charge, it has no buttons and it works on touch sensor which was impressive for me and in PUBG it doesn’t give delay as written in the comments, it has a good latency better than what I had expected from the negative comments.Sometimes though I faced the issue where one side of the airdope stops working because it’s either on standby without detecting the user or a bug which is included in the faq/guide/help card in the box I’m satisfied in terms of gaming.For sports like running I wouldn’t recommend because it slips away however maybe u can tie the airdope with a thread attached to ur neck so that it’s safe from landing on the ground I’m gonna try that, please don’t use both the airdopes while running on the roads with vehicles running for your own safety keep one side of your ear free for hearing sounds from your environment.,Pros:1. The level of volume it gets to, is just awesome, it can get incredibly loud so if you're at the gym, these are perfect.2. Awesome Bass!3. Noise cancellation is just great, if you simply put them on without even any music playing, u won't be able to hear things around u very well, it's great for places like Gym.4. Lovely battery life, I've had them a week and only had to charge the case once, that too for just a few minutes. And the earbuds themselves, leave them in case for just five min and you'll be getting battery for a long long while.5. They are very comfortable, can be used for long periods of time.6. Affordable!7. The touch controls are very responsive, tap to pause, double tap right one for next song, double tap left one for either rewind or previous song. Can also pick up calls just by tapping.8. Multiple ear coverings are provided with it.9. Type C portCons:1. The sound quality is not bad or anything but it is slightly muffled as compared to good quality headphones etc. The bass is the highlight so it's great for music, but for movies or gaming, you won't get the most crisp audio.2. Some connectivity issues, sometimes i have to turn my Bluetooth on and off many times for it to work (this is occasional, not a daily or frequent occurrence) [Edit after 1 month use: it's now a very frequent issue]3. The mic quality is good if you are using your phone, but for some reason the quality is really bad if you are on PC4. Sometimes on WhatsApp, the mic will not be detected if you are on call with these earbuds, so you will end up having to take them off to accept a call sometimes. (Not an issue if you are the one dialing) i hope it's just a whatsapp issue rather than earbuds issue.Overall, I needed these for my gym since they play horrible music there (lol) so I'm very very happy with themHighly recommended for music and/or as a more affordable option as compared to JBL etc.",-
"R32QHTM45T5S7N,R1PWLZEPRIUF0B,R2ZPR72HXJDDTX,R1ERI9BP1ALOX3,R1BY1F45H961AX,R19ZEB8HMP8MQS,RO9GYYPV0QDRB,R1P6WSNKIOGFEN",5:6c218a69-b37f-472b-850d-2b9772792e4a:1152922604118475843,3.8,Neutral,Positive,0.9829,"The product is a good one, however once i received one with a small bump and I replaced it to receive one which won't erase one part of the screen.The product is very handy and easy to use. However you would have to replace a couple of times to receive a good condition product.,Easy to use and since we bought it a two weeks before .,..good experience until now.,..I will review more after using it for atleast two months!,It's fun with sustainable learning for kids. I ordered two tablets for my twins and both are liking it.,At first delete button was not worked so I thought the product Is damaged but there is lockscreen button on backside and its locked 🙃 overall good product thank you amazon,So far so good , a good alternative for paper  it works fine ... let's see how long it will last .,Nice for kids to play with,Nice,Awesome my son like it very much",-
"R2SIAIJ2R8203U,R2SLNJ664LBZS6,R2PJGCDX444YME,R39XDUIGQYNX0A,R25G45DJ52J2HV,R2WZN2M9J9EQUM,R1PTY9JK5PT866,R2KD1JU029JTLX",5:6c218a69-b37f-472b-850d-2b9772792e4a:1152922604118475844,3.8,Neutral,Positive,0.9747,"Sound quality is good,enough loud at 50-60% volume. Bass is also ok. Mic quality is also good in indoor condition. Receiver can clearly listen to you. I didn't use it in noisy environment or in outdoors. Company claims there is low latency while gaming,i don't know exactly if it works or not. Sound & call quality wise it's good one..But the problem is with battery backup. Company claim it will give battery backup of 40 hours with case. 8 hours in single charge+Additional 32 hours(4 times charge via case) This is misleading. It only gives total 25 hours playback. I've tested it myself.It will give around 7 hours backup on single charge of buds @ 50-60% volume(if you only listen to music or watching video,but no call or gaming) You can charge the earbuds full only 2.5 times via case: so additional 18 hours. If you try to charge after 2nd time it will only charge the buds around 60%,then it goes off. (After 1st charge the case has 48% battery left,2nd time it is down to 12%,then 3 rd time it goes to 0%)They mentioned earbuds have 40 mah battery each,380 mah battery in case. It is mentioned in product manual,but in boat website it is written 400 mah instead of 380.Technically 40 hours backup is also not possible.It has 380 mah battery in case,it acts like a 380mah powerbank. So let assume it's efficiency is 60%. So it will give output of 228 mah.(It is less than mentioned capacity due to energy loss  while energy transfer) Now each earbud has 40 mah,so total 80 mah. Now buds can be charged via case 228÷80=2.85 times.That's it.,Having bought this for roughly ₹1300, I must say that I'm not too satisfied with the product in many ways.1. Pairing is very simple and it connects very quickly.2. The build quality is actually very good. It's all plastic but it looks quite durable as long as you're not too rough with it.3. Audio is decent, not too impressive. My wired earphones (Boat Bassheads) are quite frankly much better.4. THIS IS NOT FOR GAMING. I play Call of Duty: Mobile and the latency is just painful. Even with ""Beast Mode"" turned on, I felt no difference as the the lag still persisted.5. The battery backup is actually great. The only positive thing I can think of is the battery backup. I got roughly 3 hours of playtime and the battery had drained from 100% to 80%. The quick charge is a cherry on top.Overall, I'd say it's performance is very average. Definitely not worth ₹1300 in my opinion.,,Not adaptive for every person's ear. My wife doesn't suit the ear airdopes.  Partially satisfied. 799/- rupees i bought. Don't bought more than 799 for this model.,The product was as good as i expected . The quality is good . Noise cancellation isnt quite high but overall good.,Battery lifespan i more, better audio. But calls are not audible properly some times.,It works best for the price. Sound quality is good, but plastic quality is average.,No clear sound on call. Creating disturbance during call",-
"R2TD3N245ZRZKA,R2I93780O12B86,R3VTLQFO4KMHHC,R1T0W8Y2RD3FQP,RUL4CK8TAFSM6,R10TVE5WRTUL6T,R1CT7PUFT9SH87,R119BACSU1D5W0",5:6c218a69-b37f-472b-850d-2b9772792e4a:1152922604118475845,3.5,Neutral,Positive,0.988,"It's light weight, good looking. Stability is moderate. I got it for 399/- I hope it the price to be less that i bought. Overall Nice experience to have this beautiful table.,It's a good product but ut has few marks on it which is not going away even after cleaning. It's okay for me. Overall It's good. Also because my laptop is 15.6"" display it takes up most of the space.,Table is of light weight and hope so its sturdy. Finishing is good with cup and mobile holder, will recommend this for kids writing purpose.,Worth for money. Useful for the one who wants to sit straight without bending spinal. For  WFH  perfect.,Keeps falling even at a slight push/touch. Unsafe to keep laptop. But very GOOD product if your base/floor is plain,Brought it for 399 rs, look wise its fab, very light weight,bottle doesn't fits in slot.received damaged at corner s, connectors material is foam , due to it stability decrease. Mobile stand is not adhered. And packaging is worst no bubble paper no plastic wrapping present.Its ok okish product at this point of price.You can buy coz in market you get this beyond 600 rs.,Good for 📝 Students & laptop 💻 work.But not enough strong to lift heavy-weight items. Stability is also well.,Product is good and quality of table.i like this....",-
"R27GRSZF2YL5ZO,R1KXPKQ4SPO0PI,R1O4LXS46WUDK6,R1LDIIH0E88Q70,RGAH8BAUKGJ2N,R3MCAC061E19PA,R3B880ZLBUIBVP,R13XVC901RKGZP",5:6c218a69-b37f-472b-850d-2b9772792e4a:1152922604118475848,3.5,Neutral,Positive,0.985,"When you are representing some product from a well known brand you must provide that well known build quality.This product is designed well to grab the good looks but not the quality of the material, it seems to be bad quality will not last in the longer run.Reason: I had just started using it to hear 3 or 4 songs with in that time 3MM Jack end rubber seems to be started braking.I feel that I can better quality on the platform vendors for this price.,Using this earphones almost for 6 months average sound quality performance is good bass quality average overall product is good 👍 and value for money 💰 if your looking for long term use go for it,just 150 buck i got it look wise fine. during a unboxing time i notice it broken and i try easily to fit it so i dont want to replace/ return it because only 150rs and easily fix.,Good product, Sound comes smoothly in 50- 70 volume level.,Ok,Super,Is better is not button,its very good at this price; ... I need one more, will plan to buy again, during offer @129/;",-
"R19QUEKHANF087,R2CU03OULJTK2A,R1SHVTKMHHOREL,R16MDWVEULVTGY,R24VBI0XML9AS5,RO1WU1XMSF20C,R17U7AO7GNBOX8,R2HES1EME0OXU4",5:6c218a69-b37f-472b-850d-2b9772792e4a:1152922604118475850,3.9,Neutral,Positive,0.9843,"The watch works fine. Good touch screen and overall features. But the connectivity with smartphone is pathetic. If you prefer a smartwatch which is not intended to pair with you phone then go for it. It works well in all other aspects.,This was indeed an ideal purchase. Good performance, good built, up to the mark functionality at this price. Stable and Sturdy. Recommend. 👍🏻👍🏻👍🏻,Looks ok,हार्ट रेट एवं ऑक्सीजन,Good for normal users.....Not for heavy users like daily activities.....Good looking on hand...App is not working properly some times,The battery power is amazing 👍🏻,It's a good watch but the strap always comes out,Nice watch",-
"RW3YCZCKGOBH,R3099XAIXYVYOG,R355B0JH9K3ZSR,RJS13UCRXJ0V3,RVHF9P5OW46KR,R19S4YL4JL81R9,R1OUTZ9YCQLAMM,RGN1P0TZA7RF0",5:6c218a69-b37f-472b-850d-2b9772792e4a:1152922604118475851,3.9,Neutral,Positive,0.9991,"It has been only 1 month since I have bought this item so I can't comment on its durability but currently it is working perfectly. Sound quality is good. Fitting in ear is perfect which has been constantly an issue with other earphones I have used till now.I have doubt on its durability because its wires are kind of handle-with-care. If it is durable then it will be among one of the best earphones, I have used till now.,Unable to hear after, 8 months,Good budget earphones for taking call and listening to music/ watching videos once in a while. Be careful with the wire though as it can get tangled easily and is not that strong.,Best buying in these range,The C50 HI is a budget friendly in ear earphone and it really comes at a great price.But the next version of these i.e. C100SI has more value for money factors.Like C50 HI has angled 3.5mm jack whereas C100SI has the normal one and i am not supposed to say this but trust me C100SI has the best best best and superior sound quality if I compared to C50HI.Though it doesn't have a great durability.But if your previous earphones were c100si and you are switching on these then one can definitely notice the difference between the c100si and c50hi although you can adapt the sound of c50hi in nearly about 1 week if you are switching from c100si.To be honest the c100si is literally best in all circumstances such like gaming,Listening to music and professional editing the vocals,mids highs lows are perfectly balanced in c100si but not c50hi.in c50hi mostly when listening to sing the bass was not up to mark and the vocals were so loud that the bass was literally fading main point is that whenever we hit the full volume both of them never distorted any single beat.Hat's off to harman.,Good earphones short time usage.,Its good with very clear voice and average Bass clarity. I am not giving 5 stars because certain Bass can be improved a bit more. Overall its a good one.,Was looking for budget earphones with voice clarity, JBLC50 HI does the work. Except for bass quality there nothing else to complain about.",-
"R2GVOJLXANNFG2,R3CY1HGOV9WMQT,R7U8B1E7W8E54,RYB8ZW396HQB,R3790HUAN7KW93,R1IN06KIK8ENHU,R1UXT7KA6M4R0Z,RNTYVAAWTJ5CE",5:6c218a69-b37f-472b-850d-2b9772792e4a:1152922604118475856,3.9,Neutral,Positive,0.9956,"This is my first product from Boult. I wanted a wired earphone and when I searched on Amazon I found Boult in such a low price and I ordered it. Recieved it today.Checked it by connecting to my phone and I was surprised by the audio quality. This is a nice product in this price range and the mic is also good. The build quality is average and you can't complain considering the price. It also has a clip to attach the earphone to your shirt like the good old Nokia days. It has total 3 pair or ear tips (2 in a zipper packet and 1 already attached to the earphone).  The manufacturing date is March 2022. So, it's quite new actually, not an old stock. It also has that anti-slip ear hook, which is an added advantage. In general, it is a good product for this price.,I was looking for reliable Bluetooth earbuds on a budget, and settled on these. Personally, I am pleased with them. I have been using them for almost four months now, including one month when they saw around 12 hours of use per day.PROS:▪ Comfortable.▪ Elegant and sober appearance.▪ Reasonable battery life. I would let the earbuds recharge at, for example, mealtimes.▪ Decent range. Going a few meters into the next room, with a concrete wall in between, was no issue.▪ The battery status of the dock is shown by a series of LED blinks. Simple and practical.CONS:▪ Mediocre phone calling quality. In particular, the microphone. The few conversations I had using these went successfully, so this was not a deal breaker, but the clarity was not the best for sure.The touch controls were initially a drawback for me, but I got used to them. Also, this product does not come with a charger. Either charge off of your computer, or buy a charger with the recommended electrical output. As for the sound quality, it is acceptable, not superlative. I have listened to music, and I have watched films and YouTube videos, with no problem.As a final note, I prefer this type of earbud over the in-ear type, because I find it more hygienic. Wiping with a clean cloth after each use, and leaving the lid of the dock open for some time, should help to slow fungal growth.,Very Good Product, nicely fits in the ear and comfortable .The Volume seems to be a little low at the highest.But, A good Buy,Sound quality is good everything is balanced but bass dominance is too high and couldn't hear the treble and other notes,very good bass quality And Worth for money earphones I ever Buy.. also Product Quality is awesome 🔥❤️,it doesn't fit as snugly in my ears, maybe it is cause of greasy ears, but the product is good, highly recommended,,Bolte audio bass is very good",-
"R2K3IBMM9I3HQH,RL1H11C1J4W4U,R26GYIVCHR44IY,R2X4UKYY57A9JX,R3J71TYH2ISEUY,R3EX53W4D2TLR9,REY9RHIDKB28T,R2IYAMOBWJY5JC",5:6c218a69-b37f-472b-850d-2b9772792e4a:1152922604118475859,4.5,Positive,Negative,-0.838,"I'm using this mouse from more than 6 months now and It's working great.but the only problem I faced is the big size of it.It looks like the old ball mouse which is quite big in size.Good for gaming by the way.,Working good,by far the best mouse I've used (writing this after 3 days). suits well for daily use; could be a tad bit bigger ...,Been using this mouse for the last 4 years both in office and at home. Suits my hand the best, tried some gaming mouse at 500-800 range but the feel is not good and my wrist starts to hurt on those cheap mice. This one is the father of all mice in that sense as it ticks all the boxes for me. Obviously you cant expect some god like gaming performance but its decent and for everything else it's the best.,Item is good.  No issues,It's Really worthwhile,A bit short in height, clicks and scroll good for home and office use,Easy to use. Rough. Lasts for 4 years+. Affordable.",Ada kata 'Tapi' (Kontras)
"R2U4L5Y1EI2L9P,R17YBU9W32A30N,R29OI40B53G6UK,R3LHAFK1QLQHX,RQXZDM0PKSCMS,RKN5ISCXXFA4B,R2V6JCQJ8NFGYI,RAH387U1B1AFN",5:6c218a69-b37f-472b-850d-2b9772792e4a:1152922604118475863,3.9,Neutral,Positive,0.8703,"Quality of adhesive is very good. I used it to stick photo canvas on wall and it worked well.,Good kwality,i dont tell this product totally good.but i believe this item 75 % good.,Good product,Holds good on walls but not in wood works .,Sticks well.. Holds fair amount of weight..,Good and usefull,Very nice.",-
"RXPIU94G6Y8XR,RG8WXHVO3Q5BN,R2VKT81SI4UN3S,R1TH2LQCYPBXMS,R1XO0RGL2VW166,R2WSQJGLL679MI,R1CEANV7C25XJ6,R2SFO5ZGKFMA3A",5:6c218a69-b37f-472b-850d-2b9772792e4a:1152922604118475869,3.7,Neutral,Positive,0.8687,"The video is slight zoomed in, which is great for office work since you want it to focus on face rather than the rest of the background. However there is a slight tinge of sepia (warm temperature) in the picture quality/ hence reduced 1 star. Really cost effective!,Product helped me in my live classes,Yes,THIS PRODUCT IS AN AVERAGE PRODUCT. PICTURE QUALITY IS OK OK AND ALSO MIKE IS WORKING OK OK CALLER LISTENS TO YOUR VOICE NORMALLY. BUT ITS GOOD TO USE FOR THE OFFICE OR HOME FOR SKYPE CALLING OR ZOOM MEETINGS.,the picture quality is crap!! tbh,No mic,Quick setup, no downloads needed, built quality no complaints, picture quality just near average, mic quality ok, could be cheaper,It is good in daylight if you have window to for sunlight when you use it work better. In the night it start lagging (you need too much lighting in the night that may harm your eyes and start headache)I gave 4 bc of pricing but 3 star for camera quality. (Bcz not good in night)",-
"RLR4ETD7RIB3P,R2TLZ8IYTYAIJR,R3C4LR2YHIRZ95,R3M7POECW3UFL3,R31RTO2FZW8SEN,RV2OCYSB602OB,R31GOALBI9UPLK,R1CTAKZMHTLVVO",5:6c218a69-b37f-472b-850d-2b9772792e4a:1152922604118475870,3.5,Neutral,Positive,0.9668,"I have used it for week now on daily basis. It's a good product.1.For normal use It's great. You can use it with ease.2. For game 🎮  also it is usable but it's littel bit on heavy side Its unnoticeable if you are not that habitable to play games.3 sleep mode is a good feature which helps to save battery 🔋. And you don't have to worry about killing the switch whenever you leave the pc.,Nice product,Value for money,This mouse is very noisy and small too.I have returned this mouse because I got a better product of Quantum with keyboard which satisfies me.Also this mouse package doesn't contain any battery.So, you should care and think twice before purchasing this product.,Nice product so far it working smooth,Good product at this price. But after falling down it gets broken.,Good for basic use not for gaming.,I like this product.",-
"R1ZFP957X6NEUB,R1V5NJVJMX27HK,R37W2Z08BFVMN2,R23NRC2SDTFP1R,R2IDKTNLPSRRXA,R3TRXLCPJ7CXLS,R2RQD6H9YMSUK6,RS9ZB4H3Y5CQZ",5:6c218a69-b37f-472b-850d-2b9772792e4a:1152922604118475871,3.5,Neutral,Positive,0.926,"I am using this Product from last 12 days, and its working great.Keyboard:- Keys are really soft touch and almost soundless. It automatically goes in power saving mode with in 1m20sec when not in use.Mouse:- works smooth works almost on every surface .Fast-typers  can also use this product. - YES.Just that the material/plastic of the keyboard is expected within this price.,This model companion 102 Keyboard buttons are not as comparable /comfortable as other standard basic model availableHowever we need to  practice to get used to it .Overall it is ok for rough use , where we can avoid using laptop keyboard ..Keyboard requires AAA battery and mouse require AA battery.. it could have maintained same.. need to check battery life of keyboard.Mouse doesn't come with on off button to save battery life.,Good,For the space I'm using, it's good. One of the key came out then I've to replace. Now working well. But not dependable bcos if u r not careful...... when the next one comes out can't say then it's useless.,keyboard is excelent, but mouse quality is below average...but at that price a perfect choice.,good,Ok,Very good product",-
"R3Q0EFB6CKAL4W,R3SBR1YRGFORQV,RHK2VI4OFC8UW,R1QPBRC7ZDKAB6,R2QKG9AO1MMHNQ,RLC1RHGMCZS55,R4RMB9P1YZJV3,R3L44D00WINPGV",5:6c218a69-b37f-472b-850d-2b9772792e4a:1152922604118475873,3.9,Neutral,Positive,0.9837,"Everything is good as I've used like a lot of earbudss nd this one i found is quite ammusing.....like i didn't get the nice range quality as in my device never cncts wid every wireless device..... but it connected wid my device nd it works swesome,After using the Bluetooth around one week i experience that call quality is average but you can use this to listen music if you are not base lover.,Bass quality is good can be better.,Overall it's good but there is small disubence during driving  with in the range,Nice and good product. Liked it,SOUND IS GOOD BUT QUALITY NORMAL,Good product impressive,Sound nd bass is good nd value for money",-
"R1I66H8DGGS985,R1ZQIZ7XIUXVKP,R97VJ0SV72PH6,R387X09HTG3RFI,R129BK806X9B1Q,R3A3JLSFF2WST,R2DLBUT9R8P3K4,R2YZHYSB1WOZ5T",5:6c218a69-b37f-472b-850d-2b9772792e4a:1152922604118475879,3.9,Neutral,Positive,0.9912,"Review written on 09-12-2022It is a nice little tripod for your Phone / mini camera or Gopro. It has Rubber grips, which makes it anti Slip on flat surfaces and feels sturdy in your hand.Here are few Pros and Cons u should know before buying.● PROS▪︎Light weight and easy to assemble.▪︎Very Good for small devices.▪︎Stability is superb.▪︎Comes with Bluetooth remote.▪︎Quality of Rubber and Plastic is great● CONS▪︎Size is quite small, it looks little bigger in the images shown.▪︎ Not at all Suitable for Big DSLR cameras or video cameras.▪︎ I think that the rotaion of the balls can become loose after several months of use. I'LL Update here.●Final Verdict : For the price of ₹400, It is a good product as it is quite useful when you vlog or want to take group photos. It will easily carry your Mobile phones and small cameras but DONT EVEN think of mounting your professional camera on it, it is very small compared to big cameras.Go for it!! It's a great product.,I basicly purchased it to record timeplace video but when I recieved it I was surprised because it was soo good at a less and affordable price but I gave it 4 stars because of the Bluetooth remote as it was unable to click photos and i even changed the battery but it didnot worked,Product is very good as compare to the price.Personal Opinion : A little bit quality of the material with a bit more size could have been improved.,Good But Could Be More Better.Can't Take Mobile WeightNeed To Adjust Stand Every Time For Single Click.,,This tripod is a good purchase. Pretty standard quality, i must say. Bluetooth remote also works perfectly. Not very suitable for hefty dslr cameras. Good for mobile phones and vlogging.,I m use this product from 1.5 year no complain,Learning needed",-
"R3NB1CQXEVVQIT,R2I6VLGIXFKKU,R1G8SZJG03IY67,R2A1KUYD1M88Q4,R6TRKFTKS65XK,R1QNTQB56PMUJL,RMRNID3H5V0O4,R18D5AL11YJ9ON",5:6c218a69-b37f-472b-850d-2b9772792e4a:1152922604118475882,3.5,Neutral,Positive,0.9647,"Value for money,Grt product,Please ensure the size of your keyboard is fit for this cover. Secondly, it has bad adhechesive.,got the keyboard protector at 39 Rs. So i am satisfied with product.But, the size is little big for my 15"" laptop keyboard,Product is average,Keyboard is not visible.,As you can see I'm using a 15.6 inch Dell laptop , and it's slightly bigger in size but it's good enough, i got two of these for 78/- and they're good, they don't stick at all and easily come off even if u blow air at it, but at this price what can u expect,It can aslo be fit in 16 inches laptop easily",-
"R274KY6VMEYJ66,R28WM6HPG5V7YO,R3TAACQ304V0Q5,R1R498JDWJDUOK,R1891ACMV6D38V,RVGO6MWYIVZIU,RIR1M6FLP836E,R1K17D4QNJXNP6",5:6c218a69-b37f-472b-850d-2b9772792e4a:1152922604118475884,3.8,Neutral,Positive,0.9192,"Update: Now after this review they have told me to give them atleast a 4 star review just to even consider arranging for the replacement, not even  guaranteed. Now lets see if they actually do as promised.Original Review:  After 6 months it stopped working, so raised a request for it. But.. i have to courier it to them cost Rs 100, then they found that it was a problem with the PCB they changed it, ok good but they replaced it with the PCB of ProBass which is an older and lower priced model. When i shared them the screenshots  and asked them for an explaination they just asked it to be couriered back paying for their mistake. No Reimbursment, No Quality Suppport,  No resposnse to emails apart from the standard script. One of the Most Regretted Purchase.,The product is a looking good but not a good sound quality, and then packaging is a very poor I think People open the product when it is packaged. For that the package is cut and things are different,I think that these companies make people think a little ....,,Spare eartips were missing from the package I received so that was disappointing.Sound quality is good for the price.ENC is decent.The eartips are excellently designed so the earphones fit well. You can run without any issues.It doesn't feel stuffy into the ear.I already have a bose qc30 and sennheiser BT headset but was looking for light neckband headphones for the convenience it offers and I am really satisfied with this.Good buy over all. I would recommend to Go for it.,Connecting only one device,getting off after3 minute,WhatsApp incoming call not working proper ,caller couldn't hear receiver voice.,I have issue in this product... One side is not working so please look into this,Good,Good",-
"R2TM1SQ2JK9S7K,R12CJ7K0V22F2T,R3PZ9OABVKGYOQ,R1RTA2FATK1OYI,R1ALJXQ6Z6WJSQ,R3LQ7TCDIBG7QE,R3NF49K5GAY77U,R3HR0LBECGBXXA",5:6c218a69-b37f-472b-850d-2b9772792e4a:1152922604118475886,3.7,Neutral,Positive,0.998,"--------------Update after 8 months--------------Update 1: The problem mentioned in the earliest review is becoming more and more dire with time. Now right earbud gets discharged in hour and a half, whereas left one keeps going, so reducing one star. Will contact them for replacement and update here.Update 2: Called service center, they asked to bring it, but am lazy. I expected they'd replace at home. Paid more attention towards the issue above. The stable situation is that just after full charge, right bud can go upto 4 hrs, but left one always goes for 30-60mins more, and the difference is more if there is a standby of a day or two (when the left one loses juice rapidly it seems), so I guess I can still use the buds but with certain restrictions :) Will happily restore 5 stars if the issue stays stable for next 3 months.--------------Update after 6 months--------------No change in quality, still the pack charges the buds like a boss. During this period, they were once kept in mouth by my infant nephew for over half an hour (very dangerous, thankfully he couldn't swallow them!), full of saliva and whatnot, and on another occasion I threw one of my earbuds on the floor with full force (undisclosed depressing reason) due to which the touch panel with the logo got detached, which I then re-attached. After all this, buds are still rocking with same sound quality as on day 1. I think these are pretty darn sweet deals! Lack of volume control, etc. etc. is all forgiven. Happy customer. Although the issue of left earbud discharging earlier than right persists.-------------------Original review-------------------Using for last 2 months.I am an audiophile and also an instrumentalist. But I hadn't used any tws yet, so wanted to dip my toes and didn't want to invest much, but also not something throwaway. So settled for boult (no boat etc. due to their highly adultered sound signature), since I have previous experience with it. I like my music flat at studio quality. More recently, I've been using a low cost headphones with mindblowing performance: oneodio pro50. Go ahead and search it. It is really one of a gem for all those purist sound fans.Coming to this tws.Connectivity. Right out of the box, only left one was working after connecting to my iphone. Maybe right one didn't pair correctly to left. Did that reset thing as suggested (which also took some effort), but after that, both started working and since then, no issues. I am using both my phone and laptop (linux). Ofcourse you need to disconnect one to use another. But perfect connectivity now. I can move around in my 1300 sqft apt and no connection loss, which is great.Call quality is decent, faced no disconnects yet, and the other party is also ok with my voice, but you cannot talk in a hushed voice, you always need to speak up in a medium volume to let the other party understand you.Features. Tapping is oddly sensitive, I mean it responds even if I am adjusting the bud, and not touching the central area, but surprisingly takes a decent tap punch to play/pause. I can get used to that though. One thing, track aage peeche is ok. But these don't have anything which can control the volume. Bummed on that.Battery. Decent backup. It's been nearly 2 months. I use buds on an average of 2-3 hours daily, and I just had to charge the main case just 3-4 times. In an emergency I also used it to charge my iphone which it did really quickly. I was happy to see that. One weird thing to notice is that the right earbud always discharges more quickly than the left, infact I can use the left one 20-30 mins more that the right. But anyways, I put them both in the case once any one of them starts to complain of low battery.Sound quality.Bass frequencies: Very decent bass. Surprisingly great low bass (songs like 'the humma song', 'i wanna love you' sound pretty good), but a bit lacking in other frequencies of bass ('lut gaye' by Jubin doesn't sound that punchy as it should for a flat signature). Overall for the most part, you should be fine.Other frequencies: I'll review this from vantage point of studio quality signature. For mids, the spectrum is tilted towards bit of high bass (but surprising absence of very specific high bass frequencies as mentioned above), but its bearable. For highs, initially I felt the presence [a bit] lacking, which takes away that warmth and fidelity from a few tracks, but after using it for a few days, I started feeling alright in that aspect, maybe some burn in? God knows. Also remembering that I paid just 1800 bucks for these! I mostly will be using these while my walking and workout sessions, so I think my mind won't be nitpicking then. I'll soon be upgrading though.Overall, really a very decent purchase with good sound quality provided you can get these for under 2k. Cheers!,Hey.  .This one item has a built quality is like a stone..and also the working condition and sound quality it is marvelous, but only one problem is the noise cancellation that not working properly which means when we are in a crowded area while recording something or a call to another person the unwanted noises are coming they cannot hear properly our voice that's the only disadvantage on this one..,Right buds not performs well, I am trying to change music to next but it still plays the same which should not happen according to manual,Been using these for a month now. Can't massively complain, the sound quality is decent enough (may not be good enough for big music heads, not enough bass) and provides good noise isolation. Very impressed by the battery life with the charging case, and I use it every day. If you can snag it on a deal for ~1500 bucks it's a fantastic deal.,My only issue is,  we can't change the connection to 2 devices by 1 click.  Every thing else is fine.,Best at price. and require some button for operation.,call pick up /rejection function, next song play function not working on single touch,Product is good but battery not as expected",-
"R2888CE3TDHQMW,R5OOQZ5ILIG7E,R3CCDJLE61ON18,R1YKND3U30I2MF,R25NCFO26L4LDR,R25Y3SKCCN76RT,R1IVPB2D1II1QZ,R2VTSB2I55FIV8",5:6c218a69-b37f-472b-850d-2b9772792e4a:1152922604118475892,3.8,Neutral,Positive,0.9569,"Good :Sound quality - surprising at this price, in built acoustic/3d sound (nice), bass is not overpowering (good on ears), instrumental details, dialogues and background music/chatter is also clearNot harsh at all (thumbs up)Looks are okay, battery backup good do farBad :Noise cancellation is just a hype, used for in-house calls - couldn’t block outside car noise/horns, even light switch on-off noise, kitchen noises-cooking/dish cleaning were audible on the other endMild ear pain after using for couple of hoursBluetooth connection range is very low, it starts to drop the audio beyond 10 feetMissing :No battery status notification, no auto offOverall :Good for movies, series, music but not for office meetings/phone calls,Everything is good but build quality is okay okay.,Only thing I liked is good battery and bass,Soundquality aand base quality is good.,Good quality voice,https://m.media-amazon.com/images/W/WEBP_402378-T1/images/I/71KU7iGuaiL._SY88.jpg,Good bass, ok tremble,Very good",-
"R25T0UEZY5MCOJ,RGH8GEFOI9GPP,RDZQYOXIANHNQ,R3VWD0BGB1RXGB,R1PZZYC3LAWBDJ,RDBIPNQ4FXGZR,RMSTOC1WCLL3X,RD7IUGN9EM77P",5:6c218a69-b37f-472b-850d-2b9772792e4a:1152922604118475893,3.8,Neutral,Positive,0.9998,"I have just received my BoultCurve. Its really Totally unexpected good quality..Just keep going no two thoughts about purchasing the headphones! only thing I'm waiting is to know it's durability through days to go!. Out of 5, I will give you 5.Packing :The packing is perfect with earphones placed securely.the packing itself looks premium.Box contents :Boult audio earphones,a small USB cable to charge,user manual, warranty card(1year warry) and 2 pairs of extra ear tips(small and large).Buttons :The brick on the right side has the buttons.We get 1 multifunctional button (the middle one)which can be used to power on and power off.you can also attend the calls and end the calls by single pressing them.while playing music you can pause/play by single press.You can adjust the volume by the the 2 buttons which is either side of the multi functional button by single pressing.long press changes the tracks when music is being played.TopDetails Compare Questions ReviewsFrom the manufacturerCURVEIn-ear wirelessCurves where it has toIn-ear wireless12 Hrs Battery Life, 50 Hrs Stand-byOnyx GreyOnyx GreyCrimson RedAzure BlueKEY FEATURESBluetooth 5.0Enjoy lifestreaming and music without interruption.1 Bluetooth 5.02 In-line Control3 Voice Command4 In-built mic5 IPX5 WaterproofTHE PERFECT IN-EAR WIRELESSThis wireless earphone is designed perfectly to give you all-day comfort with a flexible neckband, comfortable silicon earbuds, and impeccable sound is geared to be your everyday companion.ENRICHED AUDIO, LOADED WITH EXTRA BASSNoise IsolationCancel out the background disturbance for crisp experience during calls, with Boult Audio Curve.1 Noise Isolation2 3D acoustics3 High Fidelity Audio4 Extra BassPRODUCT COMPARISONCurveCurve ProBusterCurveCurve ProBuster CompareABOUT BOULT AUDIONeckbandDesigned in the USA,Neckband4+Rating by more Lac customersNeckbandTranscending AestheticsNeckbandTrusted by Millions Customers.Features & detailsLong Battery Life - Curve is a powerhouse,Offers playback time of up to 12-15 hours for every charge. Takes 1-1.5 to get fully charged and it has 1-2 days of standby. 20m Transmission DistanceOff-Axis magnetic technology - Oval-shaped earbud with nozzle angled at 60 degree tunnels the sound directly into the ear canal, also providing noise isolationDurable Flexi-band- The light yet sturdy, neck band can drape comfortably across the neck with supreme comfort and in-line controls.SEE MOREProduct guides and documentsUser Manual [PDF ]Frequently bought together Boult Audio ProBass Curve Bluetooth Neckband, in-Ear Wireless Earphones with 12 Hour Battery Life, Fast Charging & in…  Boult Audio BassBuds X1 in-Ear Wired Earphones with 10mm Extra Bass Driver and HD Sound with mic(Black)  Boult Audio BassBuds Loop in-Ear Wired Earphones with 12mm Powerful Driver for Extra Bass with Customizable Ear Loop…Buy all three:₹ 1,945.00Product Image GalleryProduct Image GalleryBoult Audio ProBass Curve Bluetooth Neckband, in-Ear Wireless Earphones with 12 Hour Battery Life, Fast Charging & in-Built Mic, IPX5 Sweatproof Headphones (Blue)Compare with similar itemsThis item Boult Audio ProBass Curve Blue... Boult Audio ProBass X1-WL in-E... Boult Audio ProBass Buster Wir... OnePlus Bullets Wireless Z Bas...RATING 3.8 out of 5 stars51081 reviews  4.1 out of 5 stars18272 reviews  3.7 out of 5 stars2531 reviews  4.2 out of 5 stars72844 reviewsPRICE ₹ 1,198.00 ₹ 899.00 ₹ 1,199.00 ₹ 1,999.00SHIPPING Fulfilled FREE Delivery Fulfilled FREE Delivery Fulfilled FREE Delivery Fulfilled FREE DeliverySOLD BY Appario Retail Private Ltd Appario Retail Private Ltd Appario Retail Private Ltd Appario Retail Private LtdSee more detailsMore to consider from our brandsThis shopping feature will continue to load items when the Enter key is pressed. In order to navigate out of this carousel please use your heading shortcut key to navigate to the next or previous heading.SponsoredCustomer QuestionsCustomer Questions Have a question? Search for answersHave a question? Search for answersQ: There is any warranty or notA: I have buyed the headphones on July 28 the headphones are not one side is not working is …arunsankineni| 1 year agoQ: Boat rockerz 255 or boult curve ..which one is better ?A: Boat Rockerz 255 if you are going for music/sound. Boult if you are going for battery.Jay Trivedi| 2 years agoQ: dual connectivityA: YaaaManoj kumar yadav| 2 years agoQ: What is the driver size luA: Dnt knwUIC| 5 months agoSee all 1000+ answered questionsYou might also likeSponsoredCustomer reviews3.8 out of 53.8 out of 551,081 global ratingsBy featureBattery life4.24.2Sound quality3.93.9Bluetooth connectivity3.83.8See more  SEE MORERead reviews that mentionsound quality battery life value for money boult audio price range stopped working quality is good bass quality light weight also good neckband bluetooth connectivity boult curve probass curve worth for money audio probass must buy good battery built quality overall a goodSee moreTop reviews from India  William Jackson5.0 out of 5 starsVerified PurchaseThe best !!!Reviewed in India on 4 January 2019Colour: BlackStyle name: CurveActually this product is myntra exclusive.The price in myntra was around 1800(including tax).Packing :The packing is perfect with earphones placed securely.the packing itself looks premium.Box contents :Boult audio earphones,a small USB cable to charge,user manual, warranty card(1year warry) and 2 pairs of extra ear tips(small and large).First impression :The earphones look very good and elegant.feels very light in hands.the neck band is made of some soft kind of plastic which is very comfortable to wear.the ear piece is made of metal and looks good and hard.the ear pieces can be attached together by the magnets.the magnet is good enough to hold them tight.the color of earpiece looks good and gives kinda premium look.Buttons :The brick on the right side has the buttons.We get 1 multifunctional button (the middle one)which can be used to power on and power off.you can also attend the calls and end the calls by single pressing them.while playing music you can pause/play by single press.You can adjust the volume by the the 2 buttons which is either side of the multi functional button by single pressing.long press changes the tracks when music is being played.Connectivity :Pairing your boult with your mobile is very easy...just press and hold the power button on the boult untill you feel the vibration twice.turn on the Bluetooth option on your mobile... search for devices and you'll find 'boult audio' just tap it and you'll be paired.also you can hear an audio that your are being connected.Battery:The company has not specified anything about the capacity of the battery.it states that it has 12 hours of playback.yes,the battery backup is good on this.we can easily get 12hours of play time through this earphones.Additional features :These earphones come with built in vibration.whenever you receive a call the earphones will start vibrating. I have to tell you,the vibration os really strong and can easily be Know even if you are in busy (like traveling in bike,or a busy street)But remember if you're getting calls continuously it'll less the battery backup.Sound quality :Sound quality in these earphones are amazing.The mids are crisp and clear, the vocals are good the bass is also heavy but it's that not punchy.but don't you can adjust the equalizer and have that punchy base.The call quality is also good because of the condenser microphone .These earphones have noise cancellation which works good.the volume level on these earphones are really high.i cannot go beyond 80%,Alright. So I have been using Boult ProBass Curve for over a month and would like to summarize my feedback in bullet-points to make it easy for the prospective buyers. I was thinking to buy a quality Bluetooth headset with a great performance at an affordable price for quite long and this is where my search ended. I was quite fed up of using cheap wired headsets as they used to go out of function or get snapped every now and then. Moreover, I found them getting entangled every other second making it really inconvenient to handle especially while travelling. Its that time I started feeling the need of a wireless headset and began my search. I took good time (months) to look for a good product. And, this is when I decided to purchase this item. Before purchase I devoted time to read the user's reviews (that I always do before making any purchase-small or big) and found myself convinced. Finally, I decided to go for it. Ok. So, no more essay writing :) Let me get straight to the key points:1. I bought this for 999 under Sale so saved INR 499. (it's a good saving. As Warrent Buffet says ""every penny saved is every penny earned"")2. This has great sound quality. I could not compare it against any other product because I don't have any other bluetooth headset with me :) But this will surely not let you down. It is very loud even at 80% volume level. You just cannot listen to at that level; forget about full volume. Bass is great but not outstanding to be honest but it does not disappoint either. Good thing is the sound does not distort even if you raise it to 100%. Excellent sound clarity!3. I am not a technocrat so cannot tell what are the characteristics of noise cancellation feature but you will not get to hear any external sound/noise or very very minimal that is not noticeable. So, this stands perfect at this point.4. Performs excellent while taking a call. You will a get a crystal clear voice when you make/take a call using this device. You will feel as if you are making calls directly from the mobile phone. In fact, it's even better at times when the voice from the other side is low. I really love the hands-free calling because I have to take long calls with the clients in my job.5. Battery backup is excellent!!! It can last anywhere from 10 to 11 hours. I have tested it rigorously in both audio and video usage. And, I mean it. I tested it for almost a month with day-wise log capture. Please see the detailed tracking at the end. It gets full charged in 2 hours approx.6. Bluetooth range is good. It covers a distance of 10 to 15 feet easily. It's quite enough if not good enough. My figures may be wrong. Beware! It's just my rough estimate. Haven't tested is rigorously.7. Design looks good and is very convenient to wear. The wires are adjustable as per need. This is a nice thing. Looks cool when you wear it around your neck. I chose Red color.8. Last but not the least. It comes with 1 year replacement warranty so you can sleep peacefully while enjoying your favorite music :)Judgement: Just go for it if you have a limited budget or don't want to spend a fortune on bluetooth headset. I was hesitant to spend anything beyond 1000 bucks on a bluetooth headset. It was my personal limitation.PS: Battery backup log:16 May 1 hour 15 minutes approx in the evening video play17 May 1 hour 15 minutes approx in the morning song play + WebEx call with Suneel17 May 1 hour 30 minutes approx in the afternoon song play17 May 1 hour approx in the evening video play17 May 1 hour 20 minutes approx at night video play20 May 1 hour 30 minutes approx in the morning song play20 May 1 hour 30 minutes approx in the evening video play21 May 1 hour 30 minutes approx in the morning song play21 May start 22 minutes approx video play in the eveningBattery deadTotal battery time 11 hour 12 minutes*****************************************************22 May 1 hour 35 minutes approx in the morning song play22 May 1 hour approx in the evening video play23 May 1 hour 35 minutes approx in the morning song play23 May 1 hour approx in the evening video play24 May 1 hour 30 minutes approx in the morning song play24 May 1 hour 10 minutes approx in the evening video play26 May 27 minutes approx in the evening video play27 May 1 hour 29 minutes approx in the morning song play27 May 1 hour 27 minutes approx in the evening video playTotal time 11 hr 13 minutes*******************************************************28 May 1 hour 46 minutes approx in the morning song play28 May 1 hour 17 minutes approx in the evening video play29 May 1 hour 57 minutes approx in the morning song play29 May 1 hour in the evening video play30 May 1 hour 48 minutes approx in the morning song play30 May 55 minutes approx in the evening video play31 May 1 hour 24 minutes approx in the morning song play10 hour 07 minutesBattery discharged***************************************************31 May 1 hour 12 minutes approx in the evening video play03 June 1 hour 38 minutes approx song play in the morning03 June 1 hour 17 minutes approx video play in the evening04 June 1 hour 28 minutes approx song play in the morning04 June 1 hour 11 minutes approx video play in the evening05 June 23 minutes approx video play at night06 June 1 hour 47 minutes approx song play in the morning06 June 50 minutes approx video play in the eveningTotal time 9 hour 46 minutesBattery discharged******************************************************07 June 8.34 am start song play 10.06 end 1 hour 32 minutes approx07 June 6.47 pm start video play 7.53 pm end 1 hour 10 minutes approx08 June 11.38am start song play 12.37 59 minutes approx end 2.16pm start song play 4.04 pm 1 hour 48 minutes approx end10 June 8.37 am start song play 10.14 am end 1 hour 37 minutes approx10 June 6.27 pm start video play 7.46pm end 1 hour 19 minutes approx11 June 9.10am start song play 10.51am end 1 hour 41 minutes approx11 June 6.55 pm video play 7.46pm end 51 minutes approxBatter dischargedTotal time 10 hour 57 minutes approx,You have to purchase a headphone I recommend for this one. Under 1000 rupees best one..,No battery🔋 backup and no flexible to use, they don't satisfied with provided features,I am writing this review after used of 30 days the product is really very good, sound quality, durability, battery performance is also very good,Overall its a fair product...Rs. 899...with all the features...Its perfect for daily commute since it has a very good battery life, it will last for 3 to 4 days easily.When it comes to the sound quality, i feel its not delivering as advertised which is obvious. It would be wrong to expect great sound from an overall product. You cant have everything at once. This is my personal opinion, since i am a music enthusiast and have experienced music from great headphones and ear phones.Other than that its worth trying, totally recommend this product if you daily travel for work and you are looking for a budget wireless earphone,Sound quality is not best,I LIKED THIS PRODUCT. ALREADY USING SINCE FEW DAYS. BATTERY BACK IS ALSO VERY GOOD.",-
"R2UT2VQEDPGN1H,R1IIJGUS2SSR7Q,R3QMEGXUL7BM6J,RJ881YNSQW00R,R2BQHF6K2GYQV2,R3KEPYTBVTTUGK,R38643N4B91P1J,RATIBJBLJ4VZA",5:6c218a69-b37f-472b-850d-2b9772792e4a:1152922604118475895,3.8,Neutral,Positive,0.9754,"Stand is good. But the light is not that bright. In photos it Feels bright but irl not that use of the light.Also setting up the light and stand takes bit of effort.Quality of stand and parts is average .I bought it for Rs 800 but I won’t recommend u guys to pay even a rupee more than Rs 400 for it.,Good product,I liked it as it is easy to use and helpful in clicking better pictures,Easy to handle..worthy..,Great product for beginners,good,Light quality is really good at this price segment,I really liked it's portability as we can take this to another place easily,",-
"RMJTIHWOEVJ2S,R2EG04BF78FCDN,R2XS7O4CK0KEE5,RDQ894LVO01UH,RO7RFHI6XIDYE,R3J3S08AQQCGNM,R52K5GWEQ070L,R3LXH31GPSHNYD",5:6c218a69-b37f-472b-850d-2b9772792e4a:1152922604118475896,4.2,Positive,Negative,-0.2614,"Nice portable .. liked it..,Reducing one star as packaging was not good.Mouse is big.If you prefer small and travel friendly mice go for someother design.,The mouse looks good, and it is even easy to hold and use due to to it's design. The only issue I found out was with the battery port, the cover for the battery doesn't come off easily and that's the worst part. Also, the battery cover has some opening provided, not sure why.,Ok worthy,Good product,Good deal but big size,Noisy while scrolling,At 1st they send me a used one with missing adapter, than replaced with a new one, previously i was using logi m190 full-size mouse , its wheel stopped working properly within a year ,  thats why i bought this full-size wireless mouse hp x200 @ ₹488 , with 3 years warrenty, clicks are soft on logi also they have increased the price of it from 600 to 1100, but there is no use if it doesn't work properly, let's see ...",Isu Harga
"R2MSV2JRVJGRQN,R2N6TQ3N4XSSFR,R3Q36Y6U3YKG6B,R3B62FXQRPYCBF,R3DSCZL1XTGQAX,RQSHBH1TBP4AB,R18HLYU58YH1LI,RSKKY88AN663W",5:6c218a69-b37f-472b-850d-2b9772792e4a:1152922604118475901,3.5,Neutral,Positive,0.8005,"Goid,Best Education Gadget For Kids,Brightness needs to improved,Nice,Good,Liked by kids, hassle free, dust free.Can improve the screen brightness n font visibility,Good,I ordered black but it came blue , although not a big issue colour doesn't matter tht much but functioning is ok so its good..!!",-
"R3I9ZZITI5NO9G,R2AO8Y28HYFSGN,RVJ7OESUFXN6U,R1MDDB3FYXXEVL,R3G7Y5WQT3T0AV,ROCT9PEGTFHBI,R24WVK7TASKNPN,RUOVM34GI6ISW",5:6c218a69-b37f-472b-850d-2b9772792e4a:1152922604118475902,3.6,Neutral,Positive,0.9661,"The product is very good. Keya are ergonomic. After using it for 2 months, the keys are starting to get hard.. let's see how it performs in the future,For daily use value for money normal typing is good spacebar key is not properly pressed overall good to buy cheap product,I mean it is not a bad keyboard but i can get the same keyboard at local store for cheap price without paying for delivery so please consider this before buying.,After using standard boards like Logitech this seems to be with narrow gap between keys.  I have to adjust myself and careful not pressing two keys.  But it is smooth and without noise.  May be useful for beginners.  very economical,Good keyboard at affordable price,Good product at this budget but not good for gaming, very basic keyboard,for typing purposes its waste of money rather go for a mechanical keyboard,Nice",-
"R2SLVB4IDEDVF4,R2RV27ZD33RI6P,RADJ27GF3JOCA,R3EL9BC8AYLS8M,R3P1N9EPS61ITV,R3IXD6WLRFIN2Y,R3QEKYN8ZHH98T,R3RZ9TPNV34433",5:6c218a69-b37f-472b-850d-2b9772792e4a:1152922604118475903,3.8,Neutral,Positive,0.9734,"Build quality cheap plastic ka h 🥲,Mouse functions smoothly.  Buttonclicks perfect. Little bit hard.  Should become easier after some time,Overall good value for money, compact and easy to use. Button bit tight to click. Rest is good no issues,Worth to buy,Budget friendly,Good!,Working fine,3month,Mouse works well, but buttons are pretty hard, especially the scroll wheel button is even harder. The rear end of the mouse, the bulgier side is quite higher hence feels a bit pushy on the palm area of my hand. If you have soft hands, you better explore other options, if it is for rough use then is a good buy.",-
"R2F293IOSSP7QX,R35TMVD8F23NNK,R2RP81I94A906C,RB6PFQQVU7KUM,R37XBQ83OS51H0,R2XMCSACFNMHSM,R3OAPCUWZ6KJ0E,R369ID2WU66LI8",5:6c218a69-b37f-472b-850d-2b9772792e4a:1152922604118475905,3.9,Neutral,Positive,0.9686,"Bluetooth audio sounds really nice, decent bass too, but FM reception is weak. Even after plugging in the usb cable (antenna) the FM reception is not very clear. Its not able to catch all stations and even when it does catch a station, moving the speaker causes problems with the sound clarity. I tried a few other similar speakers from other brands and they all have this problem. Apparently the FM circuit in these soundbar is not good.,Worth for buying this speaker. Sound quality is good and loud. Weightless easy to carry. Good battery backup. It's coming for more than 4hours. Not tested properly but having good battery backup for sure. Don't expect bass. Having little bit but don't expect more. I'm writing this review after 5 days of usage.,Yes,Everything fine,Nice and decent product. sound is good. Bluetooth connectivity is good. you Call microphone is good.,cute and nice sound in medium hall.,https://m.media-amazon.com/images/W/WEBP_402378-T2/images/I/71PlHv2YN-L._SY88.jpg,Good 👍",-
"R11O7WDJVC8065,R2UF3J3M2DDJ07,R1J14TB65SWAKO,R97GYSJA4SZEV,R3GJ3X7MYRST9G,RGI050G1TY9NP,R11LGEEJ1QQ8HI,RP53N14Q2723T",5:6c218a69-b37f-472b-850d-2b9772792e4a:1152922604118475911,3.8,Neutral,Positive,0.998,"I have used boat 900, boat 400,boat 550 and i go for a 1st time with zeb thunder pro, actually im a music lover and i expect more sound quality, bass thump and rich music feels , trust me below what i quote hereBoat 900 is a budget segment wired type less than 800rs, its overall massive performance looks quite simple but gives extra bass overall worthAnd boat 400 (900rs) is discomfort because of over tight pressure in ears , i hope by long days its become loose,by the sound its gives a pinch more than extra bass than boat 900 , and looks smart, here sound is more and bass thump is very more..but here voice or somewhat looks bassy ,not suitable for online classes,...its only use for music loverBoat 550 is around 1800rs its only suitable for online classes for voice no thump or bass at level, totally very mild sound with clear vocal ,dont expect bass or beat here and i met agreat issue is its over ear headphone and its make sweat my ear and make my body temp increase.Now zeb thunder pro, ( 699rs) for this price its a great product , classy look ,sd slot and so... But here some negative points also here,Buttons or not sturdy some what loose and body parts are like head band are toy plastic, for music full volume is very loundness not lovely to like, make a shout punch in a ear painfull, bass is also very good but overall its always below tha boat products im not a hatter , but if u used a boat product u wont like it, same that if u use sony u wont like boat😀,.  If u use no other brands and  zebronics 1st time u become lover to this, still im surprise how they give this product for this price shocking ( aux + type C ) under 700 is shocking bcoz if u go for boat type C product is 1700 aboveZeb or not bad its more ok for this priceSound 4/5  heavy (loud) in full voume looks shouting inside ear , otherwise niceBass : 3.7/5. Not reach boat product , but u wont feel diff if u use for 3 more daysMusic + sound  + vocals i cant separate in this productDurability :3.8/5 bcoz they used toy plastic in band, but however not easily breaks, compare to boat 450 its strong onlyOverall i look for a aux + type C + best bass effect, so at last above all are not reach my concern😆, now i ordered zeb bang pro(699)rsIf it also sound loud thing, then i shutdown with boat 400 (900rs) segmentNote: if i get boat 660 in initially , i wont go for these alllllll). Bcoz unbeaten and full fil my all expect thanknu😊,Sound quality is good, built quility is ok as per pricing . I got it for 600 rs totally worth it. Its been more 10 days since i am using. Its working totally fine.,Sound and other qualities are doing well except ear cuffs are getting detached easily and no firm support for them,Pons-They are good for the price they come. Sound is decent.Battery life is long enough for 2 days (not countinously).The wired features is a charm if battery goes dead. Noise cancellation is also decent.Coming to the bad points.Build Quality is a  little Cheap according to the price , the hinges shouldn't be used that much it will lose it's grip.Also the Bluetooth is not that grt , if you are on a vehicle and connected your phone you will hardly hear any song.The connectivity is a issue. The dual connect is good but their is a latency of about 2-3 second when switching from one to another.That's all, You can buy this if your budget is less and as a student this is the best headphones at this price range.,Sound :* Great Bass* Vocal and Instrument Seperation : Average ( To be expected like this for this price)Connectivity :*Fast BT connection.*BT disconnects when AUX connectedComfortable to wear since its over the earAverage build qualityOverall 4/5,I like this product. I use it everyday while travelling to college far away places.,If you are getting this product within 1000 rupees then it is a good product for you. ☺️,It is overall a nice product",-
"R2L4XIZ518GOR1,RPVZZE1EB5RNS,RF4O6NIV5JCCW,R34V1K30QYA0OB,R3QB4RKKFY10JI,R19ZQCPYHQWLK7,R2XHVF9XQDSISL,R3JGGBNU2POS7K",5:6c218a69-b37f-472b-850d-2b9772792e4a:1152922604118475912,3.8,Neutral,Positive,0.4588,"Comfortable keys and smooth typing,Good,Average,Ok,,nothing to say...,good,So the space bar was just horrible, zero response from both side of the key and had to press hard in the center part as well, and the minus key on the numpad was not working at all, you just can't use a keyboard with a space bar like this.",-
"RO77OQG21KZ7C,R14P5VL1FNT9AH,R2XDRJHJRKJC9T,R18FB15M733QII,R892AATDO8QNT,RZ5L8BVT0THNE,R3LEJZ4FF2OSYZ,R3CQCCWYS8XQ4Q",5:6c218a69-b37f-472b-850d-2b9772792e4a:1152922604118475918,3.8,Neutral,Positive,0.9973,"Review after using it for about a month -pros-• battery backup is the most amazing of all.• sound quality is amazing but bass is on the low side.• build quality is well made almost feels premium but could be improved.• very comfy even after a long day use.cons-• There's a noticable delay in touch controls (most irritating one).• There's no such thing as no delay during gaming on wireless earphones. just get wired instead of this if you are planning on using it for gaming.• Noise cancellation calling or enc doesnt work, also while calling 2nd person most of the time says that ""I can't hear you well"" or ""Your voice is so low"" on outdoors.• Sometimes a earphone doesn't turns on, so I have to manually turn it on.• To pickup a call one tap, but here's the catch to disconnect a ongoing call I have to double tap on the touch panel. (boat says single tap tho)Conclusion - If you have a little more budget, don't buy this. else this just works fine.,I recently purchased the boAt Airdopes 181 in-Ear True Wireless Earbuds and have been using them for the past week. Overall, I am satisfied with the product. The earbuds are comfortable to wear and have a good fit, and the sound quality is impressive for the price point.However, I was disappointed to discover that the earbuds do not have noise cancellation as advertised. While they do block out some ambient noise, they are not as effective as other earbuds I've used with noise cancellation technology.The battery life has been satisfactory. The earbuds last for a good amount of time on a single charge, and the case is convenient for charging on the go.Overall, I would recommend the boAt Airdopes 181 earbuds for those looking for a budget-friendly option with good sound quality. Just be aware that they do not have noise cancellation.,I am writing this review after two days of usage.1. Sound Quality: The lows are good and pleasing to the ears. Bass quality is good. I just felt like the treble is a little too high which makes the high frequency music sound a bit unpleasant. Overall the quality is okay but not as good as a wired headset or neckband earphones. (Kaam chal jayga)2. Battery Backup: It's been 2 days and I haven't charged it yet....still showing 70+% of battery remaining. So I don't think battery backup would be a problem. (moderate usage)3. Built: The case is small and handy. It feels sturdy. The buds fit well in the ears. Overall built is good.4. Latency: This one's for gamers. I am actually impressed by the low latency it has. Even without turning on the 'Beast Mode', the feedback is almost instantaneous. And after turning on the Beast mode, it becomes flawless. I played BGMI and COD and didn't feel any lag in the sound.5. Calling: I tried calling in a silent atmosphere and there was no problem faced. Will update you guys if there turns out to be a problem when calling in a crowded area.,In 1399 rupees it is a good earphones. Good battary life, good sound, good connectivityCons- very poor build quality, feel so cheap. If you r a choosy person then you don't like the product.,If you're looking for wireless earphone under 1500 go for it. This product is good the sound leakage is there no doubt but you won't feel any sort of distortion,the airdrops 181 are very handy, compact in size ,long lasting battery for its size and the connectivity is is pretty good along with the sound quality , though it has a room for improvement in noise cancellation but still performs very well for this price point.,Its a good product sound quality is also agood but noise cancellation is average,It is good product but only for 4-5 months.",-
"R2XES5SVJG8YP1,R3ISE0B84H2FC4,R32PBSE5T01GP3,RF7XT25GUKMXL,R90ADLZBP2L4B,R1ININDVW54554,RSL20NEE3CM3Z,R8NGRUX0L544R",5:6c218a69-b37f-472b-850d-2b9772792e4a:1152922604118475930,3.9,Neutral,Positive,0.9951,"HONEST REVIEW :-I got these buds in ₹895/- and I only buy earbuds because of the music, movies, series...MUSIC EXPERIENCE- 4.5/5 (Tbh I like to hear balanced music like crystal clear sound with a balanced bass but yeah if you are bass lover then just think again before buying it)BATTERY - 5/5HYPERSYNC - 5/5BLUETOOTH - 3.5/5 (I checked the box and there it's written Bluetooth 5.3 but its range is low and that's not up to my expectations... But It will work for me...) So yeah if you are just buying it for Bluetooth 5.3... just think again...INSTACHARGE- 5/5 It actually works very well...BUDS- 4.5/5 ( In ear design is good and they fits perfectly also you can do workout, exercise, running etc... but if your own ears are somewhat different like so big then it's your problem Although it comes with different buds sizes so u can try them...;)Buds are really so light so yeah I personally like them...CALLING EXPERIENCE (VOICE/VIDEO CALL) 3.5/5These buds don't come with ANC Mode so please don't buy them just for ANC...And incall range is too low... :(  which I really don't expected... (But It will work for me),The sound quality is good, no doubt. But on a personal note, such buds dont suit my ear. Others who used it liked it though,very bad quality of product. Stop working after 2 months.please dont waste your money on this earbud.,Good sound/ good bass/all features is nice/Good in room or silent place...some background noise come in open area like road... during travel...but this prob in all companies,Like at this price , but noise cancellation is not so good.,Good product for this amount, rarely facing issue while redmi 10,For my listing music and it has great quality,The sound quality is very clear and the range is very good but the bass is not that great",-
"R3CEIRJ8YFRONO,R3ICE0RT3T14TH,R17764XIRZDB5H,RI1X7COS2IBOL,R33A1O2FLMSC3Z,RHFEA5EOYKD7Q,R1GTW2UMC0N8KZ,R33OGOISGY92FA",5:6c218a69-b37f-472b-850d-2b9772792e4a:1152922604118475934,3.8,Neutral,Positive,0.3125,"Good,Product is as described, good we can use it,Good for the price,These are not super bright but i like them since small in size and can be folded.Easy to carry when travel and can be used with poerbank.I use it sometimes as night light on my charger facing to ceiling or at wall.,Loved it,Nice one,Worthy product at this lowest price,Good lighting and good quality",-
"R2SK5PPC2ZKCL5,RD7IHEAUK0KA6,R32GOT9K2GCKQG,R2ODSY8YMSYDBQ,R1GJIXYJ1WCO16,R3F1T36YXCNJUT,R1TWYPGF1F4VJW,R2ZI8M3NTETFJT",5:6c218a69-b37f-472b-850d-2b9772792e4a:1152922604118475936,3.9,Neutral,Positive,0.9837,"Bahut hi achha product hai badhiya saund and bluetooth connectivity,Build material is plastic body. However, sound was good,Nice,Sound quality is goodBattery performance good,It is a satisfactory Bluetooth speaker and is perfect choice for those who are looking for a budget wireless speaker for their laptop or mobile phone with low volume issues or for those who need some portable music device and who dont want to shell out lot of money. It serves these purpose very well and is not pricey. Why I am saying all this……First things first, I got this at 549 (the black one only as rest of the colors were way too pricey and choice of colors can be sacrificed in such a case). 2. My laptop and phone volume  is too low and watching a video or listening to music on these devices is not a good experience. So here too this speaker served the purpose as connectivity is excellent, size of speaker is conveniently small, lightweight and battery backup is damm awesome. After a complete charge I used this speaker for continuously for about 6 hours at about 80% volume and still the speaker is left with 60% charge. I cannot comment right now for the charging time as it arrived with more than 70% charge and I just topped it to full. Bluetooth connectivity is exceptionally good upto 10 mtrs. FM reception is average without connecting the data/charging cable but it is awesome if the cable is connected. It has only four buttons and all the functions are controlled by these buttons only. First button “M” is mode which when pressed switches from Bluetooth to FM to Aux to Usb/memory card. Transition of switching is flawless. Volume up/down keys are used to change volume and switch the channels. Long press changes the volume and short press/click changes the channels in FM or changes the track via Aux. Most usefull feature of this speaker is its mic. Yes, you can actually use this speaker (when connected to phone) to talk with someone and that too with no connectivity issues. Voice clarity is very good for the calls made. MUSIC CLARITY IS NOT VERY GOOD. (READ CONS FOR THIS). Quality of the plastics used seems good and feels durable.CONS. Sound quality is just average.  Voice call clarity is very good where music is not dominant. But when it comes to music, this speaker struggles to deliver quality. People are complaining in reviews that it doesnot produce any bass, but actually its is the bass produced by the speaker which deteriorates the quality. This is understandable for this product as it just has one tiny speaker inside and if manufacturer makes it to produce some bass will definitely deteriorate the music quality. But this is manageable and you can ADJUST THE MUSIC EQUALIZERS in your laptop or phone to get pretty decent music quality. This is the reason I don’t consider its music quality a con for the product. There’s one limitation about charging connector to. It comes with a charging port compatible to A/B type connector, so if you have a charger with data cable supporting “C” type connectors, you are bound to use the charging cable supplied with speaker only. So you cannot keep just one common cable with you to charge both your phone and speaker. Instead you will have to carry two different cables. This speaker does not come with a charger, so you will have to use your mobiles charger (5v, 1A)  for the purpose. But for the price rage, this seems reasonable.Useful tip for buyers: Most of the smart phones will display battery percentage left in the speaker. But you can install any of these two apps “Bluebatt” or “Bluetooth check ringtone and show battery level” from the playstore, if in case your phone is unable to fetch battery data from speaker.What you get in complete package: 1 unit of Bluetooth speaker, 1 cable which has Aux connector, USB connector and (A/B type) micro Usb connector, 1 tiny  user manual.Quality of packaging: Excellent, sturdy,  packaging used by Cloudtail to secure the company’s product packaging. Manufacturing date was of May-2021.,I like it,Portability and Bluetooth connection is good.,Awesome 😎👍",-
"R1JXCQXDJH1CEV,R3C6DZWAYPPVIX,R2RMNGCEK9JTR6,R2TWPQKNMIHDWC,R2GAXBVB8VNNFW,RS8LJM8U4MFL9,R36X9P0X5BIB9V,RC4NQGWR1VSW1",5:6c218a69-b37f-472b-850d-2b9772792e4a:1152922604118475937,3.9,Neutral,Negative,-0.2263,"design of the keyboard and mouse lenght of the wire is short.,Value for money worth it .,Good,NICE PRODUCT,Good for lightweight use. Ocassional gaming can be done .  Uplifted keys.. keep your hands soft while typing.,Although it is quite cheap and works nicely for me, I think this is not for those who look for soft touch keyboard. Keys 'feel' lose and needed to be hit a little harder. Also, the Enter key is upside down compared to most keyboards around. As a result, the '\ |' key is in the second row instead of the first. Could be irritating for those fast typing guys.,Go for it,Value for money 💸",Sentimen Negatif Umum
"R3NMIVJ17E0X21,RB5W0IR72WUCL,RYFMIDRTCXL9G,RAXJMWTTGEC3N,R3NIYIIT389DWG,R9X812EYFQOYQ,R3JUK9JGV9M0OZ,R11666SEDDXZ66",5:6c218a69-b37f-472b-850d-2b9772792e4a:1152922604118475938,3.7,Neutral,Negative,-0.1973,"The headband is really thin, therefore it starts to hurt after 15mins of use, I have wrapped a napkin around it for extra cushion but that doesn't look good if using outside. I wish the comfort level was better,Expected a better product from JBL. The Bass is quite low and has some disturbance also.,Best entry level NC headset with better sound quality. NC is not that good but cancels subtle noises and turn down down other noises. People talking are not canceled, only muted down. Sound is good for the price range(4/5). If you are looking for superior NC, try to buy sony xm4s wheb there is an offer which is my next headset to buy. The cushions are far too small to fully cover ear, they kinda rests on ur ear edges which is kinda painful over long usage. There was no sweating issue since the headphone has air holes and provide air circulation to ears. Charging time was around 1 hour. Battery life is so perfect, like u can charge this full and use it for a while week without NC with around 5to6 hrs of daily usage. So final verdict is bang for the bucks. If u r into NC, just go buy xm4s... 🏃,Good quality product,Very good for phone calls.The microphone is excellent. Much better than most Bluetooth earphones.The audio is clear, but the shape of the earbuds fails to direct the audio reliably across different types of ear sizes.JBL tried replicating the Apple earbud shape. Does not fit the ear snugly.Falls off often.,It's a good quality product but battery drains very fast.,ANC is just a gimmick on this one, bass is poor, don't buy if you need bass. Quality is good, looks nice. Comfort wise, the clamping force is a bit tight, if you like the cozy feel, good for gym or running. Sound isolation is good. Earcups are slightly small for over ear, would keep touching the edges of your ears, you may get used to it or not. Besides bass, the sound is good. Battery life and connectivity is good too. Boat has better base and more comfort, but they also fit loose, these fit tighter.,Overall good product but after 4-5 month Bluetooth not working",Isu Harga
"R9WFEPTQ1AVOT,R21UPDIAM0TVWB,RHZHGXAI6M674,R3IWE5ZPWKQ69C,RMVC4YY8V7RYM,R1G1RT7104E5RE,R14Q3C6MLJ03P2,R35VJEPZY0GU3B",5:6c218a69-b37f-472b-850d-2b9772792e4a:1152922604118475942,3.9,Neutral,Positive,0.7348,"Good,Good product but Bluetooth coverage is poor. Gets disconnected often.,Good product but not comfortable, not fitted properly,I am writing this review after 1 year I have got this headphones it is almost 14 months now the right ear piece is not charging well even if I keep the office in the box for 4 hours 4 to 5 hours like that the charging is very low it's not full it's not getting full so this product last only for 1 year and in this one year the sound quality I can say it is very good but when I use it for so attend the calls the mic is very poor other person really can't able to hear me properly and also lot of noise.,Descent product. I purchased this product on Apr 2022 and still using it without any issues.,My left side one is not working, i reset this as per the manual but still is not working plz help me,I really like it's sound quality and Also the less in the Ear buds. Also bass quality is good but could have been a bit better. Overall this product is an awesome one 4/5 honetsly,For Music its very goodSize is little bigger as expectedCalling quality is above average",-
"R1H4NEOQ6UEAUO,R1EXCFKOXU8V4G,R26ZOQR926DPVQ,R29VVCLZZLXMKP,R1EQ6Z6IDFUDQU,R2OOANZHYPNGCF,R22ZFYL3I9O4CV,R3SHUZZHWO2W3P",5:6c218a69-b37f-472b-850d-2b9772792e4a:1152922604118475947,3.9,Neutral,Positive,0.9817,"I have better sound quality my experience this best mid range budsBass quality goodNoise cancelation also good,Product is very nice. Sound quality is very gud but in calls little bit problem,Good sound quality and bass, great charge backup can play for 6hrs or moreNot recommended for calls and noise cancellationGreat product recommended for buying,Stands both for quality and economy,I like this product was really nice,Material used could be improved and bcz of slide opening buds are getting scratches.,The build quality and sound is good.Nice product with godd sound clarity.,Sound Good,Quality seems to be good. But an issue has been post 4 months from the purchase that one side of the buds is not working. Please look into it.",-
"R1IF6OX5EMCHRA,R11D9Q1R128JAS,RYHX3VX289G1,R19FHZ8XC2J59F,R30VMLL7S21LYI,R2SB7CBS0DFSTW,RQWYUTNJ2RA2L,R1TM8DUKLOEWBV",5:6c218a69-b37f-472b-850d-2b9772792e4a:1152922604118475956,3.9,Neutral,Positive,0.9466,"If you are using a seperate mouse go without cup holder it'll give you some space otherwise it's fine for even 15 inch laptop. It's strong and sturdy but it should be 350 to 400 not 599.,Everything is perfect - the sturdiness, the color, the finishing, the height, the weight. The only con is that it can be a little shaky if you use it on the bed.,The table is lightweight and less durable but it serves it's purpose.it's a good product for its price don't expect too much.,Product is good but  price (569 rs) is little more higher than over all quality of product and also there is no logo of amezon basics,It's good,I think the mobile/tablet holder is useless,Material is of good quality and product is worth for money. It would be nice to have a lock mechanism so that stands doesn't tend to close once placed in surfaces like bed.,The table is very strong. Will not break easily.But its legs are not stable at all. If you keep laptop on it and is not supported, then the whole table will fall sideways. It happened twice to me.",-
"R2OTWTVJ7UBDIL,R3I2UK18RSKIIX,R3F9R8G9YHTF6,R2KV2L7KD9GGXJ,R3HJSJJMUWOH8Y,ROTCPLKO6UKDA,R3QONJCF8NKEWD,R1FEIDBQF2KF9N",5:6c218a69-b37f-472b-850d-2b9772792e4a:1152922604118475959,3.4,Neutral,Negative,-0.8677,"Quality of the material is not that good. If it falls then it will break in parts easily but overall it is easy to use and speed of the ports is fast.,Manufacturing quality is quite poor. Even a small movement can cause the second device to get unplugged from the USB port, which is not at all strong.,Its  cheap on multiple levels, first ad foremost money wise and then most importantly quality wise. Used it for 2 weeks and the casing came off and i cant seem to click it back into place, it works(for the time being) so im just waiting for it to die now. but for 180 rupees what else can we expect.,Built in quality is not so good, it's very sensitive,,It is not tiny, but small enough not to clutter my desk. Cord length of about 1.25 to1.5 ft is nice. USB ports work well. The only negative point that is glaring is the poor finish. However, for the price, a good buy,https://m.media-amazon.com/images/I/719wdleO76L._SY88.jpg,Packaging was damaged, seems to be a some one has used and returned this item.",Isu Harga
"R14UKNZTUGMLYJ,R1W6GXERH9XYVJ,R2XFIAZAPHYP3B,R2NKYQY8W7X4HQ,R1JJLPIVVGYYVD,R34HN1WQOVXABP,R1CFS1H3NYJT22,R2LARKDVN5VEA6",5:6c218a69-b37f-472b-850d-2b9772792e4a:1152922604118475960,3.4,Neutral,Positive,0.9809,"Dissapointed in the microphone,4/5,don't buy for calling purpose.. voice not delivered properly to hearing other side.. you should by best earphone in local market.,I've been looking for a good pair of earphones with type C as my phone now comes without a 3.5 mm jack sadly. (Pixel 6a).Unfortunately Indian markets doesn't have much of budget USB C earphones as it's extremely limited in availability so my search gotten narrowed down to this one.Pros:+ Works okayish for the price.+ Sound quality: Average+ Call quality: fairly good. I didn't had much complaints from the other side during phone calls. Tested when riding bike also, there were some wind noises reportedly. But still does the job.+ Buttons: works well. Haven't noticed any niggles thus far.Cons:- definitely not recommended for audiophiles as there's no distinction between highs, mids and lows. Sound quality gets muffled if volume raised above 70%.- bass is not that good. It's there, you can feel it but it's not adequate and gets muddles out if the volume raised. Pls make use of your Eq app (Poweramp Equaliser app, in my case) to tweak up the settings to get noticed on its bass.- Very mediocre performance of mids and highs too. (Gets slightly better if tweaked with an eq app).- causes pain in ears if used continuosly.//If you are looking out for a decent budget USB c earphones mainly for calling, then go with this one. Works well for the voice calls//,It's goodMic is not proper,I think this is the best c type headphone for this price segment. Sound quality, bass, meterial quality all are little above average so for RS.549 (blue) we can definitely buy without second thought.,Worked well for first two months. Now only one side is working.,I bought it to use with my Samsung S7 Plus which does not have any headphone jack. The bluetooth earphones work but when I'm in bed on my side, they have ""accidental touch"" with the pillow or somewhere. So, I bought these USB-C wired headphones. They work with my tab, which is good news. But the audio quality is average. It sounds tinny just like a 100rs headphones. Maybe that is to be expected because these earphones are cheap. So, I ended up not using them very often.",-
"R20M6JOASW88SS,RPM4RV2MQNNN0,R19KRP5SDTN2NL,R1HQBX8OVYYO7W,RQ9RWJZB21GNX,R26WA9NHSG09V,R1R02S6NW8I5BS,R3SFPV2D6N2S9Q",5:6c218a69-b37f-472b-850d-2b9772792e4a:1152922604118475962,3.9,Neutral,Positive,0.8619,"It just good for beginners you can start your work using this one, noise cancellation issue you can face while using this and some time connectivity problem also can face coz of it's 3.5 mm jack it's not working well sometime ....overall it's okay at this price.,,Good quality sound.. better than phone microphone. It has a deep tone to it rather than compressed sounding audio from smartphone mic. Works with my nikon z50.,Great product for beginners,Like the product, works good at this price,Nice one,Sound good but capture ambiance Sound not deduct ambiance sound,I am very impressed this product.Best Mic.",-
"R15X8TSLB82W2J,R1EI6L4P0NUWLK,R1XPA9CXQ07FQW,RGBXMT5Q7DSGO,R2SRH5XZ5MY04L,R22XW48SVD9N5F,RAYTSZHN0P9H5,R26ULECYB1ZKE1",5:6c218a69-b37f-472b-850d-2b9772792e4a:1152922604118475982,4.0,Positive,Negative,-0.7564,"Typing is easy, comfortable and fast but keyboard is not good for gaming. The buttons when pressed and held down for long time can remain stuck when released. The button itself doesn't stay down but it still keeps working until I press it again. Died in games many times by falling from high places.I had this same issue in my old hp pavilion laptop keyboard too actually. Something they should have a look into.,I am using 6 month.This is now performing good and smooth.very good product.,Good product,Lack of led for power level,  caps and numlock is a big headache.,keyboard doesn't have that much tactile feel like my wired HP keyboard. definitely looks good & works perfectly. mouse is a bit small compared to wired ones. not sure about battery. just started using it.,I buyed it,I am working with it, and it's good.,Nice product",Ada kata 'Tapi' (Kontras)
"REQ74ZVYY2I01,R15RS7QIKMBY5Z,RCYHKHTW0MAL8,R1AB17ZPSW1AE1,R145BZJOMF3WT1,R11AYTN6DNN25S,R17NRPNYVC5XVK,R2U218ZDN8D849",5:6c218a69-b37f-472b-850d-2b9772792e4a:1152922604118475983,3.3,Neutral,Positive,0.9845,"This mic's sound quality is very good but if you are looking for a mic which you will use in your PC then don't buy this microphone because it doesn't come with a TRRS to TRS converter. Overall good mic and wire length is also average 1 Meter. In this price range its very worth it to buy this mic but if you want to use in Laptop or PC then buy Maono AU 400 microphone which comes with a converter and it is also very good mic.,Not suitable for DSLR camera,Just good for yt,Okay 👌,Product is not good for anyone. It is scrap and waste of money.,,Not too good,It has a good sound and audio quality. It have  not very good in noise cancellation. It will filter some minute sound .It is helpful for YouTube video creators.But the clip is very hard so I can't fit it in shirt.It is worth for the cost.",-
"R2IMML4LPCQ5C0,R24NQRDGFWSFO8,R2ONXP5WQXARB6,RIEIIOVX84JE9,R1IU46EQPTHDU,R3QWLI0TRYXK2S,R9Z8ZA620SXJR,R33PT3WKA3D15Q",5:6c218a69-b37f-472b-850d-2b9772792e4a:1152922604118475984,3.7,Neutral,Positive,0.9964,"Audio quality is good for this price range. The noise cancellation also works pretty well. Best thing is that it fits well in my ears. The functionality of microphone is also good because it reduces the unwanted environmental noise for eg when you are talking to someone in a crowded place.,One tap (left/right) --- Pause/PlayDouble tap (left/right) --- previous/nextThree tap (left/right) --- volume -/+Four tap left --- Music/ GameFour tap right --- Base/ Rock/ HiFiRight hold --- change ANC / No ANC / TransparentLeft hold --- Bixby/ Siri /Google assistantHold for longer time --- Turn offThese are the touch controls for omega .ANC is not that much good. But okay. Gives good backup.For a price range of 2000 it is good. ENC is okay.No app or anything to equalize , have to do it with built in mobile equalizer.,Noice cancellation is not good. It's lower quality system. Otherwise Sound Quality is GOOD. Bass is Ok. Looking Very Nice, Good fittings. Touch Sensor almost good work.,It's a good set overall. Sometimes it doesn't auto-connect and I need to open Bluetooth settings in my phone/laptops to manually connect - which is little annoying for me.,Other then latency.. it is not good for gaming.. environment sound is not good.. you cannot tell the direction of foot steps until it's too close.. don't buy it for gaming... Other than gaming it's a good earphone in this price range..,Good product. Decent sound. Bass should have been better. Treble is slightly on the higher note. ANC works well and subdue ambient noise.,I liked it,Good",-
"R2IKZK0CHQ08WM,RGU29XK250TD5,R29P8YX2GHMMNH,R2XHYS27FFFDC0,R2H3LRA8OB7ZUF,R1E9O49QVK1MOR,RUO5Z5INF7INR,R2LRYN93E4OFJK",5:6c218a69-b37f-472b-850d-2b9772792e4a:1152922604118475988,3.9,Neutral,Positive,0.9788,"My office PC UPS Legrand  Numeric UPS Digital 600EX-V is having only one LED and beep codes. This is not sufficient, if we want more details. However the unit is robust, easy to disassemble, easy to replace battery with generic battery, having best transfer time (less than 4 milli Sec) 37min backup for CPU + Monitor when checked. In view of this,  the Legrand Numeric UPS Digital 600EX-V should my the number one choice. But it also has low  user ratings.The  following brands  came to my notice on search.1) APC BX600C-IN2) APC BX600CI-IN3) Emerson Liebert iTon CX 600(I have not considered microtek, intex, iball; vguard etc may be they are good)The technical parameters of the above all looked similar , like generator compatibility, AVR, High/low/overload protections. But the transfer time specified for Numeric is less than 4 milli sec, for  APC 10 milli sec typical, and for Liebert 4-8 milliseconds.APC BX600C-IN  is selected as my requirement is not for PC or laptop (further search is not done for UPS with communication port and auto save software ) and  in view of better interface  ( Power LED Dual color, Charging LED Dual colour, Battery saver LED ) . It also has  better backup and surge power than APC BX600CI-IN (minus resettable thermal relay)Based on the reviews, there are four major issues i have noticed,(1) very old stock (Battery capacity expected to be in reduced condition, resulting into low backup time) or battery issue.(2) Transit damages, as it is bulky to its volume. Though it is better to purchase such items offline, I still tried online in view of remote location.(3) No load protection .  It acts  if very low load is connected (e.g. just modem  or less than 30w and battery saver mode is on  ) after 5 min , people get confused it as giving only 5 min backup (it shouldn't be considered as a problem once known, since additional loads can be connected or battery saver mode can be unselected)(4) If Battery saver is enabled , it shutdowns while 5 min juice still left (it shouldn't be considered as  a problem,  since it can be unselected if selected intentionally or unintentionally)To reduce the above risks, M/s Appario Retail Private Ltd was chosen (at lightening deal at Rs Rs2659.00). The order was placed on 10.04.19. The product is delivered in 4 days on 13.04.19. The original packing was wrapped in repeated turns of polyethylene. The packing reached without any major distortions. The original cartoon packing was in sealed condition. However when it was opened, some (parts) looseness sound was coming from the UPS. The same was reported to APC service center. They registered the complaint and told me that the service person will visit within 48 hours of working days. Further they have given clearance to put the UPS in service.First it was charged fully , while UPS in off condition (charging light was on while charging and it became off after charging). Now the UPS was made on by power button (it is to be pressed and hold for not less than 1 second before release or release after beep tone) connected to PC with 32 inch LED TV, initially some repeated chattering (without any power interruption to the load) was happening, if power input is kept off (on battery). It was happening some times.When it is on battery,  beep sound was occurring every 22 sec against APC Manual spec of 60 sec.it withstood for 18 minutes for the PC with 32 inch LED TV on battery. (Battery save mode was in off condition)Further it got switched off within 5 sec of low battery alarm, against 60 sec specified in the manual.The manufacturing date as per slip glued on original packing was Nov, 2018 (photo attached) but the test and quality passing date is 11.01.2018 12.53 hrs (photo attached)(As my load is more than 30w,  I can put it on battery saver mode, the battery saver button to be pressed and hold for not lessthan 2 seconds before release to change the state , this  is minor but the holding time is no where written in the manual).The UPS body temperature appears to be on higher side, when compared to Numeric installed at office under similar ambient temperature (while on load with input mains as well as while in off condition without charging but connected to mains).The above is initial experience only, any updates shall be shared in future.Note1: This item isn't eligible for returnFor safety reasons, items containing flammable liquids or gases can't be returned to Amazon. For more information or help, please contact them.(If you want return facility search for other alternatives)Update 1The service person called me on 14.04.19 and informed about his planned visit on 15.04.19.The service person visited in the morning of 15.04.2019 and disassembled the UPS, there was a  minor play with the battery, ( the whole casing is of plastic, one side cover opens including top as one part) the play may be due to design / manufacturing tolerances. The PCB and the transformer were already firmly fastened to body and all connections were also tight. Hence the looseness is acceptable. The battery manufacturing date was Oct 2018. I agreed for his optional proposal to replace with a new sealed battery (but manufactured in Sept 2018). The chattering may be relevant to building wiring, as it is not happening with main sockets in other rooms or if we remove UPS input plug from the same socket (see next update for accurate reason) .  In the whole,  the service person’s only concern was hotter transformer, based on his experience (but it will be replaced only if it fails).Prompt response of service center is appreciable (that too for an interior of 76 km from service center, located at state capital) and it compliments the non return policy.Update 2It is fully charged with replaced battery  and backup time was tested with the same load as above. But this time large improvements were observed in the backup time and  parameters (difficult to reason out) as below.Backup time is 32 Min (until some different  type of blinking of power led  & different type of beeps happens for few seconds, may be relevant to battery saver mode  and however it got normalized in auto ) after 5 min further,  the battery low blinking of power LED occurred (hence total 37 min against 18 min of earlier experience as above) and these beeps occurred for 40 seconds before it tripped (against 5 seconds of earlier experience as above), but power LED was glowing for every few seconds till further 20 seconds in off condition.Battery on  beep was occurring for every 59.90 seconds (~1 min) to indicate the load is on battery (against every 22 second earlier experience as above). I was totally involved with service person as it has to protect very costly, bulky and  distant service partner type equipment at my home . He has replaced only battery, and he has not even removed the PCB. But how,  so many wonders have happened is yet to be analyzed and reasoned out.Note 2:I) NonRMS-Multimeter does not properly read the voltage of a UPS that uses stepped approximated output sine wave while on battery. Hence  output voltage of a 230 VAC UPS is measured to be between 170-180 VAC when on battery.Ii) Low voltage cut off will act if any separate low voltage , high voltage cutoff protection is used at outlet of UPS (while on battery)Iii) chattering may take place at UPS if any separate surge protection is used at UPS outletIv) some body already advised not to use any surge protection at input to UPSV) APC service person informed that APC UPS will not on, if house is not properly grounded (earthing is to be proper) to protect from surges.Vi) if UPS is on battery with battery saver mode enabled  (i.e. mains off) it will give only 5 min backup to loads less than  30w (as no load protection acts),  however if the load is more than 30w , it shutdowns while 5 min juice still left ( i.e. if we disable battery saver mode  we will get 5 min more backup power)From the above , the UPS is now functioning as per specifications. (but one star of APC is reduced against initial issues of equipment, though super fast response exists from their service center) , 5 stars to  ""M/s Appario Retail Private Ltd"" the seller, 5 stars to the APC service center and 5 stars to courier "" M/s Delivery"" for safe and fast delivery.Update 3: After 4 months of use , backup time testing (ignoring erroneous tests in between):The ups was made on and battery saver was made off , due to this  the ups started self charging further and I have waited till the charging is completed. Now,  the TV as monitor with PC were made on ( it took upto 0.45 amp during cold boot , amp measured with clamp meter) while mains is on. once the PC stabilised (0.3A) the mains is switched off. Now it gavea  backup of 17 minutes with beep every minute and given repeated beeps at 17th min. Again every min one beep started for 5 min. After this repeated beeps occurred  for 30 second and ups got tripped. Hence I got 22 minutes and 30 seconds in total. In view of this the star rating is retained at 4 star.One more observation is that it's transformer temperature is high while it is on battery that means (more) energy is being wasted by transformer.I got the battery replaced one more time on 15,01.2020 under warranty as backup time reduced to 11min under the same conditions and load. With new battery I am getting 24 minutes. Hence the Apc is being letdown by battery manufacturer where Apc quality person should have control. After warranty I will install battery from exide and see.,Pros:The device is sleek, small and blends into the environment.Cons:Makes a lot of noise.I bought this primarily to support my television Sony XR-65X90K to handle the switch from generators to mains (For < 30 Secs). It is not sufficient to do that and the TV switches on and off continuously when running on UPS power. I'm not sure what the problem is as the wattage is sufficient.If you have a similar use case as mine, better consult a local inverter shop and get a UPS that fits your requirement. Else, you will end up with dead weight.,Easy to install,My PC has a 550W PSU with 80+ Bronze effeciency but installed components are not supposed to go beyond 280watts under max load. This UPS shuts down as soon as my GPU (GTX 970) reaches 100%.Then I used it for my printer. But as soon as I hit print, the UPS shuts down. So it's useless there as well.Now it's attached to my TV, router and speakers. Atleast I can watch Netflix uninterrupted.,I'm getting trouble in this I think this is not working properly where should I return,Value for money, so far working good.,Small but big life of battery,It is good for electricity stability",-
"R3T1GTTWKWWNZZ,R2YQKYW342PMX8,R3OSOTBK6ZE6IW,R35RC96UA66N6R,R2JWTE1QNDWW2W,R3A3YAK7RGKIF4,R22Z4U7R15TVLK,R1ENC0P3ZUKQO",5:6c218a69-b37f-472b-850d-2b9772792e4a:1152922604118475991,3.6,Neutral,Positive,0.7308,"After 20 days of usage, pls don't buy this product. It says 10m range but after 30cm it will properly connect.,Call rieciv not working touch control not better,https://m.media-amazon.com/images/W/WEBP_402378-T1/images/I/61jo1NSTxJL._SY88.jpg,Does the job. Good value for the money paid,Earbuds not with the full 100% charg whenever I take out them from the charging box. Always shows start with 90%. Also not so much fitted in the ears even changing with the eartips. Why company is not giving the refund option?,This is return delivery I got and this is also in fault.. my airpots  are not charging  this time..thek are showing full charged but it's not working when I suppose to use.,Superb,It's ok nice..but not up to the mark I used from 10 months 🤝🏻",-
"R1CJX9OC7AG847,R3ATBUNL84UH5W,RP4NUVUGYLM25,R2U6XBEYSG8MMM,R17I7S12FBOI63,R3KY6XKRALU1LR,R33ESF798DW0KS,R39ZX8VQLNEF80",5:6c218a69-b37f-472b-850d-2b9772792e4a:1152922604118475992,3.8,Neutral,Positive,0.9953,"The product is really good but after written the words in pad it shows very lighter we can't able to see well.,Its good for my nephew .. but price is slightly high for this product..,One got damaged immediately,Very good product if screen little bit more brighter, over all nice product !,,This product is very good, its quality is also very good and it proved to be very useful for children, purchased a very good product,Brightness is good, writing is smooth.Easy to use.Has Lock button at behind to restrict unwanted erase.ButWhile writing dots apper near by drawn text and lines automatically without touching there, so may b not suitable for precise calculation and maths like stuff, example u writing 42 and it may appear 4.2 as dot automatically appear between or near by them at certain places.Dots problem more near border and corner.Same product same package can be seen in much lower price if you google properly.My use was just for rough work soI didn't request for Replace or return as seller send from so far via delivery and i feel it may be uneconomical for seller to receive and return via delivery service. So thinking of seller and understanding their convenience i choose to keep and use it.Human only can help and support Human :),Really good quality product.Very light weight.Pen is super cool .Brightness is very high.Must buy product",-
"R2YQPN91YO0X0O,R1LSBBVTFFMUBD,RM5YUP58CTVMN,R8D1M05NWS80B,R3BSHLY6DC169B,RPQSMIZYYZ5XY,RSN8CDJ5X1XI1,RBZWRPAGEE7YW",5:6c218a69-b37f-472b-850d-2b9772792e4a:1152922604118475993,3.6,Neutral,Positive,0.1823,"NA,Slightly imbalance legs, overall ok product to use delicately.,Dislike,Curvy edge is making it hard to stay on the bed, it will usually  fall if the weight on one end of table is more. Overall i am using it so i am used to it now for how to use that. But new people will find it problematic.,The feet are badly designed, the table rolls over on the slightest nudge,nice product ,but take more time to deliver,value for money,Stability issues was there in this product It was so sacking,Its does not full fill all your expectations but provide best quality at these price . It is not stable completely",-
"RXB5KHLQUXONP,R2OFHGGYIJGFUR,R3UGUI3KYDDOC2,R2ATZMV7IH43ZE,R2IO934AS2Z5U4,RPEKYFBH5K20D,R1SWRY6BH8CTRE,R2GSWL2NSJI166",5:6c218a69-b37f-472b-850d-2b9772792e4a:1152922604118475995,3.8,Neutral,Positive,0.9976,"[Updated]  Overall you really get what you pay for. They serve the purpose of a decent pair of tws for basic quality calls and music listening. Main problem I noticed was with the pairing and connection strength as they routinely lose signal for no apparent reason. Once or twice I had issue of only one of the buds getting paired and had to reset the other one to get it paired.If you have paired these to one device and try to pair to another one without disconnecting from first it simply doesn't work. This is starting to get annoying but maybe I'll get used to it. We'll see.----------------------------------------------------------This is just day 1 review of these. Got them for Rs 898 on some offer on Amazon. I'll post updates later on. Hope this is helpful for anyone interested.Package : The packaging is quite decent for such a low price. Comes with the tws earphones fitted with medium earplugs fitted inside the case. Also included are a very short USB c cable and two additional earplugs - small and large. Package includes some Noise stickers and a pretty good user manual and warranty instruction card.Build : was immediately dissapointed with the plastic case as the lid was rattling and not confidence boosting. Will use it for a while to see if my worries are unfounded. The earphones themselves are rather sturdy feeling in hand. They fit very snuggly into the case and there is no evident feel of them coming lose or rattling within the case.Comfort : This is very subjective and each ear is different. It's one of the reaonss I wanted to get a cheap tws to see if I'm OK with the form factor for long hours. The prefitted medium size earplugs were not comfortable so I switched to the small size ones. And after about 20 mins I forgot I was even wearing them. The earbuds are very lightweight owing to the plastic build but upside is that they don't cause any strain even after an hour of continuous use. One thing to note is that if you have ""Gandhi"" ears then the fit might be a little awkward - I should know. My ears covered the touch areas of the buds so I had to fiddle around a bit if I wanted to do any of the touch actions. YMMV.Sound quality : I liked them. I'm no audiophile but they have decent volume and satisfactory levels of bass and separation. I tried my usual test at https://youtu.be/J0a2Prc_MQo and they fared quite well. The treble maxes out at 15khz post which you hear nothing at all but this is to be expected at the price point. There was noticeable vibrations creeping in at below 30hz but the L and R drivers seem to be matched well and all of the panning tests were quite decent. I feel this definitely punches above its price point.Call quality : In a low to no outside noise environment the microphones were very good. There was no lag and the person on the other side said my voice was very clear. But things take a steep fall as soon as little noise is present and you start sounding like you're inside a well. Seems the mics can't figure out how to filter out your voice so they end up trashing the call quality. Overall you get what you pay for here.Range : max I got was around 5m. Not sure how they tested and got 10m as advertised. Any disruptions like a wall will simply break the connection but they connected back automatically every time so far so I guess that's passable.Pairing :------ UPDATE on 12th Aug 2022  - - - - - -Major issue here is that if already paired to a device like a laptop they simply are unable to be paired to another device like your phone. You have to unpair from the first device and then try to pair again. Had issues like only one of the buds pairing as well.Have to fiddle around to get it to work and is not convenient.---------------I don't have a phone to test the fast pair features - Actually I'm not even sure these support it. Anyway, the earphones go into pairing mode as soon as you remove them from the case and I was able to pair with no problems on multiple phones. They will auto pair post this initial setup to previously paired devices. I could not find any way to control the pairing mode though. You have to live with what it comes with as there is no app or anything to control what it does. They switch off pairing mode once you put them in the case so hopefully that means the battery would be saved a little.Battery life : Way too early to tell anything. Will share my experience post one week and one month. But they came around 80% charged in the box and I have stated to charge the case - Box says it will take 2hrs to fully charge it and there are basic indicators like a flashing red led for charging which turns solid red once done. The earphones also have LEDs that blink red & white to indicate pairing, low battery etc.Sync issues : None so far. But have seen many such reports and reviews wherein the L and R earphones seem to go out of sync on similar low price TWSes. So will see if I face any such problems.These are the primary areas that I am concerned with while evaluating any TWS so will share how my experience is after a while. So far I'm happy with them.,Hi, My name is Akshay.I used this product and this is very good in sound and valuable money.good in calling also.everything is perfect.,Good Sound Quality...,Buds are very good Quality. With great noise cancellation feature.,When we received this order box is already opened like this.I was not expected at all.,what i don't like is the earpads, sometime it came out don't know the reason even i tried different fits. Rest is great.,Amazing sound,It is the best choice for the product",-
"RKBKQKSEET7CC,RQM34GWJC0DPJ,R1PJNXT9PME2I1,R2VL3P4XIHJFY,R2HZEV0BNY3064,R3HBAZIE8PAIXC,R3LFVYT98WRBZ1,RJPAKDZRUJIDF",5:6c218a69-b37f-472b-850d-2b9772792e4a:1152922604118476010,3.8,Neutral,Positive,0.998,"at Rs.319 it's a great deal. I use it for mobile vlogging.,Noice cancellation is not working,Value of money 💰,Good mike, worth money,Very nice mic in this price range.,After seeing many microphone. I found thisI bought it becuase of its good ratings and reviews and in a buget price. This is best for beginners,The first time I had ordered this mic, I received in a amazon plastic bag and the product box inside was completely damaged and was sealed using cello tape. Also, the mic seller sent me was damaged and had low quality audio. It was a duplicate.But, when I replaced, I received the packing in a cardboard box but still the inner box had a few damages.The mix received inside was good.Here is a detailed review of the mic:1. The quality: Quality overall nice. The wire might seem filthy and weak but in reality when I tested it, it was indeed a bit durable. It can easily sustain a bit of a pull and twist. Just mind the spots when the wire meets the audio jack and the mic2. Sound quality: Sound quality is really nice. BUT BUT BUT... before you think of buying it, read the paragraph below (of noise cancellation). The mic catches sound equally even if you are from far away or close to it.3. Noise Cancellation: This is a major point. I used to mic a lot for testing purposes. Let me share my experience. I tested it in different environments.a. In a closed room with AC and total silence: In such environment, you will get crisp sound like a boom microphone. But, you will also receive a bit of white noise or background static noise which you can easily reduce using the noise reduction feature.b. In a room with ceiling fan on and moderate noise: Still seems good but not great. Your vocals would still be crispy and clear but the background noise will increase. Still if you use nice noise reduction software (like Audacity) it will sound great. Adding background music to your video would help.c. In a room with standing fan on and high noise: Not recommended at all. Not only this mic but any mic would capture a TON of noise. To express statistically, there will be atleast 40% noise of wind whooshing in the background.d. The same high noise room with windows open: You will die doing noise reduction. Not gonna lie, the background noise increases by 60 times.  DONT TRY THIS.The pop filter or the sponge on the top of the mic helps a lot. When you are speaking close to the mic, a lot of air goes in while speaking. So, when the ""filter"" is attached, the output sound does not have air whooshing but with the filter removed, the output sound is only air.Now, to sum up...Mic is overall good. Noise cancellation is not great but yeah, for the price range, it is the best!Recording tips:1. Record in a silent room with A/C or else turn on the fan at the least speed so it doesn't make much noise.2. Use the collar clip to place the mic, don't hold it in hand. ( I mean this is common sense :-P )3. If transmission lines (electricity wires which are above the head) go from close to your room, I would recommend changing rooms.Now, the reason for this is that sometimes, the mic can catch electromagnetic intefrerence.  This maono mic won't catch it but I recommend this for generic mics.4. Do noise reduction in Audacity. It is very effective than the inbuilt noise reduction tools in video editors. Also, it is very easy.Also, BOYA BY-M1 MIC SOUNDS ALMOST THE SAME AS THIS MIC. There is only like 2% difference in noise cancellation. But, I would still give both of them 3 stars for noise cancellation.THAT'S IT!Hope you understand what I mean to say.Peace out.,Nice 🙂",-
"R1ZVVISXKO1JOK,R1ZPSHX28L5WL0,R1CDARD5LUVUAJ,R1HCEZCBOONRT6,R3LW1RYTWDVNZK,R14K7AW0ZFZRGD,RZ3JLZP8FSO3I,R12VALC47YCIOT",5:6c218a69-b37f-472b-850d-2b9772792e4a:1152922604118476022,3.6,Neutral,Positive,0.9871,"This is an amazing Bluetooth earphone for its price 500 it's good sound,good battery but only problem is there it's band as its flexible it dosent stay at place when in neck they go over another. Otherwise it's an amazing earphone. If your budget is low then buy this it's good.,Bought this product 2 months ago and it is working perfectly fine . Only sometimes it connects to more than one device . Else all things are good,Purchased this product for it was available for immediate delivery. The product appears cheap, but holds well. Sound quality is alright for basic requirements,,Nice Bluetooth 👍👍,NICE PRODUCT IN 450 RS,, BATTERY BACKUP IS AWESOME,,FAST CHARGING,,,SOUND IS ALSO VERY GOOD,,ONLY BASS NOT AVAILABLE AND TYPE C PORT IS NOT AVAILABLE IN THIS NECK BANDOVERALL GOOD PRODUCT,Sound and connectivity is very good but after 5 month it's not charging. No use for long life. Not a good product,Worth",-
"RQ03WWKIJ86VR,R3S0S1OUOOTNC2,R2EEZPKARXPCYZ,R1INKZP3Y4L085,R2CLAZMKKPEP0Y,R3TCUV39Q5GMP7,RZO17F76OW8H9,R201RFHN6XKRPR",5:6c218a69-b37f-472b-850d-2b9772792e4a:1152922604118476025,3.9,Neutral,Positive,0.8688,"Nice product,short wired atleast give 2 meter wire,Sound quality  is good,Was looking for a laptop speaker for remote work for few months, something sounds louder than my laptop. I bought this with very very low expectations. BUT!!, Sound quality is not that bad. okay for casual music and podcasts listening. sound is fine and clear in 60%volume range. Vocals are clear. bass is neither present or absent. Enough for desktop listening while working. Max volume is useless. Still great buy for the price. No complaints.,Good product,Bass is not high,Love it,",-
"R2ATT3WQL0UB7P,R1VHI2ZGJSCFVO,R1UHC2M2KPN7W4,RL2IQ53WUNMXA,R2ZU0WUMZ3CLX6,R3C01TBTCD6UB0,R17G6J6XU7GMYG,R2TLAX7VNYS983",5:6c218a69-b37f-472b-850d-2b9772792e4a:1152922604118476034,4.2,Positive,Negative,-0.9273,"I've been using the watch for a while now and I got to say I love it. The battery lasts around 4-5 days not 10 days, you do get around 10 day battery life if you disable all features of the Watch. Overall I like the call quality and display touch.,I got this product today and watch is great in budget and performance there's only one major problem that the button is not good but the other things are like speaker mic display etc. Are good.,The watch is good but the product that I got was defective after talking to the fire bolt company they give me new watch watch is value for money go for it.,The watch is stylish sleek and built quality is good.in this price range it's a catch,All over good but volume increase and decrease not working while play the music.,I gv this feedback after using 3 months.. good watch. Lekin jab recive kia, watch on tha☹️ pm me Alarm lagana bohut zaroori hota he. But nhi lagte he. Sirf am me lga skte hai. very disappointed😖 baki battery backup is good 👍 looks achcha hai👌comfortable hai,It’s a good watch but not switching on right now due to some issue,Amazing watch amazing colour! Just bought yesterday, will share feedback again after the usage.",Isu Harga
"R1YI2RI1JC36SO,R3K5ZW63M5MIRN,RK2GIVBNOGOZ3,R25A4JO66YW0TS,RVQD2WX9EIW0W,R35YIQ96ZXOU58,R393HAUNLQT4YD,R1ULBGLCI3H1YU",5:6c218a69-b37f-472b-850d-2b9772792e4a:1152922604118476035,3.8,Neutral,Negative,-0.8254,"I have received this product with a torn packet, missing cable and user manual. It seems incomplete product. And the same airtel sim gives me a strong network but here I foud it slower than my mobile network. It's fine, it might be the problem of network, but the cable shouldn't be missing. It seems someone taken while shipping because I got the packet broken. However, I received the WiFi with battery. And I use my own cable to charge it.,Overall satisfied,Nice working,I faced Much tower problem,It is better than mobile hotspot, but it's battery backup is not good.,Even with a 4G SIM the network speed is really low and connection is patchy. Its ok if you are using it for personal surfing but not a good fit for office work.,Satisfied with the product.,When i connect only 1 device then ok. But when multiple device connecting, it is hitting abnormally within 1 minute. Then backup reduce maximum 3-4 hours.",Barang Rusak
"R2VFXFP75ZPQF6,R31BYR22O09BLQ,RKMFDAV9I8Z3,R3VO2OQU0NX1GE,R3H4WLHQYRTZ3H,REW2CYD532JB3,R1QTUL5N1ZE9S3,R15FMRVH2UDP2X",5:6c218a69-b37f-472b-850d-2b9772792e4a:1152922604118476042,3.9,Neutral,Negative,-0.1774,"बैटरी के रेट ठीक हैं डिलीवरी ज्यादा है 40 रुपएटोटल 290 ₹ देने पड़े,Charging does not last for more than 3 days with out use after full recharge,battery does not last even one week even in wall clocks,charger is not good because no idicate light after battery fully charge,Get higher wattage..... 1000 too less and required constant charging.,Not even last for 1-2 month in wall clock . Battery leakage is another problemPls don't buy and waste money instead go for good mah and good brands,I have tried changing once only it's ok,1.2 v please check when buying",Sentimen Negatif Umum
"R3H500MXJWRGI,R23WZ2PU1E2ZTM,R26VZERXGYOH61,R6BH0WP7AU7K5,R3Q5DCTI9MGLIN,RKLM5089QQVNH,R12GPK5AS5ZUZN,R1DMSSN400Y30K",5:6c218a69-b37f-472b-850d-2b9772792e4a:1152922604118476043,3.6,Neutral,Positive,0.9883,"Then this one is for you. It's actually well made and the colour options are pretty catchy. I basically wanted some no silicon tips wired earphones for laptop& cell phone calling. Didn't want to pay more than necessary when I saw these for 200/- grabbed them cause I saw some pretty good reviews and honestly they are good for the money. Love the design. The volume buttons work. Good for casual music sessions. Mic is good too.,They are very good for the price point. But the build quality is just bad. I bought it because it had volume control, even high end earphones lack those nowdays. But the button enclosure feels like cheap plastic and will break easily. It has huge drivers don't get me wrong 14mm for earphones this price is no joke. The bass is also quite good. Go for it only if you have budget restraints.,The quality of sound is good but it's build quality. The wires are very delicate and prone to get bend and break,Sound Quality-GoodMicrophone Clearance-GoodWare Quality-Good & long ware.Design-GoodI Recommends to you....Only i believe amazon.... They will never broke my trust.,Best product in this price.,decent one for the price. so far no issues,Totally worth it ☺️,a Bit loud and the cables are very thin. But for 199 it's good .",-
"RTD1L3LGGMBG3,R1C6Z9AXP9ICQM,R3IAQHMHSD92O6,R1SH5KG6YVLJ0H,R2ST8W6PO0TBDR,R1SD1W9T3GM23X,R3J5HRLH5MG85E,R302A87U6XE21L",5:6c218a69-b37f-472b-850d-2b9772792e4a:1152922604118476044,3.5,Neutral,Negative,-0.4939,"good product value for money,,Good product,Works Well With PlayStation 3, Must Try.,It shorted from the inside. There was no visible damage outside but the cable shorted from inside and sparks started to fly during ordinary use,Nice,Looks sturdy and better quality than the market ones,One of the pins were broken when received and I could see that inside the pins its not metal instead looks like porceline and outside alone a thin ss covering is given. poor quality",Barang Rusak
"RXTFUL32UVMBF,RKILLVCVGFROD,R2JYW5X6BHMXBV,R18M0I706P5O3,RCG0RE5G16O10,R1CRK2KTT4Z4C5,R28M2PKJ99LPKF,R35HIF5EVQDYIM",5:6c218a69-b37f-472b-850d-2b9772792e4a:1152922604118476050,3.8,Neutral,Negative,-0.81,"Batteries does not charge as per the description, I have charge for more than 8 Hrs for full recharge /to be used properly, after the 8 hrs charges the charging does not last for more than 3 days with out use,I noticed when I got the batteries that they are so much lighter than normal batteries and was suspicious. But after using it heavily, this battery runs out so much quicker than my other 2800mAh battery. Then I saw the back of the case and it was written there it is 1800mAh battery.Everything else works fine as intended but I don't think they should be deceiving customers by giving another product and advertising something else. That is fraud behavior. But for price of 1,099 it is justified.,Getting overheated when charging is on for 1 hour fear of getting melted the body,Good mid speed charger,I am impressed,No Chinese goods are my favourite.,I like the product, am using this for keyboard.,Charging the battery in hours time 1.5 to 2 hrsGood to have oneI am using this charger to charge my existing rechargable batteries both AA and AAA",Isu Harga
"R3HH89QPKPPH0N,R1RDMIVEKQR627,RA53P1TSFESWJ,R1YDORG7TANTE7,R2K9RPCJJ2IR5W,RLPU6DY334IHA,R35VO8VW4L2KA4,R1JJS4OLQE80Q4",5:6c218a69-b37f-472b-850d-2b9772792e4a:1152922604118476059,3.7,Neutral,Positive,0.5379,"Good for gaming only. Other than that the sound quality is not as good as other models.(I have used 181, and still prefer that over 191).Battery back up is definitely better, but the case depletes fast due to the LEDs being lit everytime you put the pods back in.Ear pods are a bit bigger in size, so preferably not for those who use smaller earphones.,Don't buy this item. Sound quality of this earbuds make my ears bleed. It gives a certain static sound when it's silent. Only flashy thing is its got LED. Other than that at this price point you can get others. Don't go for it. Genuinely.,Ear fittting depends;was cousing pain at first,the sound quality okay, noice cancellation need to be improved!,,One side is not working,This is good for those who wants bigger buds and ..it's size is bigger than the normal so it may fall out form your ears and .. mainly it got automatically switched off..don't know why,Good... But after few time ear starts paining.. very much,Sound quality and build quality is good 2022 its a best choise",-
"R3BZHVNU56YYR,R3JMZ9FQ4EE6ZQ,RCREBFSXZQ9JF,R1L60WAZORSA1X,R1WB0TXVLEXMUH,R3I31OWBU6CU10,R16KH7YOYW7TU,R3ETTCKO1FPQCK",5:6c218a69-b37f-472b-850d-2b9772792e4a:1152922604118476060,3.9,Neutral,Positive,0.9777,"A peculiar product in the market. Good sound quality and build quality for this price range. The wood color and texture will not be the same as in the picture. writing this review after using it for more than a month. No problems yet. So, good budget wired headphone.,This product is very good for calling purpose no doubt about that. Made of woods definitely! Looks pretty I love the design and the logo. Sound quality if you are a music lover and would like to spend a little more then I would recommend SONY, Realme, Boat. But not this, this sounds like toad! I am very disappointed about the music quality for this.,Product is good in terms of sound, voice clarity.Mid bass for music. Value for money .recommended. .will try to post a review 6 months post usage.,There's no bass but a flat sound while listening to music.I also struggle keeping those earbuds fixed in my ears, they are huge.It is durable however, suitable if one needs to use it for calling purposes only.,Dislike,Great look and light weight,Quality and sound is good.I was using this for past four months. Its working good. Fits perfectly and light weight.Note : Please don't expect high bass.,It's a average performance product.",-
"R2AV9AKW9EB7C1,RWSKD0OJUSGQS,RJHYN4I6B113J,RI9CLAGH4SW9S,R3VW4D1UNO8HON,R1JGOZA805HVQF,R38KJ4OR66OTV1,R121BDXPB86E0M",5:6c218a69-b37f-472b-850d-2b9772792e4a:1152922604118476067,3.5,Neutral,Positive,0.9448,"Great quality overall in this price range.Bass is very low but not so low that it will feel bad.More of a balanced sound.If you use any app to improve audio such as wavelet it will almost feel like premium quality.Some points to to note:Mic is available in both the buds but will work in only 1 bud at a time. Whichever bud you will pull from the box that only will work.But if you use only 1 bud then any one of it will work  because any one of them can be used as master.You can use only one (any one of them) at a time and you can use it's mic for call, touch controls to receive or cut calls. Or else play/pause music.But this dynamic use of mic have some bug. Sometimes this change won't happens properly and mic will not work or the other bud which is inside box may have active mic started so the person you are talking to will complain about voice is not coming. Or some time may be muffled audio.Put both buds inside box and then take out again to reset it and it will work again properly.1 time I faced error that even after putting both buds inside didn't make them off and they continued connected to mobile.I connected box to charger and the issue resolved.You can put 1 bud inside ear and other hold in hand and keep close to mouth to get superior mic quality even in streets where a lot of noise is or in the office where you need to speak in very low voice.Battery backup is almost same as claimed. You can watch movies, call for ling period and listen to song whole day without the need to charge the box.If you put buds inside box inbetween for few minutes then you can really use it for a day or 2 easily.,Overall the pods are good .I don't know this piece is damaged or my system is lagging, sound delay happens at any random.But this sounds good , good product.Worth it ✨,Product giod for music or vedio but bad for calling,not good as expected,, after few days,left side earbud not working..,looking good but not working good....,I have had Boult's wired earphones before and I loved them. But this is just way off the mark. The case is flimsy. It may look sturdy but it is light as a feather.The earphones themselves don't connect unless you take them out of the case. And even when they do, there is pretty loud voice announcing it. For someone like me who doesn't put the volume up too high, that voice is really irritating.Also I have noticed that the audio cuts out sometimes. I have no idea whether that's a connectivity issue or something else.In conclusion, just go for something else. This was a bad one by Boult.,Nice product 👍,I am not sure what to say! It's good for music but not useful for use for calls extremely non useful if you will speak anything the person other side  hear anything,",-
"R26Z6SSJJ8MDIO,R15G5H4WP7FUQI,R1APGF7RYJ6OGH,RC2RF00D78VWN,R38AYQ8T47YGQK,RJ855UPV0ZZIX,RBUWQS3IU65ZP,R20GDL1J7ZSXHQ",5:6c218a69-b37f-472b-850d-2b9772792e4a:1152922604118476069,3.3,Neutral,Positive,0.93,"Fine product not much happy but... Better than nothing,It's small in size,Transparency is not too good,value for money as per cost.,The length is slightly longer. But the product is worth for the cost. It's quality is also good.,Just okay,Quality is good,Little big for 15. 6 laptops but overall okay,The product's durability is better and the quality also.You may purchase it freely with the intension to protect your laptop from the dust.",-
"R3LRHEV5RKBZQH,R9P75XMCRRIIA,R2CONBLYQT7R1K,R2GAWVA9AW8ERQ,R38DWVOKKMHUBK,R2W4X1BRWCBV9U,R1X9VVCTEHSYMY,R1KS2EJEP1K3AO",5:6c218a69-b37f-472b-850d-2b9772792e4a:1152922604118476071,3.8,Neutral,Positive,0.9611,"Great product.. go for it,Very nice,Picture quality is good,Good product quality,This camera is very good option if you have wifi connection with good speed. Its worth money.,https://m.media-amazon.com/images/I/51ahUA0d7AL._SY88.jpg,Good product .Picture Good .Two way talk is not work.,Cp plus all cameras is best 👌😊",-
"RS75FOY13AIG9,R3E7YWE1ALH6JF,R2L2RD1CNKUYC9,REHZ3AO9CMIAV,R19S8PMWV5DGXC,RC85YPCMOFPON,R1LU60M8E0H6MN,RRNOZ5CUP4LFK",5:6c218a69-b37f-472b-850d-2b9772792e4a:1152922604118476072,3.5,Neutral,Positive,0.9559,"Qualitywise the plastic body used is fragile (like you get a feel that it might break). Although they have provided a paper for instructions with images on how to set it up - it's very difficult for a new person to understand and then install it. A video link might help or you need to search on youtube. Print quality wise also - it's not the best, but not worst also - it's 4.8/5. I feel it's a bit overpriced as well.I connected to my Windows 10 laptop, it asked me to download HP software from Microsoft Windows Store and a few next-next-next things, setup was quick. You just sign-in with your email address registered to HP.It's a 5/5 product but will give 4 because I feel it's a bit overpriced and paper might also get jammed sometimes.,CAUTION: hp ink catridges are infamous for ink level reuction from 100% to 20% just after printing 5 color picture in glossy paperBEFORE BUYING THIS PRINTER CONSIDER THE ABOVE. THE RIDICULOUS REDUCTION IN INK LEVEL OCCURS DUE TOINK DRYING IN CATRIDGEOR DUE TO USING ALREADY USED COUNTERFEIT CATRIDGESMAJOR CAUSE IS INK DRYING, THAT WILL HAPPEN EVEN IF YOU BUY FROM OFFICIAL HP STOREALMOST 50% OF ALL HP INK CATRIDGES REVIEWS TELL THATSO IT MEANS 50% chance that you will recieve a catrige that will print 10 pages rather than 60 pagesIT IS BETTER IF YOU SEE THOSE REVIEWS FROM AMAZON YOURSELVES, INK COLOR 805, 805XL, TRI COLOR AND BLACKAfter printing 5 glossy paper color photo ink level of pre-installed catridges reduced from 100% to 20 %Photo print max resolution 1200 x 1200 dpiUses tri color hp 805 and black inkColor catrige are cheaper than canon but can print 1\5th that of other company catridgesDirect scan and print without pc....yes 600x300 dpiWireless...... NoSupport mobile printing...noUsb 2.0Pages suppoted.....A4; B5; A6; DL envelope Media types.....Plain paper, Photo paper, Brochure paperDuplex print....manualHp thermal inkjet printingCatridge and costHP 805 Tri-Color Original Ink Cartridge (~100 pages yield, in reality only 10 pages min to 50 pages max)HP 805XL Tri-Color High-Yield Original Ink Cartridge (~200 pages yield, in reality 10 pages min to 60 pages max)Comes with color and black catridges pre installed at 80%-100% ink levelsPaper feeder and roller can be cleaned manuallyPaper feeder max 60 page at a timePaper output 25 page max Print speed black (ISO)Up to 7.5 ppmPrint speed color (ISO)Up to 5.5 ppmAuto off....yesWt ....only 3 kg Borderless printingNo,I bought this in 2020 for printing kids worksheets and assignments. It worked great only for few prints.After that, we changed the cartridge, that also worked for only one month. Should have gone a high end printer instead of this.,Very useful,Very poor quality after 1 month used printer print only 7-10 print on 1 refile. Also color print not working or not recognized.,Does the job, but it's damn slow. Have to wait for ages,Super printer but ink will get empty fast and depend on your usage if you are a heavy user I don't recommand this printer if you are light user I recommend this printer... Print quality is super,I'm using with mobile for printing only, and also easy to use Xerox. But some times at printing getting error & stopped printing trouble. And getting print was slow. Best budget product.",-
"R3F2RGMVGXBBAW,R1QF8TBA1FDIL8,R3PQ1KGTPP89XV,RV46F0P6E6UXD,R39L5C9XC2E993,R3UGNLBXR6LUNT,R1F5TB9ITVZPUQ,R15YXHS43BMUK1",5:6c218a69-b37f-472b-850d-2b9772792e4a:1152922604118476078,3.6,Neutral,Positive,0.9972,"Let me start with something no one writes about.UI:Power On. Hold the center button for 2 seconds and the earphones with say in a Japanese/Indian woman's voice, ""power On, battery about 70%"". She does not sound Chinese like the cheap Chinese headphones. Her voice volume level is not very high either.BT pairing:Turn off the headset, press and hold to center button but keep holding the same button. The headsets voice will say, Bluetooth pairing"". Once connected, it will say, ""Bluetooth connected"". If BT disconnects, the voice says, ""Bluetooth disconnected"".Next track:Press and hold the + button for 2 seconds and the headset will make a cute ""chime"" and load the next song in the playlist of any app. I like this feature of the chime because this way I know the headset has accepted the command and loading the next track. However, holding the button for 2 second everytime you want to change songs can get annoying and painful if you want to skip a couple of songs of just skipping endlessly waiting for the right song to play. Buttons aren't very soft but do have a tactile click to ensure you feel the click when pressed.Power off: just like power on, hold the center button for 2 seconds and the headset will turn off.Volume up/down: No audible feedback, just volume increase or decrease.Status LED:Blue: when On and slow blinking when connected to bt. When in pairing mode, the same light blinks quickly in the same blue colour.Orange: while charging. Solid on.Green/off: 90% and above.Physical clues: tiny nub on the left ear plug to denote left side. Only reputed brands have it.Same tiny bump is made in the volume up button on the controller to denote volume +.Coloured Dots on the plastic controller to denotr left and right channel.Ear plugs are colour coded and fit very well in my ears. Most of the ear plugs fall out of my ears while talking. These don't. I use the smallest one.What does Sony offer?A very neat guide on how to insert the ear plugs in your ears the most comfortable way and ensure the best seal for clear audio. I've never known that you can pull you ear up from the top corner and gently place the ear plug into your ear canal. Once placed comfortably, drop the ear and let the ear canal seal in.Audio App. It's basically a music player designed to detect the sony earphones. If you use spotify you can use this app to setup an equaliser. It plays MP3 from your storage too. My phone already has a built in Equalizer. I don't use any eq because the sound stage on these is flat. So all types of audio sounds great.FAQIs it flimsy?No, but feels like you might damage it if you're not careful.Does it really last 25hr?Yes, I've tested it sort of. And never managed to run out of battery.How much did you spend on it?1.6kAudio lag?None. I tested it with Android TV, LG web os, Android phone, ps4 and iPad. No issues of lag or disconnection or audio drop on super quiet moments of the song.Bass?Very decent and controlled.Vocals?Very clearTreble?Sharp and crisp.Loudness?You can listen at full volume without much discomfort. But I'd suggest not to.I compared it with JBL wave tws100. The sound is very similar but a we bit less bass on flat eq.80% Better than boat airdopes.30% better than OnePlus bulletsZ.,After using it for a week i returned it,here's my understanding,Pros,1.Music Quality: mids and highs are well defined, if u want u can add bass from EQ ,that also provides bass with quality not boomy and unsubtle2. Fast Pairing : pairs instantly3. Hardware Level EQ : u can tweek it to your own desire4. Good Mic QualityCons:1. NO MULTI PAIR SUPPORT.. i.e u can't switch between ur lap and mobile instantly or in standby2. Cable Quality : The Provided Cable are so thin and fragile, causes me to restrict my movements on wearing3. No Magnetic Tips for AUTO PLAY/PAUSE.. If wear it to sleep, it can't be turned off by simply removing and sticking it together like other neackbands , u have to use or phone or the buttons to pause the music.Conclusion: I returned it and bought realme neackband 2 though it was horrible boosted bass and mediocre sound Quality, simply because of better features, but i still prefer the SONY on music quality.,Grip to the ear need to improve,Good,The product is well packed and tamper proof packed with Sony hologram in the box.Cons-This is compatible with new edge Bluetooth version 5.0 so might not work with old phones like in my case with Sony R1 plus and xperia M.Works with Redmi 10 pro.in my case.This is not exactly band but LR connected with thik wire which might fall if jumping or during workout.Sound is 10% lower to Sony wired headphones.Pros-Clear and balance sound with Sony quality music hearing experience.Base feels sufficient and clear .not like uncomfortable.The connecting wire instead of hard plastic band makes it light flexible and weightless to wear and packing in the luggage.Mic clearity is 100% pure and your voice is very clear and sharp to the front person,not like others.It's complete value for money as this is perfect in its quality which many brands in this price tag is not able to do.This can be folded and packed in 4"".Conclusion -Go for it if you are riding and puting this inside ur collar not open, else it will fly. Not suggested for gym as it will fall.Function are smart and easy to useSimply it gives you the best quality at this price and connectivity with mobile is strong too.Not for Magic expecters ....YouTube & Insta - the_voyager_ad,Sound quality is good.,Battery life is great with good sound quality.Audio quality of phone call is poor. Keep this in mind if you are using this product more for calling.,Quality of the product and its sound is good.But it always slips from the neck..There is nothing to hold it in place.Keeps falling and i am afraid i might lose it.",-
"R3TGQK7IIJLS03,RUOMB8W6YK7QR,R3CFBAHDNZG57Q,R1C5UGJUKUS15H,R3ERTH3R5JIJFV,RPRA1IC9U989B,R2WCM1JXL4364G,R1UCY8XB55U6XH",5:6c218a69-b37f-472b-850d-2b9772792e4a:1152922604118476087,3.5,Neutral,Positive,0.9818,"It’s a good product in this price, I would hardly get any worst thing about the product as far I am using this it’s totally fine. Battery life is good, case is good, looks is good, and the sound is great. This range this product is good. If you are thinking about other companies than that’s also fine. First compare than buy,You will enjoy the music for sure. It's loud with decent bass. But if you are picking this up for calls, it's ok when you are in silent sapce. It's definitely not a good option if you have to use them for calls during a ride or in a noisy public places.,Not good for callig,Good for music,You get what you pay for..Does the job.. the button is very sensetive, so even when you when to press them to go back right into your ears , something or the other gets happens... May be it's too early for me to get use to it... Over all alright product for the price. Bluetooth connectivity good.,Too small need to be careful if ur moving around..Well only time will answer if it's worth the price,Does not fit in ear..Always falls..Rest is ok,",-
"R1NXQAUJ3LO3OW,R1MWEBTA35BES8,R2OTG33BME1DP2,R2ADKUIQDNC4CS,RXCSU83UL85LG,R1IU2CXD6J2VT9,RXCA5L1FET3BK,R2PXB1JH0VU4MO",5:6c218a69-b37f-472b-850d-2b9772792e4a:1152922604118476090,4.4,Positive,Negative,-0.5688,"Nice combination for color sketches,It glides great but is sometimes not..,Smells bad when you open it,Cap grip not good,All good just the little messed up,Gel ink is good, but the cap isn't tight enough, keeps coming off,I literally like the flow which is smooth like butter. Plus this also contain golden and silver shades 👍,https://m.media-amazon.com/images/W/WEBP_402378-T2/images/I/71J4WF7wTSL._SY88.jpg",Ada kata 'Tapi' (Kontras)
"R2B9AWHBJL5Z8U,R2OCSSQTFKSY5C,R2IC20U151H5EL,R2CKRVI3RAKV3R,R17F6JLUKCCNJE,R2DRWDUDK4VP5J,R1ZUANXQSKI8Q8,R1RYTXARLTEC3K",5:6c218a69-b37f-472b-850d-2b9772792e4a:1152922604118476093,3.8,Neutral,Positive,0.8894,"Onedra full prodact,Good but sometime sound doesn't clear,Best Quality Bluetooth Speaker, With Great Bass and Sound Enhancement..Problems :1.Charging Cable is So Poor in Quality2.Charging Port Could Not Be Connected Easily Due to Loose Connection Of Ports Some Times A Little Shake will Dis-connect The Charger.3.Charge Percentage is Not Shown Anywhere.Other Than This Little Audio Lag issue when Video's are played But it doesn't Happen all Time.Advantages :Best Solid BodySound Quality is Lit🔥Best To Watch Movies With High Quality Audio.Thanks for This Best Product ZebronicsPlease Resolve This Little issues in This Product,Thank You.Edit (14 Dec 2022)Now I Have Problem Replacement is also not available in amazon app, Charging Port is Not Working Properly Every time Automatically Switch Off In Full Charge also. Please Replace My Order Zebronics.,,With 10W sound is Low.,Switches are on the sides hence it's difficult to operate.. For mode same switch is there.. Sound quality is average .. Product is light weight..,Charging taking more time,Sound quality is spuer, bass effect is low but worth for this price. important : battery percentage not showing anywhere",-
"R1CJ0MB11B1FIY,RIDJYDQN13E73,R34VA5BFT3PL9D,R1P01XZPNVOUL6,RZBWQXTRZLTAQ,R3TR96F911X3VY,R1UJODUANPA0J0,R2JQLH3JBPGEJ7",5:6c218a69-b37f-472b-850d-2b9772792e4a:1152922604118476094,3.9,Neutral,Positive,0.9923,"It works great for my laptop,This is a good accessory to connect SATA drives to Computer via  USB interface,The advantage is that there is no need to stop computer, attach drive to SATA then restart, format etc.This is faster to install without turning off the computer,.The con is that the DATA transfer speed is less. Also this cannot be used to boot from, so its just an accessory to transfer data to and from computer in easy way, BUT one cannot boot into this like one can using USB drive.,It is very handy, speed is awesome. Working flawlessly but the build quality is very delicate, they should improve the build quality. But the main job can be done without any problem and I'm getting upto 100 Mbps speed.,,The product is good for the use,not cheap but its ok price. Also Usb 3 so its fast. And the Quality of the material is not that bad its plastic but good plastic.,Amazon sent a replacement as the first delivered cable stopped functioning in one hour.The product works. It seems USB 3.0 compliant.BUT, it is VERY Flimsy For a product that could be used multiple times and will need to be connected and detached from a 2.5-inch HDD or SSD...The plastic housing for the SATA port can be squished, and it even bends and moves a little.The cable is a foot long, but is thin and needs to be thicker.I have another USB 3.0 to SATA port adapter but it is pretty sturdy.If you are going to keep the SATA part connected always, then this product could be OK, but NOT recommended for Professionals who rely on such a cable to connect multiple drives in a day.,Its working fine with old Seagate hard disk,Okay Product. Online price could be maximum 299, strictly in my opinion...",-
"R392ZYXC6D3GY0,R1MJHZXZ09ETAE,R20PJKJTCF9RXN,RRBGOD13SHW3G,RFKGZ644H33WX,R21KI36AKNFJAM,R2641YZI4YBHDF,R15FO6TEAGIRJO",5:6c218a69-b37f-472b-850d-2b9772792e4a:1152922604118476099,3.5,Neutral,Positive,0.7204,"Not a perfect fit for long usage,One problem you may face if you use it continuously for a long time may be ear ache can be start..,Although it's an HP product there's nothing to write home about this headphone. It does what it is promised and there's value for money as you can trust the brand but don't expect anything 'extra'. No volume control or on/off button, comfortable to wear but not designed for comfort, clear sound, and a mic but no advanced features for either. Yet it's good for the price!,Product would not meet my expectation and sound quality is poor.,Sound quality is good , cancels the background noise.,Not a bad deal,Build quality and sound quality was good,Base and noise cancelling is also good ☺️😊,I bought it in october month but now is not wprking properly",-
"RM008Z6AJ6V5D,RKFTTUKO1A54T,R20P3T7U9RKSBG,R1P1QHB04XGZML,R1ST7955NYDAIL,RFZ5R15WZV8SZ,R1X10TKU9WRYCY,R2EVJ2LKLX2AAJ",5:6c218a69-b37f-472b-850d-2b9772792e4a:1152922604118476106,3.7,Neutral,Positive,0.8336,"Good,Excellent for mouse, keyboard & p.d.,I brought it for mi tv, it works well with laptop, while connection to tv, hard disk is not detected.,On time deliveryNice productAll ports workig,It has been purchased it has additional/external power. But adapter is not easily available. Purpose is not fullfill.,Good product and useful for laptops that have lesser number of ports.,Good,I liked this product. Its worthful.Thank you Amazon for this .",-
"R30IUGWUAWZ7VQ,R2YU0RDOUNLB5M,RXK8OJ3F42ATY,R2M9M458Q96FUE,R3H1PC871H1GM5,R1K9QL3Y422K6J,R3C4RMUOAJHGYO,R169IX82EZNIGB",5:6c218a69-b37f-472b-850d-2b9772792e4a:1152922604118476107,3.9,Neutral,Positive,0.9992,"Stopped working after a month of use. Don't waste your money on this product,Everything is best but build quality is avg,lets get directly into the Pros & Cons :-sry it will be a long review coz the review have to be useful for everyone who plans to buy this.Pros:-* The Price, given to this price bracket its the best one i can suggest from the built quality to the Audio quality its superior for the price 499/- (i got for this price tag)*then the Comfort, everybody complaining about the earpads i dont know why, if your going for over the ear type u have to be known that u cant wear it all day long the most expensive products also tend to warm your ears and get a little uncomfortable, so if its not preffered u can go for earphones or earbuds. as i bought multiple ober the ear headphones there will be rought cloth like texture that will irritate your ears, But this One has SOFT CUSHION like material, im really comfortable with this one.*and next the Audio Quality, i have previosuly owned boult in-ear earphones so i know the bass quality and vocal quality, so i booked this without even thinking twice, and it has delivered what it can. the best part is im really comfortable in this one than my in-ear earphones, the sound is even better and you dont get high volume levels like those local cheap products on the markets. but the Bass and Clarity will give you some extra feel, especially the BASS.. its really engaging, if ur a Bass lover go for it.*then the Quality, i know the Boult for sometime but for over the ear headphones at this price point i was little skeptical about the build quality before the delivery and it suprised me, dont think that build quality is extraordinary like sennheiser or Sony coz ur not paying that much for this, so for this price its so good, even better than the boat headphones which is slightly high in the price tag.Now Cons:-* little skeptical about the Warranty, because when i gone to register this and both while i was registered my boult in-ear earphones, they didnt asked for Invoice slips and No serial number is asked, then how can they proceed if we call for the warranty claims?... but hopefully i think this will last long as seeing the quality.* Next is the Cable Quality, i didnt complaining about it, but they mentioned in amazon as its an Kevlar Cable, so i expected a lott but its a normal cable bt its Sturdy enough.*** i didnt check the mic on it, i make a call on this, the other person was able to understand me, but i dont know hows the quality.To Help you guys, i have metioned every aspect in detailed manner so it can helpful for people who spend their valuable money (coz every single rupee counts)..Have a Nice and Safe Shopping. Bye☺️,achhi product he,Got the product delivered unharmed in 6 days.I got it for ₹499.This is the best branded product in this price range.Sound quality is pretty good considering the price.Bass is good but the loudness is a bit low, you have to listen them above the 50 level of your mobile.Clearity is very good.I bought them for online lectures and they worked great for the purpose.Ear cups are comfortable and reduces much background noise, besides they aren't known for passive noise cancellation.The wire attached to the ear cups is a bit delicate and may break if pulled forcefully so you have to handle it carefully.I have attached a pic with side by side comparison of my old Boat Rockerz 400 which I bought for ₹999 in 2018 and they lasted for a very long duration of 4 years.The Boult Audio Q2 looks a bit delicate as compared to Boat Rockerz, but don't forget there's a double price difference between them.Let's see how long it goes....Summing up this is the best product in this price segment (₹500). Just go for it if you get the same.,Noise level is so high I couldn't listen more than 5 minutes.. So I like to choose another brand please refund for this product,Quality not as expected level,I use this product for mostly in gaming and listening songs but there are no mic in it",-
"R2NZAVDD3V0QHH,RH94RL6QTX9ZG,RPERYOA7LX9AI,R1TOKDZGUZS111,R1JDICDMH5NNRY,R1VM1MXG5JB9MB,R19JHRALQ1YOQ3,RT2PBCZXFIDGN",5:6c218a69-b37f-472b-850d-2b9772792e4a:1152922604118476110,3.8,Neutral,Positive,0.9912,"Tips are okay, but they are small. Wondering if they took a reference of kid. They fit into the buds just fine, but have lost noise cancellation since they are really small.,Yeah it's not fit for TWSs...I bought it for my tws (realme buds air 2) but it's not fit I mean it's not gonna close completely I'm talking about my Tws case!,Good product I like it,Perfect fit for my Oppo Enco M31 (green). Took few seconds to put it and it stays like the original bud. The quality is decent for its price. It’s a pack of 5.,It's good and comfortable,Little tough to put on OnePlus Wireless Z headphones as the size may be a bit off. But once on, they won't fall off and are pretty comfortable in ear.,Comfortable and Squeezy Fits into most Earphones likely and you dont feel uncomfortable during long hours of streaming content,Value for money. Very good quality.",-
"RGQ39S8C5PP47,R3EJOUTC62KKUN,RJ8QD3DJEQ5JN,RW1HT9YU7JHSI,R1AP7ME9Q3JURN,R1TOT1Q6G43B7U,RH7QC8KMYJACT,R1HRQS0EW6WD1C",5:6c218a69-b37f-472b-850d-2b9772792e4a:1152922604118476111,3.4,Neutral,Positive,0.5756,"the color cartridge ink levels were low during printer set-up. the packaging was torn and damaged. leads me to question if this was a refurbished product that was delivered to me,Print quality  is good.,Ink gets over after a few prints,Product got delivered on next day of Order , pack was intact.many complained on the Printer ink, they pack 'S' ink tanks so we cannot expect more prints , i belive , we need to wait and watch on usage.Print quality was good, good scanner.Had tough time on installing it on windows 11 , since it end up saying ""printer not connected""Tried to reach support line and they said it is a carry in warrnty and shared the local agent number to walkin and fix.Managed to install the driver manually and able to add the printer it.we need to pick the USB (Sure it will have cannon word on it), by default it picked LTP for me and i was not able to connect to printer , After changed the USB and picked the correct connection , printer started working without any issue.will update the journey...........,Very nice Product,Good,Probably it's for regular use, not for residential with few uses.The inkjets become dry too fast making it very expensive to maintain,Good",-
"R1WZU792ROLKVF,R1X4YGIN6CWPH4,R32Z0RYAEN1DFC,R1DN8SF3OFPFAQ,RNHRK657LGIDV,R1DOJAY4KQGAI6,RXQATD7YRR3TA,R3HP5GYAC6M219",5:6c218a69-b37f-472b-850d-2b9772792e4a:1152922604118476120,3.8,Neutral,Positive,0.9962,"1.build quality is very good2.sound quality is good3.comfortable to wear4.it is ok for calls but other person will hear your voice very heavy and sound like old radio or something5.in this price range its a very good earbuds,Can't find better than this under 1KBEST IN THIS PRICE RANGE !!,,Vry nice one of this range  ..,All over best earbuds . In this price range:)I m really happy 😊,I love to this product,This product is really good as for the money, sensor is good, lights look cool, bass is good, battery backup is also good. Best thing is its Bluetooth connectivity which is super fast. Only limitation is that it connects to only 1 device at a time. Highly Recommended.,",-
"R2RDB07DGL4GM9,R3H2WY92CQUJMX,R2LDUGW3VRNHAB,R1LRB29GJ35245,R2S4Q38HCR9GEQ,R34PYQGTCYUFYB,R2FNNM6IUQZGWK,R3GR8P4J5HK9VV",5:6c218a69-b37f-472b-850d-2b9772792e4a:1152922604118476126,3.9,Neutral,Positive,0.9885,"Mouse open cover was little less quality,Excellent keyboard.  Keys are big and comfortable.  Keyboard is super silent.  Keyboard is compacter tahn a full size keyboard.  Only con is the mouse which is super small even for my average size palm.  Otherwise, the mouse is smooth only after you twitch the mouse settings in Windows settings and only on smooth surfaces.  On a computer mat it would be a little jumpy and rough.  Only wish the mouse was a bit larger.,I love this product. Very nice one. Works very well.,The combo of mouse and keyboard is off really good quality. The key travel is really great on these. Although it would have been great if the mouse had been a bit power efficient as the keyboard as it eats up the single AAA battery quite fast. Also would’ve liked a power switch on keyboard.,Some times blutooth connection problem occurs,First of all as in this price range it's pretty good but the comfort while pressing keys is not good..If we press one key automatically itbis touching another key without any intention...U can buy it for 1k but above u can go Logitech products...,Easy to connect, good looking, value for money, easy to type and click,Good",-
"R1FUZJ0GWDCLUS,R3VJ1YSW5XZI0D,R2659C1LEZY2BE,R2SCWNAAVSIAY,RUV07628Q4D75,RZ10G9SIHUWRY,R1I8JVDSJD2ODS,R3NGRQVZQY9RYR",5:6c218a69-b37f-472b-850d-2b9772792e4a:1152922604118476131,4.1,Positive,Negative,-0.2942,"Not a smudge proof but gives a gorilla glass feel. Lovely product!,Not smudge proof leaves a lot of finger print marks, rest is ok,Very Nice,Proper fit and doesn't let in bubbles if you know how to install a tempered glass. Definitely not smudge proof but no scratches observed till now.,Good screen protector, almost cover entire screen just few millimeter sapce gets left form edges,Nice glass,,Saying good bye to delivery of poor quality product and Amazon current policies to run away by providing poor product and poor resolution to complaints. Go and buy products from market.",Pengiriman Lama
"R3I568NWPF5187,R19KS9NAHZME09,R384JBLG7VAYNP,R3T6PJ40WKL2M2,R2HOVG7RABKNQ7,R2PVJY6ZKTLSAS,R2PIAZDEUTARUA,R8S61DB3WGBVT",5:6c218a69-b37f-472b-850d-2b9772792e4a:1152922604118476134,4.2,Positive,Neutral,0.0,"Pages are small,Okay okay,Best product but size is too small,,Quality is goodGreat notebook,Beast paper and spring,Good,https://m.media-amazon.com/images/I/71wZSQwwaGL._SY88.jpg",-
"R1JB53IQ0AXIHW,RPKOAVSXXPSKU,R3AIW6ZYB8OS8W,R1FANNDP3KWHH8,R2ESITUL5GM8WX,R39Y7SUMSOWEBW,R6EAH6XUMX4SX,RXPO6LV61TV1T",5:6c218a69-b37f-472b-850d-2b9772792e4a:1152922604118476136,4.4,Positive,Negative,-0.2755,"Standard calculator. What you expect from a 12Digit calculator. Nothing more, nothing less,Excellent product,Good.,I Like this product. The product is genuine onky,Super product,Very good,Very average product,No issue with the product.",Sentimen Negatif Umum
"R36ZW65JOPFS8L,RAEGRKQ26HAKB,R3U1GKVTCQ21OO,RAHRN3DS37LUC,R176NMLL4UKOG4,R1OZH39239I73K,RS9AG75KQ5ZWV,RSG6CEI9TVLPB",5:6c218a69-b37f-472b-850d-2b9772792e4a:1152922604118476140,3.6,Neutral,Positive,0.3244,"Wifi ability to connect with the printer is not very good,I did my first print and ink gone quickly as water evaporates under sun. LolI'm doing an exchange.,Good products and Very good print Quality.,The printer came loosely put into the HP printer box without any of the usual styrofoam packing. It was rattling in the box before being opened.After a couple of days of very light use, probably no more than 10-20 pages, both printer cartridges ran low, and the black already ran out. I had to replace it.When I was installing the printer, I had noticed that the cartridges did not have the protective tape over them. Didn’t think much of it then.It feels like this was a printer that was being used somewhere and they put it into a new box when shipping. Or someone opened a new box, inserted used cartridges, and took out the new ones.The scanner also does not seem to work.The printing is fine and works. I think the problem is with the company that sold and shipped it to me — something’s amiss here.,It's nice but take time to installation which cause trouble at once after that it's easy to use,Best one for home need!,Got delivered today and I set up using the cable and fired few prints.. Print quality is good. Need to see how long the catridge lasts..but for home purpose and medium usage I think it works,There is some serious issue with the product, it is not working now, need service engineer to repair it.",-
"R113XKB6ZAUQF,R2SOXALV4NB8GQ,RONEN38QVS6OD,R1SSASOUEVFGI9,R3NJ4S4NF2MA16,RCNZVZSXG9YK0,RAN94F4HUX984,R2PCQJOKH6H8MK",5:6c218a69-b37f-472b-850d-2b9772792e4a:1152922604118476147,3.9,Neutral,Positive,0.9909,"The Printer is compact and gets the job done. No concerns regarding the time taken or the print quality. The only markdown for this product is the setup. The user manual is brief and doesn't explain how to setup the printer wirelessly or by usb. We spent a good hour having to look through the online manual and you tube videos to understand how this was configured and through trial and error, we managed to get it all ready.,Easy to install,Good print and enough for home usage but installation is quite tedious.,Budget product. Installation was a headache. Did not know if it was done or not. But wireless printing is working somehow. Gets the job done.,The printer is good for personal use. It's working fine till now. It's easy to use. Print quality is also good. Scanning is easy and it's image is fine. Canon Product quality is good to say.,Shipment received in time on 25 th Sept. Due to lack of time i could test the product recently. It is working fine. Wi Fi set up could not perform successfully, i shall try again shortly. Other function are working satisfactory. Only worried is that the cost of its Ink Cartridges.,Printing photo's ar totally not clear,Pros:1) The Best / only wifi all in one printer in the range of 5k with ink saver (so called).2) Low usage required & low maintenance: Thought of buying ink tank but learnt from friends that it's suitable for heavy printing and when they didn't use it for a while repairs needed. Hence decided to go for inkjet with low cost maintenance. This doesn't require daily print like ink tanks.3)  product is solid built and no issues observed so far. Many long term reviews also confirmed flawless working for years so decided this model.4) Print quality: Black is very good but colour is average. Does the job for kids school project purpose.5) Easy setup : It's very easy to setup if you are techy. Setting up WiFi took little bit of time (an hour). I hate reading manuals and it was first time with a printer at home.6) Wi-Fi printing via mobile is a breeze with Canon Selphy app. Easy photo editor by canon is also quite useful /handy.Cons:1) Black is good but Colour is pretty average. Like I said good enough for home /students purpose.2) Not happy with cartidges supplied by Canon. They seem to fill only half or less for demo purpose. It gave around 100 pages for black and 15-20 pages of color with lowest quality settings (where in they claim 250 Black and 100 color). Both cartidges were almost empty and mobile app started showing the same.2) Ink cartidges cost & yield: The cost cartridges seems to be increasing (when I was purchasing this it was around 500 for black but now it's around 600) and I had no faith on the yield based on what I have got with stock cartidges. It's not worth buying cartidges so go for refill.3) We only find CL 57S Which is small. Where is Cl 57 (large size) ? Couldn't find anywhere online.",-
"R17OSOGCSZ1TU1,R2V3IDY4X5DO07,R10YPJXXLIT9PF,R2NI83SF805SZB,R2O53KW0B4KLDY,R24235I5D6EXHG,R2ATCM75K287E3,R15Z1PSJ93SSWJ",5:6c218a69-b37f-472b-850d-2b9772792e4a:1152922604118476150,4.5,Positive,Neutral,-0.0344,"I often use classmates for my daily work which are absolutely brilliant,,Product is good. But,packaging is worst. It was just packed in a thin papar of Amazon. Both the sides were torn completly, monsoon has started and it's common sense that packaging should be done accordingly, and day by day Amazon's packaging becoming worst, I'm very unsatisfied with Amazon this time, fortunately products were not damaged. Delivery was good.,Good,It's really helpful for a writing some stuffs on it . Paper quilty are great . And size also fair .  No of pages also fair .,Pages are to good.,At this cost, 3, notebook of Classmate, Amazing,Khata quality is good but expensive than offline market and it takes carrying cost of Rs. 40 as delivery charges from me.",-
"R268UIIQ8R8LOR,R15VZPEXXYZB7I,R3R1OIOGZG4W4C,R3EQ4KGEQ3TQLL,R2N86U6QNUP5VH,R3E30BZGJ93XEM,R3M5YID5J08Y5T,R3BE5A24UBV6J7",5:6c218a69-b37f-472b-850d-2b9772792e4a:1152922604118476151,3.6,Neutral,Positive,0.9825,"Use it for my Macbook pro 13"" and the original is so costly for the same performance.AS for ARTIS service,  I would say that they are EXCELLENT and very customer friendly.  Had issues with my charger about a month after purchase and had exceeded the. return period .  Sought help from them through the warranty registered.They just advised me to send the damaged charger to them and on receipt PROMPTLY sent me a replacement with no other questions asked.  Just the warranty registration and Invoice copy.A very satisfying experience .,It’s almost 4 months purchasing the product now, Doing and last well so far no complaint.,पैसा वसूल,While charging my laptop, this charger gets heated up more than the original charger. That’s my only concern.,im using a 2013 mac book air and this product so far (1.5 months) hasnt diisappointed. Im not  getting the heating issues, as said in the comments , yet. The charging speeds isnt as good as the original one but for quarter the price its okey.,I initially ordered this charger in 2020 during the height of the pandemic as the original apple charger seemed too expensive at rs. 7500.Worked well for 8months before dying and I replaced it within warranty, the replacement was quick and effective. 3 months later, replacement died too, so I ordered a new one. Same story repeated again,for 8 months the original one worked and the replacement worked for 3 months.It is a good charger if you want to use it as an alternative to apple, however remember that it costs 1/4th so it also works for 1/4th the life. Charges the laptop just as well as the original.TLDR : it’s like a yearly subscription based charger, will work well for a year, then you have to order a new one.,Value for money and as far as now it’s working perfectly. Quality wise also not that bad.,The charger is working fine on my macbook 13 inch retina display for the. past 5 months",-
"R3163MRJDEJMN7,RSQGCR6V7H766,R39PS8UO1CZS2D,R2G3S1O4BOU5BM,R2OKTDJ57O6M8M,R2Y0AL3630YZ03,R3PUTU32IYSOX0,R1NV8Q97WIK4LE",5:6c218a69-b37f-472b-850d-2b9772792e4a:1152922604118476153,3.8,Neutral,Positive,0.0757,"Recieved a wrong color.. But ok..,Simple and Quick solution for some night time study session.🤗 Bought it for 34 Rupees cuz I didn't wanna pay the 80🤨 Rs. shipping on my order of 466.🤣,Fair product,go for it. use it carefully while plugging in,Super,Purchased 2 pieces.  Kept one in my travel bag and use it during my travels to rural areas. I fix it to my power bank during  power cuts. The other one is in the car.,Good product,Value for money",-
"R1TJKL76C0W8AT,RI1F2WGK4HN7I,RC05PR7RHAM9E,R1LKX7E6XKVV27,R2FOPD4PXWCP5N,R2URWEN1QK21IU,R37JHQEP9ROA6N,R3DE3ZEHY39HOR",5:6c218a69-b37f-472b-850d-2b9772792e4a:1152922604118476157,4.3,Positive,Neutral,0.0,"It was what I expected.  Does the job.,Recommended.,Nice quality and durable,It is exact same volt and watt as my old charger is.,Best product in this price and overall ok,100% Original,Quality assurance,Decent performance",-
"R2I07NZ3TO67ZS,R1TFPBGO0PT14P,R7XWY4BKE5UP3,R2O91G56I5D5YG,R2AXSATZZSSY51,R1V45KR4JDINGH,R28IIWM1MJ40FD,R1T583O5CK7Y4T",5:6c218a69-b37f-472b-850d-2b9772792e4a:1152922604118476163,4.0,Positive,Neutral,-0.0387,"As per expectations,At this price point, guide stickers should be provided. Installation without those guide stickers is challenging for lay person. I ended up having to lift up the sticker several times to realign in and this resulted in imperfections in few places and so now there are bubles that I can't do anything about.,Suits correctly. Good quality for money,Ok,Liked the product and packaging was very impressive,Quality-wise and usage-wise the glass is fine but the alignments are not proper for my tablet.In Samsung Galaxy Tab A8 (2022), the glass alignment (centering) nearby the front camera is not proper (refer to my pictures uploaded).Rest is fine.,Perfect fi. No bubble or smudge but the price is a bit on higher side. Otherwise OK.,Good",-
"R1NAJ7CT76Z9SF,R17L9205IYOD,R2GAKH6NBQPCFV,R12VH0YMA85Z6G,R241P9DGAUL3DX,R3GYBSPX62MJ3L,R2YP7C5YQJME2G,R2HJ98L0OHC1I4",5:6c218a69-b37f-472b-850d-2b9772792e4a:1152922604118476170,3.6,Neutral,Positive,0.7369,"very good product, very bright, easy to use, it worked properly for almost one year.,ok,https://m.media-amazon.com/images/W/WEBP_402378-T2/images/I/71v4DhpLpeL._SY88.jpg,Nice & useful.,For defective I guess. One or two LED not illuminating properly.,Just ok,Length is very short,It's brightness is Good, but it's light panel is too hot after use some time.",-
"R323N508KO5VMR,R1C2X37S59TO4B,R25UIJAM26JMGL,R3B7Y8E7QNUYOP,R1PH3YZVBU4KKT,R2WLFM05B2CXXU,R3DCHC8ODVBGAP,R36UJ8EW67NBJ8",5:6c218a69-b37f-472b-850d-2b9772792e4a:1152922604118476640,3.8,Neutral,Positive,0.9784,"I bought this item in August 2022, and the delivery and packaging was as good and sturdy as I've come to expect from Amazon. Using the printer from my Macbook is a breeze over wifi, although printing over wifi from Android requires some poorly designed app from Canon and has no direct support.The only couple of issues I faced with this printer were during setup.1. Scanning the qr code for the setup guide didn't actually lead to much of a guide, rather a boilerplate page. I would only much later find out the way from that page to the actual guide. Canon could do a better job of surfacing the online guide, as the image clarity in the included hard copy is quite poor.2. Installation of cartridges seemed to take forever - I must have removed and re-inserted them almost 5 times before they were properly detected. No error messages showed up, and I didn't know if I had recieved a faulty product, or if I was doing something wrong.3. Never having owned a printer, and always using either copy shops or the huge laser printers at work, I ended up making a mistake in setting up the paper tray, leading to a jam at the first print itself. Thankfully it was straightforward to open up the printer from the back side and remove the torn pieces. Canon could do a better job of demonstrating how to set up the paper sheets - clearer access to the online guide might've helped here.Except for the these minor concerns in setup, I'm enjoying using this printer surprisingly, since printers (alongside projectors ) are usually the worst items ever developed by the electronics industry. I've used all the features so far - print ( colored, double sided), scan and copy and not faced any issues with quality, wifi or the cartridges.< Information on the number of color and black-and-white sheets from the initial set of cartridges to be added when I run out>,good scanner & printer,Installation procedure is very simple and priter quality is high. I had a Xerox copier, but istallation of scanner option could not complete.,If you are purchasing it for your home use, don't look any further. It has got all the functions you'll find in a 20-30k worth printers. All in one includes print, scan, copy and fax as well, Colour, adf, duplex printing, wifi. You download the app in ur phone and give print commands via mobile itself. Only two issue that I faced, firstly the print quality(which I'll speak to the service center) and secondly is the total quantity of color prints. I have only taken out couple of color printouts bad already the level of ink is 90%. I guess I'll have to purchase a larger cartridge.,Very good printer. Sometimes back to back printing cases paper blockage. But overall very happy,gud printer but printing cost is expensive. in this price range features are very nice.,I got this printer ion 02Nov2022, After 15days of usage ..I'm unable to print as it is showing Color & black ink is low ..i have print less than 50pages ...and in description they told that 400pages yield which is totally wrong.,Cannon E4570.This was launched as a successor for E4270 (I searched everywhere but couldn't find a credible source to explain the differences between the two). I researched extensively before purchase to find a printer which will fullfil the following criteria for me - wifi enabled (so that we can print with smartphone without opening the laptop), clear color print (decent for child's homework, photo quality not required) and cheap to run. E4270 seem to fit all the criteria, so I ordered this. Even the canon authorised showroom didn't have E4570 in stock, so ordered the E4570 off Amazon.Summary - fullfills top two criteria. Though is a little expensive if you do more than the occasional print.Delivery was 3 days earlier than the delivery date shown on Amazon, so that was great. It was just the printer box, with no outer packing. The box was sealed with cello tape, and not sealed, so I suspect it had been opened at some point. Thankfully, all the components were there, and the seal on the printer and cartridges were intact, so i was ok with the delivery.Setup was smooth on both my smartphone and laptop over wifi. I never had to use the usb cable. Setup was through the canon app on phone and the canon website (link for both given in manual), which guides step by step on how to setup. I did not face any challenges and the setup and printing has been smooth from all devices.Color prints are a bit faded on plain paper (75gsm). This might be a function of the paper and not the printer. The black&white prints are crisp and sharp. The print speed is decent.The only negative is the amount of ink consumption. While the box says 180 color prints and 300 b&w, both my cartridges are showing at 80% after 4 color print and around 30 b&w. Specially for color prints, the printer tends to drop the cartridge level by a notch after just 2-3 prints. I suspect the color cartridge will not last longer that 30-40 full color pages. Refilling the cartridges a few times is of course an option, but it is messy and requires practice. This is fine for me as I need color prints very rarely.A special mention for the ADF and duplex printing. Both the features are extremely useful. Duplex printing is especially unique in this price range, and comes in very handy while printing larger documents.Overall, I am happy with my purchase after couple of weeks of usage. I will update the review if I run into any issues.",-
"RXZ81N4MLYOJV,RSP3LVQQTLFHS,R2UXGNDYUTV459,R28D154XP60HC3,R2JGEMVYSCKSMJ,RTYO6OF7GIUIT,R1VM0YRY453I9F,R380AS2WJQL3HN",5:6c218a69-b37f-472b-850d-2b9772792e4a:1152922604118476644,3.9,Neutral,Positive,0.9859,"Bought it for my niece. It's very convenient for kids to use it. The product serves as a slate, but with the advantage that kids can quickly write and draw dust-free and erase on a single click. The brightness of the screen could have been better.,Worthable product,,https://m.media-amazon.com/images/W/WEBP_402378-T2/images/I/71iGsGyDR8L._SY88.jpg,Thank you Amazon, it's a very nice writing pad what I expected and very useful for kids. It's easy to use and saving stationary,Product is ok ok type. Cost should be around 300 as item used by children and we can't expect much life.,Value for money,Light weight,thought to be bigger in size. But OK u can go with it. You have to be in a well lit room to do any srub on this pad. Pls comment... Ye extra 2ab Kaha se aaya ab pata chala mathematicians... Aur jet kaise radar se bachega... #pappuPM",-
"R1PUDD2V2KQP06,R1LRN5EFJ0Y717,R1S7Q7UW9FO9LY,R3J9HR69Y4XKV5,RQ6P92L8AVQVW,R3L08DWQKGHDK7,R2EUWEVREWQ4SL,R1POJ3SHK8MNS0",5:6c218a69-b37f-472b-850d-2b9772792e4a:1152922604118476647,3.7,Neutral,Positive,0.9767,"Super product,Worst product,Too good product,Good,Since long I was waiting for someone to manufacture a simple mobile set of pocket radio size so that I could listen online stations with reasonable sound quality.  As we know  what ever qualities a modern mobile set may have, the audio produced by it is always dry with no bass content.  So either we have to connect it to a music system or have to use headphones which are harmful to ears in the long run. Recently when I was surfing internet I saw this product which looked like an old radio.  On verifying the details I found this fulfills my requirement and without delay I placed order.Zebronics Astra 10 is having excellent audio quality with sufficient bass and treble content  just  like radios of olden days. The hollow space around the speaker adds to the bass  effect.  If we rotate the set and make the speaker to face us, the sound becomes more crisp.  Even with full volume  sound does not distort.Bluetooth connectivity also is marvelous  and connects within no time and there are no breaks and delay in audio transmission.  Battery backup also appears to be good.  After fully charging once I am using it daily and after 3 days still it is showing 80% charge.  Though there is no provision to know the remaining charge in the product, the mobile from which we are connecting bluetooth  shows the details.Normally we can not expect much from FM Radio in such type of gadgets. But this product is exception for that.  By attaching a small wire to the whip antenna I could listen FM station situated 200 KM away as if was local one.Aux, USB and mSD card facilities also work well.But I felt the on/off switch should have been some what sturdy.  Long press type button would have been a better option. Also scanning of FM stations  should have been on long press instead of single press to avoid accidental scanning.Over all it is a great product.To give it a nostalgic look while enjoying online radio,  I used the picture of our old National Ekco Radio's tuning dial as the home screen of the mobile.I use this for personl TV audio listening as well.Chidambar KakathkarMangalore,Poor sound quality,Worthy,You cant use it if the mobile is slim or more petite. I bought this for my mom; her mobile is a slim model and doesn't have a case, and the mobile keeps falling if you tilt it. Overall it is a good product.",-
"RVSI68M0EPAVZ,ROQNJTEGAA7VN,R1YNME95M4J2H7,R17RLWB0UMGULZ,R3N9JK1RH8STLG,R30Y52H4BDOPGE,R2VJ4LI8OPJ6TJ,R9N6QZH6MI5P4",5:6c218a69-b37f-472b-850d-2b9772792e4a:1152922604118476650,3.9,Neutral,Positive,0.9681,"Somehow Amazon sucks when you want to select an electric kettle. There are no options to filter your choices based on the parameters that matter. It is easy to fall into the trap of an ongoing deal and end up buying something that falls short of what you need. In this review I will answer your questions about the PIGEON AMAZE PLUS 1.5L ELECTRIC KETTLE.1. Can I trust the reviews for this ad? Are they genuine?Probably yes. But know that the seller lists several types of PIGEON Kettles in the same ad. Unless the review refers to this particular model - you could well end up seeing a review of a product and buying a different one. The ratings are also an aggregated mix. There could be 10 negative review of the product you are seeing and 10 positives for the other products. The page will show you a neutral review. That's the game sellers are playing these days - to avoid negative reviews. I have posted a picture of the stove I am referring to in this review.2. WATTAGE: Important because this tells how quickly the water will heat up. This one is 1500W - meaning that you can switch it on ... brush your teeth and find the water is boiled. Great time saving !! My earlier one was 900W and it used to take 10-15 minutes of patient waiting. The gas stove boiled water faster. This one takes about 3-4 mins to heat 2 mugs of coffee3. CABLE LENGTH: Most of these kettle makers skimp on the cable length. I have purchased kettles to find they have only a 2-foot long cable ... and I had to return them. This one has cable length of 22"" (slightly more than one meter) - which is allows a comfortable distance between the kettle and the plug.4.  CONNECTOR:  This one uses a 6A plug - which is most common in India. Be careful because from >1500W onwards, most kettles use a 16A plug and that is not always available at the place where you want to place the kettle. Strictly speaking, it should have a 16A plug, but then this is kept on for short intervals only.5.  CAPACITY:  1.7 litres as mentioned - though I could not see markings for max and min levels. This is good enough to make 4-5 decent sized mugs of coffee6.  COOKING OTHER STUFF:  The ad says only water - but I see no reason why you cannot heat Maggi etc. Maybe you can. But avoid milk as the expanding effect will cause spills and this can have adverse effects.7. LOOKS: Quite okay for the price. It will not make your kitchen look bad - and neither will it enhance the looks. This is the most common look that an electric kettle can have.8. PERFORMANCE: I have used for 2 days only. No complaints so far. There is a 1-year guarantee card accompanying the product9. HANDLE: Very convenient feel when you lift it it from the heating cradle. Does not feel very heavy even if there is a full 1.7L of water.10. NEGATIVES: This is a steel jug. The outside will automatically heat up. If you are used to a plastic outside in your previous kettle, you need to be a little careful.VERDICT - ""BUY""(at the time of writing this review, this costs less than Rs 700. I have seen that sellers tend to inflate prices as they get my positive reviews - therefore I am also mentioning the price range based on which I gave this product a 5 star review),The body is very lightweight and doesn't feel sturdy. Does the job of heating water fast and that's it. Cord length could be a little longer. The plastic parts doesn't feels sturdy. The top cap has a smaller dia so a man's hand has a trouble fitting it inside the container during cleaning and can easily cut our hands. Overall it's okay.,Its quality was not too much good, light quality product but according to price its okay.Easy to use product & good for save time.,Good product for boiling water. shock proof. So no worries.hahaha,Cattle bass fitting not currently,Good product,Go for it,Amazing  product.",-
"R2PFPVD7QTRJC6,RI7CEYXWJ4WUJ,R26D8KBCMOE84W,R19IYA3EBVQNHL,R28KN014376DH8,R2MRD2AYGLWP61,RXV0W64L9ITU1,R1VBNBY9DR8FJ9",5:6c218a69-b37f-472b-850d-2b9772792e4a:1152922604118476651,3.6,Neutral,Positive,0.9393,",Good product for tight spaces and easy to replace as well.,One of the filaments lasted about 7 days of usage. Waiting to see how long the other lasts.,I like this product as compare to price it’s look worthy. Hope will work like this in future too.,Good for one small room (120sq ft),Good,Heating capacity is not that much good.,Good product",-
"R3RYMJ2WU0SE6K,R227GDWBCUSPRB,R286TLT09XAP0T,RIM7DE0ZQWVZC,R25KRHUD4YX0FP,R213I1AK7MT44H,R7MF48JTCLE3I,R35SELFZYYMUZP",5:6c218a69-b37f-472b-850d-2b9772792e4a:1152922604118476654,3.7,Neutral,Positive,0.8603,"It is really good product it is showing accurate weight just 1-2 gram errors. Sometime you can get less accurate product then you can return it and reorder but at this price it is best.,Nice,Good at this price and iam satisfied,Working well,An essential part of kitchen and handy equipment.. Good product. Reviewed after one month used for couple of time ..,Good use in kitchen and other,For small weight its too good go for it,",-
"R2EGEMPWBI2FRM,RVKAO44KF8EF2,RI96NGZIWTIRY,R3P7QO38TZ591S,R1S48QX02VP0F8,RHPAZK9629WGB,R2FCIF9RYZF42Z,R1PDWR0TBE0Y7C",5:6c218a69-b37f-472b-850d-2b9772792e4a:1152922604118476655,3.9,Neutral,Positive,0.4019,"Everythings good but cells die within a couple of month.,Worth product,Econamical,Product is good.,Not 100% accurate, but good to use for the price,Meets the purchase of purpose.,The machine looks the same and works perfectly. I had to return the first delivery due to the fault in battery cover and they replaced it within a few days. The accuracy is a bit off so i weigh the items again and again and use the majority result.,Like",-
"R3QP7PGD3SMG5I,R3ANC3TLK8732Y,RE9NKZ6CH2C3S,R2KGRD3G11ZE61,R38DXL79EKGXCA,R3MFG4MODO6DW6,R1X00FRQGJ1J7M,R1SX47T0QOY50H",5:6c218a69-b37f-472b-850d-2b9772792e4a:1152922604118476657,3.9,Neutral,Negative,-0.4497,"The 1st product i got was damaged then i request for replacement and their pain strated after 5 days of continuing follow up my product got replaced. Amazon delivery guys are too rude these days.. And no wonder customer care will give the generic SOP reply.. but anyways now product got delivered and it's good.. but feel like over expensive colour and quality is average.,I like this product but i dislike outer steel makes very very hot 🔥 after full charged,Only disappointed with the cord length.,Lovely ProductSturdyNice colorIssue is, if your house has 🐜... Water filtering holes are big enough. I've to dispense leftover water everyday & wash the pot, before heating.,In 3 months it stops working and service center almost close in Pune so I am very frusteted by this product. Bad service by prestige so never go for this product.,very good product,Medium type,The fiber or plastic handle becomes hot, so does the outer body. Difficult to handle immediately after heating. It is easy to clean. Cord length is medium but enough to keep the kettle at 4 m height above ground when kept vertically in line with electric switch.",Isu Harga
"R2556DFD2ZXACT,RT20S82LT3HZF,R5PBZ2AGECCNG,R1XSSAS2EQFOVQ,R2HJ4MWS6TL6WQ,RVBQL14APCWFY,R2WCBDYBF6XI7R,R9MK42KRU62FP",5:6c218a69-b37f-472b-850d-2b9772792e4a:1152922604118476658,3.9,Neutral,Positive,0.2732,"Normal heat by this product.,Good,Quit good,https://m.media-amazon.com/images/I/61s-GPKkkZL._SY88.jpg,,Don't buy it because 10-11 day it will work well after that it start heating more and more ,it is plastik body,Value for Money,heating is normal",-
"R2HZ5T2XT2798Y,R28I6WAWTMIYM4,R3EU822EF5KFY,RAKJKLDU074QU,RS7UBBKWLI55Z,R27KBQUHQTGHED,R3F2RL6ZJQTR56,RZF02EKCFFWGK",5:6c218a69-b37f-472b-850d-2b9772792e4a:1152922604118476659,3.9,Neutral,Positive,0.9473,"Good product,Working good. Water is boiling within 2 min. Steel finishing is normal and not shining.,Product is working fine for now but lets whats gonna happen. and yeah the packaging could have done better :),Good, most suitable winter use.,Good product,Review after some month of used. No problem yet. Good Quality..Valuable price.,Okay productGood to handle,Very nice product thank you Amazon",-
"RRHMKA6B4XPL7,RY4GOMU0VCJ6I,R2UUJP85K7YKSM,ROS8J8LJM2XVI,RAIDTB825PVVB,R3OQN6ALK8PU16,R2UQJ0K34UMKUX,R3G0MU15OGGN78",5:6c218a69-b37f-472b-850d-2b9772792e4a:1152922604118476660,3.8,Neutral,Positive,0.4939,"If you are buying this as a secondary cooking appliance  or you need a portable stove, go for this.Also buy thin induction compatible utensils. It takes a very long time for thick vessels to heat up before you can start cooking.As a primary cooking appliance, this doesn't suit as it's very time consuming. Can be used for keeping things hot or slow boiling milk etc.Also had to request a warranty repair. The request was served within 2 days. The contact information is present on the warranty card.,Just received it. Though the product looks new, there are few scratches here and there making me unhappy.Compared its performance with other induction cook top that I have (with same amount of water at same temperature in the same vessel).Sadly this cook top is a tad slow to boil compared to the old one.But, I think that is okay, because the old one which I have is Rs. 1000 more than this one.,Product good but its take long time to cooldown,कमाल का प्रॉडक्ट हे,Good,Value for Money,Good product.easy to operate,Value for money..",-
"R2OV4KZZ6XRELD,R2NCVAGOIOJ3T9,R3IT25FXKUMTLG,R11NV4VR04QD1Q,R23TFS98AJGVBP,RLO8C2QNQ5TH,R15DH1CRJ7FWKD,R35TV0FXFCYQ7I",5:6c218a69-b37f-472b-850d-2b9772792e4a:1152922604118476661,3.8,Neutral,Positive,0.956,"This review is after 6 month use of the kettel. Product is good if you need to heat water not milk.Initially there were no issue in Auto cut but last week it stopped working.Overall in this price range i will say Yes for this.,Very useful. My needs are fulfilled. Thank you.,Good product,Product looks good but Boiling milk in this kettle burns the base of the kettle it becomes full black and brown ,And eggs don't get boiled in a single go .,Nice product,After 2 months of usage, some issues have come up. Once it gets to the boiling point, it should automatically switch off but it keeps on bubbling till it is switched off manually. Next is that the water vapors and heat can be felt through the kettle on/off switch which I believe is dangerous. We ordered this trusting Prestige to be of high quality but it doesn't satisfy the purpose.,After using only one month kettle on /off switch is not working and red light is also not working.Some times it's boiling time is too fast and some times too slow.,This catle works good but difficult to clean .",-
"RC4P64ZDVMZCM,R36FWR9CD7IDB9,RZIKHTHHFH1HV,R1TGDKQE54FA2J,RW5C887MDJQZV,R13SM3HJNFXCUQ,R28PNX6EWUIWHL,R28EVOHYE4S212",5:6c218a69-b37f-472b-850d-2b9772792e4a:1152922604118476664,3.3,Neutral,Positive,0.9396,"It works as expected, but the shape of the handle is not very comfortable. It is not feeling very handy to hold the device and press the button at the same time, sometimes the battery  door opens while using it.,It’s easy to use but creates a mess when I try to make coffee froth. Doesn’t form froth also. Only runs under liquid.,The frother stops spinning in even slightly dense liquid.,Product is not working smoothly...after very hard press the button then it works.,Easy to use and nice product. But cream stucks in it sometimes,Can finally make frothy dalgona coffee without losing my arm lol worth it! Coffee came out really well and so easy to use,,Good",-
"R352VUE5QTHFFF,R2RC6R2E0OMNQ9,RJ12UME7RFM5D,R22YTLRMKBWQM,R3BTY7HUJDNKG8,R3R812J0VVBD0A,R32X1CLMKWWKDE,R12N4I2XRPP114",5:6c218a69-b37f-472b-850d-2b9772792e4a:1152922604118476668,4.0,Positive,Negative,-0.8605,"During winter it keeps room temperature hot which reduced cold. We really enjoy the product,If your place is air tight this 9 fin Radiotor heater will be enough. But my place is not air tight that's why I am not satisfied.,Product could use a user manual.Number of fins required for so and so size of rooms needs to be described,Can not working. We are just using it without fan. Don’t have patience for exchange/return now.,Overall good,Good 9 Fin Oil Filler Room Heater from Morphy Richards. Reduced one star as there is no PTC Fan in this. Remaining all features working as expected.,Good product. Used 10 kWh unit electricity for full night run in Agra with min temperature at 7degrees. Keeps the small 10x10 foot room warm enough to be able to sit in light jacket.Heats up room slowly as expected, unlike coil based heaters. But less danger and doesn't impact skin.Easy to setup the rollers.For a bigger room, go for 11fins model and not 9 fins model.,People who are saying that screws didn't come. Please check under lower thermocol. Screws are there. I raised return request bought new Morphy richards from store and found this thing. So cancelled the return request. I got 2 now because of this issue. Why Morphy richards? Why hiding it away where people are not able to find it?Overall product is really good, please go for it.",Ada kata 'Tapi' (Kontras)
"R13NH1L2MEEDOH,R2EJHR16R59BAG,R3HAH8XOGKHIXW,R17F67QP052I6V,R1ALQKLZ6VYQ60,R1BT7T8Z44ABYG,R2XLWIOFDI6ZSP,R2S1CVBMATHCP6",5:6c218a69-b37f-472b-850d-2b9772792e4a:1152922604118476673,3.8,Neutral,Positive,0.962,"Overall satisfactory in this price range,We bought more than 15 nos of Mixy but one package did not contain the lids of the 3 jars. kindly arrange to send us urgently.rgdsJaydeb Banerjee,Very nice product,i really like it specifically specifications and price.,Super,Very good product. Absolutely reasonable price. Great.Jio Lifelong.,At this price tag, it is worth mixer with three jars.,Best in this price.",-
"R2QR5PM0ELMWD3,RZFX345XRS4V2,R352PKGSDAV1AW,R1ADWIR5IE7VTW,R3MBQFNM21T9KF,R1SOOON7GH1FJU,R3JFY66W19993Z,R2T4620MS8F12N",5:6c218a69-b37f-472b-850d-2b9772792e4a:1152922604118476676,3.6,Neutral,Positive,0.9538,"Well over all iits nice, make sure the lid of kettle has stell casing,cord should been long,Cord is very shortWeight is okEasy to use,Wonderful product...easy to use....go for it,https://m.media-amazon.com/images/W/WEBP_402378-T1/images/I/71uxqREChTL._SY88.jpg,Economically good product,Good Product,Overall product good & value to money . Hoping it works well as its body looks a bit week,Mine did not work so had to be returned though",-
"R2OBP2X45UMKY,R1G8BV220OV6QB,RSCD0432EVS8F,R2UUNBV2RXZFTV,R19ESU0Z989JZ,R20ZKROW9KONFG,R16LDZIOWBV5AK,R2A0LOXVERHXL7",5:6c218a69-b37f-472b-850d-2b9772792e4a:1152922604118476677,3.8,Neutral,Positive,0.9182,"I have just received the product within One day delivery... Service was very fast..The product is economical and works well. I have already used other product from Lifelong Brand and they worked perfectly so really happy with this Brand.,My mom loved it. It's tiny but SuperPerformer,Producing heat upto 1 or 2 mt.Room can get heated up with in 30 min.,Value for Price Paid, It's working good so far 1st Day,Hardly used it a week and I notice dark bands on the elements....!,Very comportable to use.But defect of safety device's,https://m.media-amazon.com/images/I/51gF-cDgkfL._SY88.jpg,Durability is an issue",-
"RBEG7QZLRCJDN,R28QMPIJNBM5OK,R14J3NXQ5NAC7R,RKRTDX4HUEL24,RHALLXNBV1RXU,R3D6738NEAKY6,R37JRTFT78JQZP,R6IZF0GLY43S",5:6c218a69-b37f-472b-850d-2b9772792e4a:1152922604118476687,3.7,Neutral,Positive,0.9889,"Bottle quality is not good.,Best for hot water,https://m.media-amazon.com/images/I/71hGSlIeBIL._SY88.jpg,As per the price, bottle is not sturdy and very light weight. Kettle is also thin but heats fast. Like other market standard both bottle and kettle should be sturdy. Has to handle very delicately otherwise dent will be inevitable.,The product is a good package. The bottle accompanied is a regular steel bottle and not a thermos. The kettle is very difficult to clean so better avoiding doing anything which stains it. The switch seemed to get jammed but with a little push it started to work again.,Steel Quality not good,The kettle is good for winters. You can boil the water within a few minutes. But the length of cord is short. It would be better if it is long.Overall, the experience was good. You can go for it. It is truly an amazing product for your parents. That's why I'm rating it 4 star.,Good",-
"R2CQXUNYCW3XME,R2KAKW6DIB247K,R2JS1CRHA1ZVXX,R22QERXUM2BL5Z,R383MV0MEIDU7H,R2SKAQP8H3C1JO,R2YFUOABG0IRC6,R2BOI1RPBGON4U",5:6c218a69-b37f-472b-850d-2b9772792e4a:1152922604118476690,3.8,Neutral,Negative,-0.7187,"Value for moneyHeat power goodOne loss point that is temperature control bottom not added,My 88 year old mother finds it effective and easy to use.,It's tiny and easily warms up the room .. portable... It will stop if we turn the knob close to minus or if there is fluctuations in the current, else it's fine..,Hi Team, Seller I would like to bring to notice that the while operating "" there is very irritating noise that is not very good while working.Not up to the mark Havells with such brand figure has failed miserably to justify the same  . Heating capacity is good for Delhi chilling cold but the sound or noise is very irritating,It's good for making a room hot with temperature.,Good purchase2.5 feet cord lambi hoti toh max aata mazzza,https://m.media-amazon.com/images/W/WEBP_402378-T2/images/I/71UUZy-5bpL._SY88.jpg,",Ada kata 'Tapi' (Kontras)
"RWY553B13GWAK,R23QMRIS0UXNQL,R2ZZZJ36VTNHMV,R38CKW00NINQ49,R1FBBD2SP4W76F,R3C67N77WGMHKM,R1GQ8VSBRXN2GB,R2B8DPA0SN9518",5:6c218a69-b37f-472b-850d-2b9772792e4a:1152922604118476693,3.8,Neutral,Positive,0.9231,"Recieved the package today . The product came intact .Upon opening the product saw some white powdery stuff all around the edges . Had to wipe it off and checked if all functions worked properly.It seems easy to use . And All functions worked good. There are dedicated options for even deep frying which some brands don't have . Will update the review after using it for a while..,Good quality,Good product,Good Product 👍🏻,Good product,Works fine issue with delivery product bit damaged,Satisfied,Its timer functions is so easy",-
"R1MX1ES6AZNSD8,R222NCQOR0GD05,RSLWFI693E1IC,RKS2GT83G9XWF,R2ZJA3OLIBCR6J,R3GIIUNIWHKBGU,R2A08NUNO1EBI3,R15G7XHEWED07R",5:6c218a69-b37f-472b-850d-2b9772792e4a:1152922604118476696,3.9,Neutral,Positive,0.8857,"It's completely good product from Amazon,Best y tha rate and quality,good product value for money smooth low sound,Good,,The performance is good though bit noisy. Look wise it is very cheap. Not shiny as shown in the pic and looks very cheap. No power indicator light provided.,User Manual cum Warranty Card not in this box and Medium Jar and Small Jar down side shake and Juicer Jar handle joint pointcut cut voice so not satisfied. Motor starts blowing hot air after minutes ( only check without Jar).Received on 01.01.2023 User Manual cum Warranty Card and all set of unit with jar ok.,Colour wise good, working easy and using also easy.Favourable and believable product and company",-
"R32KN5G7FW7ZJ9,RGFPF1FPU9POV,R166LGSC344H4W",5:6c218a69-b37f-472b-850d-2b9772792e4a:1152922604118476698,3.8,Neutral,Positive,0.91,"Pretty lightweight and solves the purpose.,I liked the compact size and efficiency of the product. Meets the specs and good product for a buy,Light indicator was not working,wire is too short not 1 and half metre",-
"R2GKWK7SWXRZHR,R3ME9LEM264R7O,R2B4QC6Z8AM7H1,RZLN7G4GGELUS,R26JLYEZYUE691,R2ZHISR958ZRRA,R2GXFJHTKM6SQ5,R29Z3ZW915UAB9",5:6c218a69-b37f-472b-850d-2b9772792e4a:1152922604118476702,3.6,Neutral,Positive,0.7918,",Nice blower,Not heating full room, only bed,Product is broken,The body is made of soft plastic. As per price its okay.,Review after 10 days usage.Material of the heater is plastic and seems okay. I use it to warm the 16*10 room. In the room temperature of 15*-20*. I could feel the room gets warm in 1 hr. Blowing hot air can be felt upto 4 ft. It comes with 15A plug. I use converter 16A to 5A.With 16A outlet it could perform much betterReally a good product.,Not good, power cord very short, no markings on switch positions , thermostat is not working properly……,Wire length is too small which is useless . तार से कितना बचा लोगे भाई",-
"R3DHTSOB1MY0F8,R26JO5R53V41U4,R101VJD80D1Z15,RWULGXZ2D26AB,R2K0DC0RJV28S5,R3ONAP5KD4Q7QH,R6GTVCFXBWOXH,R13MW2BGCZLD8H",5:6c218a69-b37f-472b-850d-2b9772792e4a:1152922604118476710,3.9,Neutral,Positive,0.7906,"Bought for as my travel tool to easy ironing,https://m.media-amazon.com/images/W/WEBP_402378-T2/images/I/618k+pbSNxL._SY88.jpg,Good product with good quality.,Nice,Good,Light weight,Good according to price ok. 1200,VfM",-
"RJ9UNCLT4UGVW,R1WU3UJKULS586,R1B72Y9UYMCWVG,R23L241XIDFJB3,RZ0VG2M2MCERQ,R22UFBT27YYXB,R3MGVFU1ZMOBFD,R2VOFP1CZA700L",5:6c218a69-b37f-472b-850d-2b9772792e4a:1152922604118476715,3.8,Neutral,Positive,0.9611,"Purchaseed a couple of months back. So far it is good. When my daughter purchased a year back, recently there was motor problem which was replaced under warranty.,Product is good quality. Worth buying it,Well it is easy to use and less noisy. It comes with 750W of motor. So it provides more energy and grind in less time.,Only juicer jar 🏺 is not good and other jar 🏺 very good design average product good 👍,Good products,Create too much noise, overall good product,Mixer se tak tak hilane pe aawaj aata hai,Daal ko pisne ke liye Kiya",-
"R3VGVVQLQT97ML,R1Y56E8635Y7QD,RT5YXKE0NNQ8F,R2GEEMC0X545J5,R3KWBNS9ODP471,R3JEC32DYAIG6W,R1VD5AUGPRPO7H,R17S3I8NWLC4F1",5:6c218a69-b37f-472b-850d-2b9772792e4a:1152922604118476717,3.1,Neutral,Negative,-0.4121,"It's working,Good,Good Product 👍,Nice product,Cant use for long hours. Good for small rooms and can be used for a minimum amount of time.,Not sure if I can use overnight.,Nice bad high price,Please don't bye it, I ordered this Amazon basics room heater, it running well for two months and suddenly stop working when I want to claim my 1 year warrenty, their customer card service is really sucks, when I called customer service, first it is told that "" You have to register warrenty first "" Then I register my warrenty and it takes 3 days to register and then I apply for my warrenty, they told me to email at Amazon brand email, and now such disaster started, they told me on email it takes 7 days to process my warrenty, and till date 24 days from my complain register, and i don't get my warrenty till date, so please don't bye it.......",Isu Harga
"R3DIC1PKBZ9GQG,RWMXE334TZ0PH,R39LOZ2XWCT0YP,R3VHQRRATDBKW3,RX4PUH3NZTZHT,R2VQDV7DN7CU5W,R14X4SYV6YO5SV,RAXXIP39FK2ZL",5:6c218a69-b37f-472b-850d-2b9772792e4a:1152922604118476726,3.9,Neutral,Positive,0.9841,"Its not a very great procut if u r looking for regular use. It works well for me to clean my carpet once a week. Its suction power is not so strong n also the cable cord is small. Rest is a good product for once in a week use.,I am happy with the product and Its quality. The team is very supportive while giving the product demo especially thank you Ms.Priya for the wonderful demo.,The product has good suction power & has easy functioning. The demo with PRIYA of Eureka Forbes turned out to be great. She explained the functions very well. Happy with the purchase!!,Where can I buy dustbag for Eureka Forbes Rapid Clean 1150 Watts Powerful Suction Vacuum Cleaner ?,Good,Very effective for cleaning sofa, mattress & window curtains.,Cleaning power is best, build quality is also excellent, but generates more noise when operating.,Very good product and good demo provided by Priya. Worth it.",-
"R2YO9JLN30A1KG,R6ZS6BQ48ID7H,RS0V18ODCDQYA,R4DZTYE4O453G,R3039214P7QOXS,RJC9WVXKSYT99,RC8319TSKZZXN,R2C00975BDT0FR",5:6c218a69-b37f-472b-850d-2b9772792e4a:1152922604118476727,3.9,Neutral,Positive,0.9866,"Cord length is very short. Can plug near to switch only. Easy to clean. Overall nice product.,Cord length,Best price an other brand. Thanks amazone,Easy to clean. Cord length is sufficient. Steel body looks a bit fragile. Overall good product, go for it.👍,This kettle is scaling alot. White particles float in the water after boiling. It's just a week. So why is it scaling so much. We are using good water, not borewell water. What is the remedy? Will you be replacing the kettle by giving me a new better one?Please let tk know as soon as possible. Thank you.,Very good product 👍,More moicy while heating,Good size and easy to clean",-
"R3RNBI15LHZP4A,RISUZF7W6LE2K,R10FSXTXXK9XYF,R2BQKY1TVJYAS6,R3471IKLH5WNBP,RSL3RF7SXG9CZ,RT90DRDTG154I,RGXQJUL1WL355",5:6c218a69-b37f-472b-850d-2b9772792e4a:1152922604118476728,3.8,Neutral,Positive,0.8687,",Amazon delivery is super, i am used One month ,Two lights are gone, product is good and easy to use..only issue is tubes is very bright and Stand is poor quality,Box is showing to 400w,800w,1200w,but it is all steps showing only  400w,how it is belive product.How to Buy separate lights,https://m.media-amazon.com/images/I/81+JtQGOHRL._SY88.jpg,,,Please don't buy any Maharaja Whiteline product. I have bye this room heater on January 2022. And in December 2022 one rod has stopped. I have complaint to Maharaja customer care, they refused to change the rod free of cost. They are saying that rod is not under warranty. Only Box is under warranty. Maharaja is a cheater company.,The concern first,base of the heater is made of plastic and plastic base needs to be screwed with the metallic heater body with 2 screws. Since heater body is metallic, tall and has weight, the connection with plastic base doesn't feel robust/durable enough as it shakes when touched.Else all looks good and rest depends on how long it lasts.,The stand needs to be more sturdy as it leans back on flat surface. Otherwise this is a good product for a 15x15 ft room @1200W.",-
"R46KBLJ4XGT53,R3MF95QMC31H35,ROL6AMVOS7M31,RQ5130GKWN0HP,R32BWJB87WA6L9,R2MGDWN8G3RSC2,R388CGQNXAHDE2,R265Q8SU92ZX8Q",5:6c218a69-b37f-472b-850d-2b9772792e4a:1152922604118476733,3.7,Neutral,Negative,-0.9552,"Product is very nice. But it has bigger socket plug which is not easly available in all the corners.It is not very suffocating.,https://m.media-amazon.com/images/W/WEBP_402378-T2/images/I/81HkPZp6oUL._SY88.jpg,You can go for it , however you should be knowing that it consumes a lot of electricity,  you can buy it of you live in Punjab as upto 300 units are free ..hehe,I had it earlier and bought it again. It helps to keep the place really warm,Very good product in winter for kids and much more,All ecectric devices are prone to damages and faults, but it should be possible to be repaired. Unfortunately this product doesn't have that option and my purchase went for a complete waste.,First things firstIt's not bad heater and it provides plenty of warmth.However, the unit I received had one major, or rather fatal, issue. Current was passing through its entire body, be it the front grill or the area near the handle in the back. You can't hold it without getting an electric shock when it's running. If you have to turn the knob or simply move it from one position to another, you would need to unplug it from the power source first. Otherwise it can be fatal. If you use it in the night, you have to keep it out of your reach otherwise if you wake up at night to drinking water or anything else, you might accidentally touch it and die. Homes with children needs to be extra protective.Now I am not sure whether this fault is only in my unit or a general problem with these type of heaters. I have requested a replacement, let's see how the replacement unit works. I'll update the review accordingly.,in my heater one rod is not working then i call the bajaj customer care number it is given in pamphlet then a person came from bajaj and my issue solved",Barang Rusak
"R2WPRTHSHZCDS5,R2W0ORTQOGIIZF,RIBJBDPVX394D,R3933GDKAVC9EN,R29MO5VSDLP6NL,R3IE847XT3SPSB,R188KHDVSCEEY0,R1KYNNIQ0JW7C8",5:6c218a69-b37f-472b-850d-2b9772792e4a:1152922604118476738,3.8,Neutral,Positive,0.3374,"https://m.media-amazon.com/images/W/WEBP_402378-T2/images/I/61EIm64sN-L._SY88.jpg,https://m.media-amazon.com/images/W/WEBP_402378-T2/images/I/611OwR2Z7kL._SY88.jpg,Cord length very smallPlease add longer cord,Product is good temperatures control is also good I used around 1 month  you can go for it but keep in mind that cord length is short,,Product is good, but power cable is less than 30 cm in length. so, difficult to use it.,,Tea/coffee",-
"R3CDTV5JOEQJB6,R2OOA2Q6V7X8S6,R1VANIESY8QF0E,RYL1C4JQ1KCOH,R35KJ7NCHW1X1E,RIKQ3HQUQVC0Q,R2BSID2R1SF0GZ,R2SSCAXKIHE4Y6",5:6c218a69-b37f-472b-850d-2b9772792e4a:1152922604118476740,3.8,Neutral,Positive,0.3612,"Since I have just started using, I find it a good product.,Good quality,,Very handy, light portable and safe heater. Each rod consumes only 400 Watt of power, so you may take the risk of keeping it on with one rod on for hours together with out the risk of over heating of cable, MCB breakdown or fire. It can be plugged in a five ampere ordinary domestic socket without 15 ampere power supply.,very nice,Like,Reflector is not Stainless Steel make and hence description in the web does not match. However,  I did not return the item as it it is waste of time.,Never buy this product for use,after one week its plastic frame melts itself and make smooky smellOtherwise i am mech. Engg and CROMPTON has been alreay made great name in motors, pumps",-
"R2B84AYCEVIUNW,RMWY1UTR0CJR3,RMA1TQHKE89WV,R2FS78A2WRAN90,R15E6DDVQN9C2,R2UWUP980GHPEU,RAG8BKBQRDKAD,R34270LQWK88DA",5:6c218a69-b37f-472b-850d-2b9772792e4a:1152922604118476741,3.8,Neutral,Positive,0.9977,"Seller: Cloudtail India Private LimitedPrice: 2200/- (Price can drop as low as 1700/-)Delivery: One day, Prime, BangalorePackage: Big carton box with air pack, No damageRecommended: YesReturnable: YESRoom Heaters, which one do you need?~~~~~~~~~~~~~~~~~~~~~~~~~~~~~~Before my review, I will let you know which one should you buy. An oil heater is best that you can buy, but that is worth spending for places where the weather will be colder for more than 3 months and well below 10 deg. For normal winter uses, I recommend buying Convection type heaters with fan and Thermostat. Please avoid conduction based ones (They can consume less power, cheap but they are very slow, plus burns oxygen). Also note, whichever you buy make sure it has a Thermostat setting!Product Review:~~~~~~~~~~~~~This product from USHA is a convection type room heater, and I have listed the below features and information.♦ Twin Blade fan♦ Thermostat built-in (Like AC, will turn on/off as per temp changes)♦ 1000W/2000W operation (2000W means faster heating)♦ Fan only mode for normal table fan type! (Can't adjust speed/ ON-OFF)♦ Power LED when it operates♦ Fan noise is high and a bit annoying if your room is very calm♦ 15A Power plug and 1m cord length♦ Retracting stand to elevate height about 2 inches♦ 1 year warranty for the productThe room heater uses a powerful fan to spread the heat. No Swing option, very directional. You must position it correctly and securely. The Thermostat option is good to have, and I suggest buyers to buy with thermostat, as this will help reduce your EB bills, as well as give comfortable weather inside. The thermostat is not very accurate, like in Air conditioners but works. The user manual gives clear information about using it.How to set up?~~~~~~~~~~~♠ Power on, select 1000w/2000w (The switch is not easy to operate)♠ Set to thermostat switch to MAX (Anti-clockwise)♠ Let the heater run till you feel comfortable (Warm inside)♠ Reduce the thermostat slowly till the point where the unit turns off♠ Leave that setting undisturbed and let the heater ON till morning--> Note, if you have mistakenly set it wrongly, turn-off and turn-on. Once again follow the same step above.I use this for my sleeping room which is about 12x12 size. In Bangalore, it is about 20-21 deg at night and can drop low in another few weeks, and it took about 20-30 minutes to bring it 26-27 deg with 1000w in almost closed room. Please note, if your place has a room temperature (Not outside temp) well below and it not exposed to sunlight, then it will take a long time to reach comfortable temperature. In such cases only use 2000 W setting. It does not burn oxygen but reduces relative humidity which can cause dryness, so keeping a bucket or a better a tray of water will help. But you must keep your window slightly open, never use it on a closed room.5A or 15A?~~~~~~~~I see this as a main problem, as in many of our houses, we only have 15A for Washing machines and AC socket which is not easily reachable. This unit can only be plugged into 15A socket. The reason is, when you operate a 230v, unit with 5A socket, you can only draw a maximum of 1150 Watts (230v x 5A) from that socket. However, since this unit operates also at 2000W, it requires 15A, as that could only provide up to ~3000W (230v x 15A) like ACs, etc. However, you can safely use this unit from a normal 5A socket ONLY IF YOU ARE USING AT 1000W ALWAYS. Just buy a 5A to 15A converter socket and use this. Do not worry, it will work just fine, but never use 2000W though (If you house has MCB Tripper, then it's much safe).Tips:~~~~>> Always keep some space from all 4 sides of the heater unit>> First try with fan unit for 10 minutes before using for heater (Using after a long storage )>> Keep a window slightly open for fresh air>> Air can feel dry after sometime, can cause nose irritation and dryness. Room must be ventilated, adding water tray can helpDrawbacks:~~~~~~~~1. Fan noise, sometimes unbearable in a calm room2. Average Build quality and finishingFinal words:~~~~~~~~~I recommend this product, a cheap and effective unit for a small to medium size rooms and it does not burn oxygen, but makes dry air which can easily be overcome. The prices could drop around 1700/- sometimes, so please check price before buying. Thanks for reading this, if you have any doubts, comment below.,On first Day , I had faced some minor problem in this product but day after that day till now it working with no minor and major issues. I am happy on this product 😃😊.,Good,https://m.media-amazon.com/images/I/61GxDSyE-yL._SY88.jpg,Hi,I purchased this Usha 812T heater which got delivered to me on 29th Dec 21. We use it moderately for just 3-4 hrs in day.It was working fine for 18 days. However,on 19th day i.e on 16Jan22 night, after around half an hour of running it suddenly started making 'khad,khad,khad...' sound and all its coil were red hot. Since we were awake, I just switched off the power from main switch. It could have resulted into burning or fire, if I would have delayed for few more seconds.When I picked up the heater in hand, it looked some part was loosened inside.Then on the next day, on 17th Jan 22, I lodged a complaint with Usha customer care, na di was told the technician will visit within 48hrs. However, no one came in 48 hrs. So I called up the technician on the number shared to me by Usha on 19th. After that technician visited me. Upon checking he found that out of 2 fans, one fan has loosened completely and fallen inside, that is why it was making sound and coils were getting too much heated.I was relaxed that it's not a big problem and would be fixed quickly. But to my surprise, the plastic coupler to which the fan was screwed, is not able to hold the screw tightly. There was a problem with the coupler. What kind of quality it is that within few days of usage screw automatically loosenrd and coupler not able to hold it anymore?Adding to my surprise, the technician was not having the new coupler for replacement. He said he will check tomorrow and come back of part is available. But he didn't came back. When I called next day, he said part is not available and has informed the company, but can't say when it will be available.So I called Usha customer care again, and they said ""yes techinician has reported part is not available"" na dwe are forwarding your request to service team to arrange the part asap.Since then I have been calling Usha Customer care as well techinician everyday and both are throwing the ball on each other.Usha customer care is worst saying everytime that they are forwarding the request to concerned department and as soon as the part is available it will be replaced. I asked them how many days it may take as I can't keep on waiting for a month, they just said they can't say when it would be available.Since it is too cold nowadays, and heater is not working what is the use of purchasing this Usha heater.If they will replace it after a month, winter would have already passed by then.This is a worst after sale service from big brand like Usha, and it was not expected from Usha. If they don't have the basic parts available with the service center, what is the use of sending technician empty handed?From now on, I will never recommend Usha to anyone, and if any Usha representative is reading this post, I request to them to service my heater asap.Thanks,Go ahead 🤩,The cord is very short and required 16 amp plug point. It eats up available oxygen in closed room,Using since one year , found fit for house use.",-
"R3LQ2TPKG42KG8,R1MWKBSQIK2J04,RWB0U0JJ3NG4J,R3PKUJGSWS6X6T,R2UVD7MDXJ06D6,R5JWWU7OUVRAK,R24PULBZDL0QM1,R1NZ6RZXK2W0S7",5:6c218a69-b37f-472b-850d-2b9772792e4a:1152922604118476744,3.8,Neutral,Positive,0.4497,"i am a student, I needed it to carry abroad. I didn't found any other portable mixer in lighter weight. It's working good, blades r sharp. Mera kam hogya...i am happy with my purchase.,Noise is not good,The product is very good for daily uses,वारंटी कार्ड क्यों नहीं दिया गया है. वारंटी कार्ड भेजिए,Better product,Good working mixi after use of 2 months. Easy to use. But when we use daily and rough use, heating problem occurs. Mixy jar stitching problem to mixy wheel. Then heavy noise occurs.Otherwise goodone.,I am using for last one month, its very good product for average use,Good productI give rating 10/9",-
"R31M7C08CPXCB3,R25R4S2V6XLP70,RCOR7R8N8DCVR,R30CBX7NG9VUZ6,RT55L3CO3TSZ6,RRO6AFAOOQJAK,R3D0ONOZPIAWS9,R1ZOXK6L3BJ049",5:6c218a69-b37f-472b-850d-2b9772792e4a:1152922604118476745,3.3,Neutral,Negative,-0.9396,"Ikea sales this product for 99/- only. It's not worth more than that. Quality is not top notch. At first I thought orginal product was replaced with first copy. But after doing some research got to know, it was orginal product costing 99/- only directly from ikea. Seller I guess buys from ikea and sale here. Coz the MRP tag was removed.,I have tried many frothers, but this is the best one so far since I finally found one where the steel rod does not fall off.,They should have given one set of battery with the item. These batteries are not easily available and my frother is lying useless in my kitchen.,bad product broken,The product suddenly stopped working completely today after about 4 months. The speed had deteriorated after one month of use.I use this product sparingly - about once every few days for frothing three / four cups of coffee. Hence, there is no reason for this to malfunction. There is also no recourse available to me,Average quality,,This product is not powerful enough.",Isu Harga
"R3SMQ18FRX81ZM,RM8D6XNWRSKRD,R20K0WT99IF7SW,R2HR4PDE372C8Y,R14YIMXOROB60G,R21FDK7L8Q1LUO,R2NXFE1SH67GQC,R1EYKC1W1EPYIL",5:6c218a69-b37f-472b-850d-2b9772792e4a:1152922604118476748,3.9,Neutral,Positive,0.9763,"Go for it .... Nice product,I loved the product. It is easy and simple to use . The quality is also fair according to the price …and it best fit for guys who stays in hostel or pg .. they can make maggi 🤤 , boil water🤫 , warm the milk 😆 and it will be ur buddy for serving you hot meals !!Don’t think you can go for it … 👍🏻Enjoy the hottness 🤔,It's good,Easy to handle,I using this kattle since one year still it's working now it's very useful and temperature controller is also good...,,1. Heating happens on one side of the vessel only. Heating is not distributed around the center of vessel. Hence milk stains happens only on one side of the vessel. Refer image.2. During cleaning water may go inside the temperature control knob. So washing should be carefully done.The above points should be considered for better design of the Kettle.,There is no flame adjustment",-
"R5GIMGF2NA526,R2XWYU5AL9FITX",5:6c218a69-b37f-472b-850d-2b9772792e4a:1152922604118476749,3.7,Neutral,Positive,0.904,"I usually don't write review but this product is amazing everyone should give it a try , u will not disappoint after buying....,No words to say. Amazing👍😍🤩 you can see the picture I hv shared.",-
"R1C4CJG4YFPOQZ,RQHLZKD65C2,R1LPNPFT8RUFN7,R1QAZXMA5885V5,RZW6HFWRZFZSM,R3HJO9H24LZ86,RP49KRXSTSAZO,R2C43NGT4YSFCZ",5:6c218a69-b37f-472b-850d-2b9772792e4a:1152922604118476753,3.8,Neutral,Positive,0.968,"The product really looks good and classy unless it was not damaged,The kettle looks sleek but there seem to be some design defects. The base and the bottle dont seem to fit exactly so that the entire contraction wobbles about when the water starts boiling. Then while pouring, hot steam which enters the handle thru the steam sensor hole makes the handle too hot. i had to tape the handle to insulate my hand from the hot handle. The switch doesn't fit the slot on the handle perfectly and i also noticed some water drops condensing on the inside of the switch on the handle.I used a Prestige kettle earlier which had much better workmanship. But these are all made in China anyway. i have nothing against China, here with the Wipro kettle there seems to have been a bad lot which possibly explains why the price is lower than that of other models offered by Wipro.This is a problem with shopping on Amazon that one gets sucked into price comparisons and going for the cheaper option which are mostly defective products without any disclaimer. In this case, i consciously went for this option on the hope that it would not be a serious defect. Lets see if my hope is allayed.,It's too good and using it for.more than 6 months now,Nice product,https://m.media-amazon.com/images/I/71P0bAv1bAL._SY88.jpg,Easy to use, as simple as 123,The product is good but it makes too much noise while heating,It's an Ok product but price is little high ,same things same features u will gey on some brands at cheaper price ,lets see how long itTill now working perfectly.",-
"R4FRMNYYMSIBC,R3L7S5SH36JCUJ,R1YN1N7YNW7AIJ,RF6JADMLOSANJ,R14CIKGGK258KG,R3E1LOFVZINEMG,R3J7G7NK5FW8U9,R13DVAUMRLLEK8",5:6c218a69-b37f-472b-850d-2b9772792e4a:1152922604118476758,3.9,Neutral,Negative,-0.1465,"Juicer is not effective,Ok good,https://m.media-amazon.com/images/W/WEBP_402378-T1/images/I/61Z62He3yyL._SY88.jpg,Didn't expect a prestige product to stop working within 2 months of buying. Coupler isn't rotating. Tried to reset. Still not working. What a waste of money from this brand,Nice,Good qualityWorth to buy it,Easy use and clean but it's very noisy cannot use if you have small baby that'll wake them up if they're sleeping,Motor sound heavy",Ada kata 'Tapi' (Kontras)
"RVJJVCMWN8Y41,R14A126YKLIWX,RJC5HHN4FL2JC,R1APUQA31CW43L,R2K9GKKR6MR93W,R11HJ548X7I0KV,R3GDVPN872JGGU,RJ3JAJU16YNQM",5:6c218a69-b37f-472b-850d-2b9772792e4a:1152922604118476762,3.7,Neutral,Positive,0.9649,"It is big to travelling purpose other wise it is good,If you travelling out side with your baby then it will best option for you to take it and use it for hot water and khechadi.Also you can make itili on this.One minor concern is this product is sensitive to water, it means if want to cook food without water then it will torn off automatically.For example if I want cook some fried thing then i should use oil first then at that moment it will not work because you used oil.So you cannot fry anything on it.Only you can do using water. Everything that can be done by using that be done using it.So keep this thing on your mind while purchasing this item.Apart form this everything works great.,उपरोक्त,It is good for small family and easy to clean.pl.provide at least 2 Meier cord for immediate use and mak  eplace for 360 movement cord.,Size is very small...,I think it's a good product,I had to return it, because off size, it's very small and I doubt it's useful for rice cooking, it's good for steaming and boiling,Not wasy to use and quality of moulds etc is really bad...Complicated process of how much water to fillNo Clear instructions on cooking,",-
"R34X4JUGZSMYZ3,R2TB24I6XAJI0Z,R3RXQPQONGB1ZD,R22SRYSCQLD82X,R21QE5K1YSVD6,R16HPFUZ08GGKB",5:6c218a69-b37f-472b-850d-2b9772792e4a:1152922604118476766,3.3,Neutral,Positive,0.8246,"Very useful product and value for money,Its not working,Don't buy,We vacuum-sealed ground beef, walnuts, raspberries, pork chops, crackers, and chips to test for suction capability, sealing strength, and ease of use.,Tried many times but still not working useless,",-
"RK2SK2T9306PY,R1NOMIUDTGHCGD,RW21FMMFE7BFI,RHNPI4ITBJ1DZ,R1KTIYVU8CINBK,R2RSJBZJN8UU71,R7UCJZNVINTCF,R3EAXIJ37NBEG7",5:6c218a69-b37f-472b-850d-2b9772792e4a:1152922604118476772,3.7,Neutral,Negative,-0.0516,"We are using it for cooking rice,,Its getting repair regularly,Recently I buy new rice cooker it is average,Excellent product,Very good product,Power adapter is not working pins are gone wrong. Remaking all are good,Like",Sentimen Negatif Umum
"R3KA8I1JO7VWHM,RGN972IS97APK,R19V3GRW0VRBAC,RAXEY84M4ISW1,R1PSYUMKHDXHVU,R1625BVG24Y7M,R1KYTADP38QAD0,RTX0APKPL4NRR",5:6c218a69-b37f-472b-850d-2b9772792e4a:1152922604118476777,3.9,Neutral,Negative,-0.115,"OK Product.,Very delicate but nice and accurate now see how long it will last,,Gives an error of +/- 30 milligrams,It stopped working after 7 months of use.,This is a sensitive product so it needs to be kept on a stable surface to use,it shouldn't be overloaded like ever,cuz it will damage the sensor,Good product at this price. Built quality is not world class but good for temporary use.,Good",Isu Harga
"R5Z3PXJSYP16A,R3SCTI2ZS83HM4,R1ZK4MSQURH3VQ,RGEJZY2OM7YJ2,R2CITAVLIYLHU7,R3MZJHQ8REYS8C,R1MSAB5BD0D8JE,R1MTUFX2G4V92J",5:6c218a69-b37f-472b-850d-2b9772792e4a:1152922604118476781,3.5,Neutral,Positive,0.9503,"Cannot extract small hair and takes lot of time,It clearly removes hair from velvet material but in clothes, not that much. I have a velvet bed for my dog and this serves it's purpose. The cost is high and it is not available in the local market.,It's not that great a product.,Overall the product is good in pocket friendly range.,Can be used only on velvet type material. Thread breaks when used on other materials,I bought it to remove my guinea pig's hair from cloths but it doesn't work well,This works perfectly to remove my dogs hair from sofa and chairs. It gathered even the smallest hair. Awesome product.,I have 3 short hair domestic cats and they like to sleep on my couch. This is a great way to remove furr without power vacuuming.",-
"R2US7Y06YM7OHR,R2OAKOAGTGVUTN,R3DVFQGVFX84XI,R1WAPDS97JZKIA,R1ESX1X8D1NBKP,R2AUA7VTJ8T109,R2UBSM7L5I24EO,R1G0Q0UJ7FBXGP",5:6c218a69-b37f-472b-850d-2b9772792e4a:1152922604118476783,3.9,Neutral,Positive,0.2838,"Useful,Takes long time to heat up water , not very quick with heating,पसंद हैकीमत कम काम ज्यादा अच्छा हैबहुत जल्दी हीटिंग चाय दूध या पानी गरम करना सभी काम आसानी से हो जाते इंडक्शन की बजाय इस प्रोडक्ट को बेहतर मान सकते है केतली जैसे 5 लीटर में या 7 लीटर में उपकरण उपलब्ध हो तो बता दीजिए ।तार की लंबाई कम से कम 1.5मीटर हो,Nothing to dislike,Cord length short,It's 3years..... still using this for early morning hot water,After sells service is rediculaus product is very good within year its not working properly we tried a lot to reach to repair by service provider but we get any reply after a lot of follow up.Third class experience by Pigeon,Easy to handle",-
"R3TOOFPX256D59,R1PR50BDQOEIIO,R392FI4QWXWOX5,R85UZWVZHVWQF,R67DCS6U6YAX1,R1D0FB7K1UOFSJ,R24HHC45FGAWV3,R26PXJ8P5Q5FHH",5:6c218a69-b37f-472b-850d-2b9772792e4a:1152922604118476785,3.8,Neutral,Positive,0.9761,"As of now its working fine, but don't expect more like this is not dust remove effective way but I liked it. Let see the durability,Very easy to install and effective in my hatchback.Can be swapped between cars as well,It does not suck the air dust or small particles which are part of dust. Fail to understand how will it purify the airProduct is physically working good. But not meeting the cause of purifying the air.,Use to get headache after long drives early ,After using this product no smell in the car and feels fresh air , it removes odour smell as well,,Product quality is good & value for money product.. highly recommend,I have been using this for more than a month now. It is quite silent, simple and dose its work eficiently. My son always hated AC since he felt nauseating in the car especially when the windows are up and AC is on. Since I started using this air purifier he is very comfortable. I too feel the difference inside the car. Thanks Reffair for bringing such a nice product and this attractive prize.,Its Ok Ok product but don't expect much",-
"R2IPVSKOO0624U,R358NA83FQL4AE,R2J3IJ37A0TYAL,R114CSTYEOW1ID,R1OFIM5CH5R92R,R26HJA1WW7OTY7,R1LTHOMTCR3MDP,R2U47H32CGIZL5",5:6c218a69-b37f-472b-850d-2b9772792e4a:1152922604118476787,3.8,Neutral,Positive,0.9778,"Value for money product. Very good suction power, however blower power is not good as expected. Overall good product.,Very easy to use and all provided accessories worth in this price range. Best Wet and Dry Vaccum Cleaner in this range loaded with accessories.Suction power is good and hose pipe and extension pipes and long powe cord cable helps to reach every corner of the house. Light in weight and very good for normal home use..Virtual Demo received from Divya was very clear and explained well regarding the usage of product.,The attachments were little loose and are disengaging while using..I make heavy noise than expected....It canbe used once in a while but not daily..,Na,Value for money,The product is good. Easy to use it everyone.The dust bag may be alternative paper bag or provide additional bag for long stand use.,Liten more powerful,Good Product as described",-
"R3JRCWMWKXH9IB,R3G026EMLP0VS7,R24JJEFAXZH2J6,R24WHQLDAXAB92,R21V0OVOI8IF8N,RC1OYQZGSAU8Y,R1R8U1O073H76A,R1NVGNWTYT0WZV",5:6c218a69-b37f-472b-850d-2b9772792e4a:1152922604118476797,3.9,Neutral,Positive,0.8504,"The base Unit is rather flimsy?? Could have been better designed???,Nice,you should absolutly goo for it,Good and satisfactory.,After 2 or 3 month use it started leaking.please mind this before purchase,Cord length is too short.,Nice Product than you Amazon for prompt delivery and nice product,Bought it for Rs 699 in deals. Worth for money.",-
"R18T6LNT4V3WIK,R3J5KJWXWZ9BTL,R27KT7RSJUJ9WK,R24X9LMOOX690Y,RUN0V9GG0NY3K,R898UMT5A5N06,R3EGALHA5I1H5M,RHNR43R07U1HL",5:6c218a69-b37f-472b-850d-2b9772792e4a:1152922604118476799,3.8,Neutral,Negative,-0.9019,"Look of the item is not impressive. Need to improve. Cord length is not sufficient. It should be bouble of the existing length.,Got this kettle yesterday but it got scratches on it and this kettle is bit noisy and automatic switch off is not working,Nice,Good work,Maza agya.,Liked most.easy to use.,I had gifted the item but now think i shouldn't have. The item came with loose handle. When kept water for boiling the whole unit was hot including the handle and lid. It is not stopping automatically when water is boiled. Over all total waste of money. Didn't expect from such a poor company.,Best price",Isu Harga
"RXN6DPSJFAMLA,RNC0MI1CWR8H9,R4E5DYXHHGZTD,R5D0HBQWAXYEP,RM8086AZAWNQB,R1Q5I4OT08XBBP,R1N1J6DCG6LIYP,RMZG7RNEPFOII",5:6c218a69-b37f-472b-850d-2b9772792e4a:1152922604118476806,3.8,Neutral,Positive,0.9144,"It's very easy to use we just need to handle it carefully it blends smoothly you just need to cut veggies or fruits into small pieces,My 1st use before I will putting to  charging in 4hrs.but it will work good now.let see how many days it will working!,Good,,Its easy to use,Build quality nice,Best product I use it and battery backup is too good you can use it 6 time of one time fully charged and smart features,",-
"R4B8YJ4015C8C,R2XKAK7JRBGM2C,RJ6E5TLJP5Z7S,R21Y12O2T0TTRL,R1A5CC17IZ91M2,R1BO82C1MOQXP,R2I0URMKJL9FJX,R3V5CR48TYWKVC",5:6c218a69-b37f-472b-850d-2b9772792e4a:1152922604118476808,3.9,Neutral,Positive,0.8734,"https://m.media-amazon.com/images/W/WEBP_402378-T1/images/I/61JhAq4j0qL._SY88.jpg,I like this product,The product is good ..my only complaint is regarding the cells..along with the machine, the cell were sent separately which were of no use..i had to purchase them separately,When I bought it worked really well. Light weight and portable makes it convenient to use. Initially it was a great product. Not sure what happened after few months, it was difficult to tare. When I switch on and display shows zero. Immediately after, it start moving to minus and takes long time to tare back to zero. Which makes it annoying and inconvenient. Also not sure about it’s accuracy seeing this instability to tare.,Good product for kitchen item.accurate and easy to carry. Loved it,Great same day delivery of item received just now..Also very user friendly no issues in usage with batteries included all inside that,Good enough,Good quality thanks",-
"R3ILP34L4UM7UI,R1M3L7485NFGSE,R68JE2G98FHTQ,R2DX8OAP0HXXWP,R2LZF3QSCI31HQ,RCGA8MAYBXPJV,R2OPEWC0J4VGCD,R18ICGMNS6POJN",5:6c218a69-b37f-472b-850d-2b9772792e4a:1152922604118476811,3.6,Neutral,Positive,0.8671,"Nice 👍,The one thing I liked is its work very well and is really easy to install... But i did expected it to be little more big but the size is small,spares difficult to buy,Cheap and good pure it,The filteration speed is slow. Don't go for it if you are a family.,Installation is a bit tricky but can be done .this varient is fit for a family of 2-3 people only.it takes time to pour water in the filter.... overall fine product,This filter is very small for 1 person,",-
"R36V1YMVL43QN7,R265AK6OA2TC8X,R1ARTHG7JGRQZM,R2BW4R43F7KEE6,R2DCCCB33HJNSM,R3RIE0EEY4D6AU,R34NVXTC9AB26E,R2DBNW5O341SEP",5:6c218a69-b37f-472b-850d-2b9772792e4a:1152922604118476812,3.8,Neutral,Positive,0.9001,"What I would like to advise all of you out there is, please do not judge a product on the basis of the reviews on here.It can be carried anywhere easily.Can be used on a standard 6A socket, no need of power plug.The heating element is also of good quality.Go For It without any Doubt,never expected amazon sending a product.it was without manufacturer's pakcaging.had a big bent on metal . did not return because needed.No paperwork.,Item received in a good condition.Works very good.Highly recommended.Much much better than conventional room heater,Zaruri nhi reputed company ka hi product acha ho, yeh product bhi acha or iske price bhi kam h.I like it,I bought this for my dadi as our room is on top floor & its very cold here. It is working fine till now & it's power consumption is also less than 1000w heater, i onserved less unit usage from this 750w heater,Very bad product. The coil is of bad quality....broke within two days of use,Excellent hot with 5 amp socket. Thanks Amazon,Best product in this price range 👍Very lightweight and convenient to use",-
"R1CKI4SPAMK1GB,R2FIM2IXDA4XI9,R1UTSUUY3RC5VJ,R1LJCG64HWSE2H,R1RQCLLYGGFIZ,R2VEEENKBTSZM7,R5DI7U9X7CQ6L,R34PTECLSNQ92Q",5:6c218a69-b37f-472b-850d-2b9772792e4a:1152922604118476817,3.9,Neutral,Positive,0.1126,"Exterior paint got easily scratched,Nice product,verry usefull product,Not bad,The sandwiches come out very crisp. Works well, except that the coating is fragile and some of it came out when I used a metal utensil on it while it was still hot. Except for that issues, the product is 5/5.,Product could be more sturdy.,Good product, but the quality is not so good, easily  breakable,,Good",-
"R4TD9COGBSNUW,R1N9BISDU5DUKY,R2WUK4CHR50M6P,R3Q3J9ZCQW08SJ,R3R09SQ3LQZWP0,ROG94W9K5IZPP,R19LU5HO0C5G6R,R2SI5AOVPWRB0D",5:6c218a69-b37f-472b-850d-2b9772792e4a:1152922604118476819,3.7,Neutral,Positive,0.8844,",Simple stitching for self purpose.,Ye small h isliye portable to h but designer clothes me mushkil hoti h. Simple sewing k liye achhi h agar apke pass badi machine na ho aur budget b kam ho.,,Its very easy for beginners,Really worth for beginners.,not working properly. hoping that will able to fix it...delivery was late.. it was out for delivery but didn't received same day.... and package was already opened.,Nice product",-
"R3LRZAZO84DZ6K,R2YW5LSIWDR1XE,R6ML5G46VYY0P,R11DL2AWM51JUU,R1B80KWS9LCB8X,RVX4OJQUR5ZVE,RPBCYAHF3NX4E,R14KVXYDLAEBHR",5:6c218a69-b37f-472b-850d-2b9772792e4a:1152922604118476820,3.6,Neutral,Positive,0.7312,"Nice product,All features are good, but I feel some roughness at bottom while ironing,I bought this iron on 1sept, used it for once in 2 month. Iron stopped working after 2 months. Not worth it,thankyou,Water comes out,  when ironing,Operating is complicated, not easy.,Damaged item i received so i return my product but not responding not good this project heavy heat,Product is just ok.",-
"RXAODV2OHBKW4,R2AV4UYNGRE33Q,R3KJCPWOGYC672,R2RZ8II2EGKEUF,R20LI4O45SMFP7,R1HPQHT13QYKBK,R110CR4AD558XA,R2GAR49XG4B2MR",5:6c218a69-b37f-472b-850d-2b9772792e4a:1152922604118476821,3.7,Neutral,Positive,0.9969,"Firstly I got the cracked jar but the product replaced the very next day. I like the new and compact design of the product, easy to clean and assemble, and the powerful motor with no speed option. Chopper choped and blender blend wonderfully.Things I dislikes the most is the noise, its fully plastic material(the only thing which is not a plastic to open eye is the blades only) and the juice extractor which isn't a juice extractor actually.,I always wanted a juicer, and then I found this. It works like a magic so easy and so quick. The blender is also good. I using it almost every day for my juice and milkshakes. The major problem with this is that it doesn't have a regulator 😕 and also no on and off switch that's the major drawback. Over all I liked it. No other issues good product.,The product is so good.But I got cracke in chopper jar after using just two or three time.So let me know can I exchange it only chopper jar?,The product build quality good. Using the product is very easy and after use cleaning is very easy too.... Build quality is good and jars are nice.. The first impression of the product is, it's very sleek and easy to use and handle..It's very much good for spices and chutney...Masala specially dry masala grinding was very good... It's juice making skill was so so nice...It's very easy to clean..,I bought this mixer grinder and juice blender combo. It is very handy and effecient in usage. Grinds all dry and wet material nicely. The juicer gives fresh juice and removes all seeds without giving bitter taste. Crushes ice also well. Blender makes all kind of shakes and smoothies. Great for everyday use.,We can use easily good product for all,I use it inmy daily routine,",-
"R31T82ERD3ZMK4,R18IERM1VRE4RO,R94MCO9Z1XEG2,R288LHAQ8X9S9P,R1NW1X48RSET1Z,R2G5RVERUGUY9G,R16IY5HPEMSUGV,R1S5FD0D8T44R5",5:6c218a69-b37f-472b-850d-2b9772792e4a:1152922604118476824,3.8,Neutral,Positive,0.9393,"Product is very handy but the water capacity is too low!Disappointed with the product's pricing considering its wattage and usage time. You can't iron more than 2 clothes before water refill.Since the mouth area is not that much, you'll need to move it so many times slowly on the whole cloth.Steam amount is fine but design is such that you can't press it hardly on to the cloth during ironing.So overall do keep in mind before buying that it's only for emergency & travel purpose for de-wrinkling already ironed clothes.,Good product. Does what it says. Though the water tank could have been bigger.,better to buy normal iron box,Takes a lot of time and is not very easy to use. You will need to use the conventional iron even after using this steamer for most of the clothes. Works only for the synthetic fabrics. It's better to stick to the conventional iron.,Hiii the water tank is too small and can only use for one shirt or T shirt,so plz concentrate on this also,Absolutely good. Easy to handle and flexible movement. It took me less than 5 mins to iron Kurti.Advice to users - please follow the instructions carefully, have some patience and it works great.Negative - Water chamber is very small and it takes 1 full tank to iron 1 shirt/1 kurti.,The Product is good, unfortunately it came withou a manual. I had to figure our where the water tank was and use it . Otherwise the product works well.,Very low water storage is what put me off. Otherwise its just ok. Does the job. But at times need to refill water even for single garment",-
"R19X0TLJFOL8RV,R3H2XBOSPH6NZR,R187CEHOWSXVIR,R3D78DM0715YW3,R1ZTUD2LMQZ1O0,R2HMMLCLTHHYZ9,R3ETS7YB3Q999V,R8L7UK03RGGA",5:6c218a69-b37f-472b-850d-2b9772792e4a:1152922604118476826,3.9,Neutral,Positive,0.6249,"not a eassy to bare this product , in this product realsing heavvy  noise pollution in 4 th spped,Not Bad in this price,The fan works well at high speed. However, at low speed it makes a grinding noise.,3 mangaya tha ,1 mai bhut awaj  ara tha purane type ,baki 2 sahi h ,exchange mai acha bhjna bhai,Good product,Nice fan ...but something prob in fan. how can  use warrnty card ? Ans me ..,Does the job efficiently that's all.,",-
"R1TKOA0N93W0AF,RZSQX768Q8BRO,R38TTOMI01SZ0M,R2LTDUDDQF0HE0,R3DNOKYB0YB2DZ,R1FGO0SSUJD2TV,R35S3OO2N2ZEAK,R34JI2S82934EL",5:6c218a69-b37f-472b-850d-2b9772792e4a:1152922604118476833,3.9,Neutral,Positive,0.8966,"Rate required to reduce,Good product,Good,A good budget grinder from a renowned brand,Everything is fine with the product., doing it's best in this price range..,Looks Stunning and works good as expected,Okay good,But very bit slow but very nice",-
"R14L8SQPUEZAEJ,RGR9FMKB5LX06,R1R0YDAA1E3OBE,RYC3XH9C3EBWK,R12GSMU9X7QCRL,R3IQIN3KU0Q3XX,R1747LGCOQKZPN,R1IBV1QIKU5QG7",5:6c218a69-b37f-472b-850d-2b9772792e4a:1152922604118476838,3.9,Neutral,Positive,0.926,"This product is good, its only customer support and service that is pathetic. If not for that this product would have had real good rating. I received a slightly defective piece where indicators where not working. I initially raised an issue about it but there was no immediate support for that. As filter was working fine and we didn't require indicators, we didn't bother to follow up. After several days the service guy came and fixed it. First time when the service guy came there was no one. So he came again and got it fixed. For immediate support, its better to reach out to local authorised dealer or service , as going through the official support delays the process. So considering all these I feel product is decent.,Free services are limited. If we change the filter during the free services, we will be charged. Filter is not free of charge during the free services.,Product is good but the service is worst till i experienced  .if your staying in rural areas and your  planing to buy this than i will say don't prefer  because I have called minimum 20 times to the Custer care they always saying that they will send the service person but even no one is calling you to response .If your product is in service period the service person even don't lift your call and say the answer .Once the lady has called me and asked some details after she say it is not come under there area and she will forward it after i think five days has been completed and i called her back she replied rudely and saying i told you this is not come under there area and i asked her atleast give me my area service person number .She gave me atlast and i called the service person and he replied he didn't recieve any complaint id so raise a complaint on service request then he will come .I am frustrated and take my product and went to Guntur to repair it . Previously i done a service with the company servicemen he put a cap on the nozzle of the water pump so it stopped working and it all damaged. They told me you have to replace the pump it cost around 3000 . I have changed it and decided not to call the service person and write a review on Amazon so the people will know about the service centre.,Installation guy didn’t install propery, due to which water was not being purified for last one month. Poor service from eureka forbes,Most Value for Price from Aquaguard,Good,Ok,Tap leakage issue",-
"R188HVUJ3OC30R,R1FIJ9CPDW3WLE,R3NBFPDHO752C6,R1IL2YSPHL7Y9J,RRO3M2JQNUPLE,R3CNLHNBUYL7L8,R1GMZP3OAY2PQ4,R2JUW2AKU9TZVF",5:6c218a69-b37f-472b-850d-2b9772792e4a:1152922604118476839,3.7,Neutral,Positive,0.9698,"Good,Easy to clean and use really a good one..,I try to grain orange yes it’s grain well I like the product,The blender being charge for 3 hours once the light become blue. After that it didn't run for 30 second for the banana shake even though didn't chop the banana properly.,I like this product . I will use this product for making  fruits shake.,Friendly to use, easy clean,easy to carry,This product is best use for the baby and essey to use I can sure buy this,Low quality product. Motor of the juicer don't have power to juice of cuttings of an 🍎.",-
"R2HFE6XNQS0UP8,R2BSCK1PAXQ5NH,RZPZS0APQWNRT,R1C19Z7Y860MKY,RZRHOS2N9ZVJM,RUC6VSV4LU9P4,RN8096LY7UFUJ,R355G76ECUQ7GN",5:6c218a69-b37f-472b-850d-2b9772792e4a:1152922604118476842,3.8,Neutral,Positive,0.9331,"New atavanc,Seems to be reasonable hot and heavy in weight as looking for.,Company improve heavy wait same thing 2 kg,No quality of box,Ok,Product is pretty good quality but taflon coating is not durable,I expected heavy weight but it is normal weight. Works normal.,I m not pic uploaded butThis iron looks amazing and good profomance",-
"RNFDIM9PF1C9U,R36YHQKR1456NC,R3SZ6SM72UXPT9,RZYOW4CYXKVOE,R12ZDG5WML5E1Z,RORVGP6V0EP21,RNHLZSPMRSBN3,R2R3PMS05CDPY4",5:6c218a69-b37f-472b-850d-2b9772792e4a:1152922604118476846,3.3,Neutral,Positive,0.9977,"It is very beautiful looking and appears imported good for placing at one spot on office table etc. and not to be moved. It is very light so easily tumbles down. wire cord is very short. Heating is good. It is not strong and sturdy but made of plastic outerbody which will break if it falls down.,More than a week,im using this product.Pros:compact,easy to use,portable,good built quality.Cons:Light weight,No manual control over saftey switch,takes time to heat a small room,small cable length.Conclusion:If you are looking for a gud luking compact heater you can buy it.If you are expecting high skip it.,I like the product design & quality..I'm using in my room.. It takes 15 to20 min to reduce the room temperature... I will recommend this product..,The only positive about this device is its price. Otherwise, all it has is negative.The heater is very light weight, but that's a negative coz it's too light to trust it to work safely. A device working at such high temperature require some weight to have stability so that weay feel confident that it won't topple. The manufacture has given a safe switch at the bottom of the device, but the device remains at high temp for sometime even after being off.The material body material feels very cheap and doesn't give confidence that it would last long though the PTC heating element may last long.There is nothing to prevent entry of dust and fiber into the heater, that may lead to a fire in the long run if fibres accumuulate inside.Also, without any dust filter the heating plates will get blocked very very soon.The switch on the backside to switch off and on also appears to be of the cheapest quality.There is not temperature control in this heater....so once you start it it will run continuously so can't be used as overnight heater in your bedroom.So I would suggest, it would be better to go for slightly costly heaters which have temp control and better quality.,As abious amazon delivery service is awesome received this product in 2 days.Build - Built qiality is amazing dint expect this, Metal frame and smooth plastic finish, light weight to carry and portable.The best part I liked about it, it never took time to heat, just switch it on and it started blowing heat and it easily heats the room withing minutes. But bare oin mind it takes 220V power.All I can say is, its the best product in this price. You will not regret buying it.,The Heater is effective, easy to use , and very compact. Work is good, I like it very much.,Av very low quality heater without any temperature control. It burned my switchboard. It keeps drawing current without any control.,Great product for the price, considering it has ceramic element.",-
"R2DY63XZUWM7SE,R1PZLXZL2ME6XT,R2VZRY72JJLPH3,R15RBOQE6F587T,R1ABQ9XJSD1B9N,RM0HKLK17HGWT,R6D68WWCYXIE6,R5Z1TDHJJTBCN",5:6c218a69-b37f-472b-850d-2b9772792e4a:1152922604118476853,3.9,Neutral,Negative,-0.3662,"The vacuum claims to have a ""powerful motor,"" but it struggles to pick up even basic dirt and debris. I have tried using it on both carpet and hard surfaces with little success.Additionally, the dust collection feature is practically non-existent. Despite multiple uses, the dustbin remains almost completely full after each use. The lighting feature is also fairly useless, as it is not bright enough to be of much use in illuminating the areas being cleaned.Overall, I would not recommend the Swiss Military VC03 Wireless Car Vacuum Cleaner. It is a poor performer and does not live up to its claims. There are much better options available on the market for car vacuum cleaners.,👍 good,Good one. Go for it,Cleaning, suction power as claimed.,Suction power is not very impressiveDoes the jobStruggle for duct that sticks to the floor .Visible and easily removed duct is sucked,Works better than the previous ones I bought.,Product seems good but 6 months warranty Card not received inside box. Box was damaged from one side.,Easy to use and friendly",Barang Rusak
"R371P01X49V8QV,R3MMP5A1MKKZZP,R1VI6TV1VNY0H6,R2MLAH3IBE9WB6,R2CGNL0P1F07CF,R1SLP1FDAIRDIA,RTCE1LHDI5MSC,R2U1JC1BKWWUFG",5:6c218a69-b37f-472b-850d-2b9772792e4a:1152922604118476856,3.8,Neutral,Positive,0.974,"Value for money,Like,Okk,Product is good but within 2 years stopped performing & customer care also not supportive,Cooling is very fast but overall fit finish not good. Plastic tank covers not locking and was in open condition.,Except customer support remaining all it's good. Value for money. Easy to install.,good one for small town , high wattage  creating problem in metro apartment,The capacity of the produ t is to low",-
"RCFFXI7HE5S1O,R3DIB02TOTSYSE,R2LUFMT90IY4QA,RXT32QTE7RUQ1,R2HOQ536IJUJM4,R1DSBS8TI7TATL,RWQ5WXJM5SYQM,R1QYJE3308FNC3",5:6c218a69-b37f-472b-850d-2b9772792e4a:1152922604118476859,3.4,Neutral,Positive,0.9959,"Current problem in water,I would say not a bad purchase. As the size is small it can hot hold lot of hot water but still very handy for kitchen. If used with very moderate tap speed, it can give you moderate warm water continually which is a plus. Should give it a try if looking for cheaper and best option for kitchen use.,It's very easy to install & sufficient warm water for kitchen . Sufficient warm for bath also . Value for money. First day usage review.,The product was very bad because curent pass in body so don't purches this product,The portable geyser is awesome and i used today the whole day  and in 9 degree temperature if u get continous running hot water in kitchen nothing is best ,i really really loved it,must must purchase it,thank you so much for such a useful product👍👍😊😊,Easy to hang.It can be hanged at any place.,very bad product not ,work even 3 months, as well as seller is not supporting in warranty,I liked the size. It is light and easy to install.",-
"R3V76M88BH6XO4,R11F7S14S5Z1DR,R2K6M2964OJY62,RZQSRHICMZS4I,R3QJ8DYTSW3N7V,R6223NK3BQ0MR,R1Y2FUQ6U2C4TT,R3DARIZBJ8DE4P",5:6c218a69-b37f-472b-850d-2b9772792e4a:1152922604118476861,3.7,Neutral,Positive,0.9904,"It's good but it's a little weak at the end also, sometimes starts on its own with batteries without touching the button,I love it! So good for my go to morning coffee... It works just like milk frothed of a real coffee machine,Not working after some days,Good quality productNyc coffee beater and very easy to use.,Good quality product at this price,Easy to available in market at 150. Overpriced and average build quality.,Value for money product this product is quite good and effective I love it's quality,Mixes well, product quality is good at this price",-
"R35LX6CSWTNYSC,R1CUUHI7XOHG6J,R1GBNN50EN0PFS,R3NOMC4L51HI68,R1YMZK0C9NM9TJ,R17GMX3E73L0PD,R3T6DF21D1TVYC,R37MXBYQP6B9UG",5:6c218a69-b37f-472b-850d-2b9772792e4a:1152922604118476863,4.3,Positive,Negative,-0.9399,"I was very impressed by the quality of this basket - I found it sturdier than Cello brand's laundry basket. I ordered one more basket in black but unfortunately the finish of the product on the inside wasn't smooth. I wanted to store washed laundry in the second one but the basket's interior didn't have a smooth finish - had scratches and plastic sticking out that could damage delicate clothes. I returned the second one. I am deducting a star because my second purchase experience wasn't good. I might buy the same product again in the hope that I get a product of the same quality as my first purchase.Update after ordering the basket for the third time - The third basket's rim was bent so I couldn't fit the lid but the baskets finish was perfect. I persevered and requested and exchange and on the fourth attempt, I finally got a good quality basket for storing washed laundry.,Plastic quality is good sturdy build overall good purchase reasonable pricing,Cover could be fit better,https://m.media-amazon.com/images/W/WEBP_402378-T2/images/I/613anWf4JBL._SY88.jpg,Good capacity but bad finishing and bit pricey. Cheap quality too.,Good but not any packing,It does the job. The capacity is huge and you can easily store 1 week's laundry. The top is detachable,The lid of the basket is not that strong and ite just comes out all the time and I have to fix it again and again.",Isu Harga
"R2TWO1XR7BGSHO,R1683BA4KIYFUI,R2BTLKVDN71QOW",5:6c218a69-b37f-472b-850d-2b9772792e4a:1152922604118476865,4.1,Positive,Negative,-0.296,"Like and happy,,Please don't buy this heater, it stopped working in just 2 days.... And not able to return the product also... Waste of money",Sentimen Negatif Umum
"R3INNJUH4JO9LK,R15QDC1Z7MA197,R1XO3PU241VKRL,RYERQXE72BWDZ,R1JHTSAJC61WZ3,R3P0PRTL84LY6I,R2Z85B5IROTGYA,R2EH4DVWTBAL9C",5:6c218a69-b37f-472b-850d-2b9772792e4a:1152922604118476868,3.8,Neutral,Negative,-0.0735,"Smoothies and dry grinding.Consumes less space.,most third class product.. motor is not able to take load and everytime smoke comes out..service is too bad..dont buy this product..its after 10 months feedback,I received the product and the rotor blade along with the washer came off the grinder jar in the demo itself. Exchanged the product and received a piece which had scratches on it (the lid of the big jar, the body of the big jar), the blender lid doesn't seem to quite be leakproof... Because of my first experience with wonderchef product, i definitely had high expectations about the quality, and I would say that it did not fulfill my expectations. I had bought it for dhanteras and the exchange and all delayed the plan, also was a lot disappointing for me. Now I am anxious to even use the exchanged one, already the scratches have put me off.,It is very easy to clean .,👌,there is no switch ,Its very difficult to use without switch in the mixi,Easy to use, easy to clean, space saver, handy,I used this product for making puree.Totally waste of purchase.One jar not working.",Pengiriman Lama
"R11V5OCJYQY6WC,RIR8457ELA3D6,R2GWHK7KGBQ6DM,R1EV61F6P7A11I,R2DEONSP7S2QXE,R1ROPAJBYWFX3L,R3RP22I8F1KJ3G,RS323H3S7TUW3",5:6c218a69-b37f-472b-850d-2b9772792e4a:1152922604118476870,3.8,Neutral,Positive,0.9966,"Quality product but not very useful as far as ironing is concerned.,Delivery was on time as mentioned by amazon - so keep it up.The Product is kind of gift so not having much info or data in hand but whatever is shared I put it on here.The product is used twice so limited information at presentThe product is just OK.It is NOT a replacement to Iron and cannot be considered so. Yes, the steam is somewhat better than Philips as the user has used Philips also but as compared it should have been price competitive.Well - yes, it is able to remove crease from Jeans and even T-Shirt.We prefer stiff shirts for office wear so no good for Formals or Casual Shirts neither that good for pants.The water filler should have been round shape being a conical shape it does not give idea as to what level the water has been filled.Based on the water container it can steam 2 to 3 clothes at a time. Also, after 2 to 3 clothes the hand get pain. So, you cannot steam more garments.Also, you need some kind of support at the back - just hanging on the Hanger is not enough. The Manufacturer should have given a though on this and could have added an accessory either free of cost or at additional charge.Well so - If I get more information I will update, and change based on the same.,Good not best,I like the product but the only drawback i found is:A) according to the water capacity tank, in just about 5 min of usage you have to refill. So that way for each cloth you have to refill the tank.B) it's quite heavy. So i don't recommend this for long use. If you want to steam 1-2 clothes than its fine. Also the cloth must not be hung up above your height other wise it will be painful for you to hold this heavy steamer above causing more pain .My tip is that place the steamer on a table & after pressing on the steam button once the steam gets coming out you can hold your clothes & swiftly move in front of the steam (2 inches away) that way you will save yourself from the pain of holding it. Also pls use a plastic hanger & never steam over a metal surface :),https://m.media-amazon.com/images/I/81Cp+L1+vIL._SY88.jpg,It is a nice product but only reason I gave 4 star is that it becomes too heavy when it is held with water filled in the bottle.,It's only 2 days we used this product. However it's awsome and really a great worker when it comes to ironing. It's effortless and very quick.,If you want to purchase a steamer, go for it. It weights around 850gm without 250ml water, so the only concern is weight and how long u can hold it in your hand during steaming process. Otherwise performance wise this is by far the best machine available. Quality and finishing of the product are also very good. Certainly recommended.",-
"R1WJ8T3U9P42IU,RM9RH8FX9U95D,R31M8UXT7NLOMY,R18Q7M2R00EW68,R11NHZQ8OKA9U0",5:6c218a69-b37f-472b-850d-2b9772792e4a:1152922604118476871,2.3,Negative,Neutral,-0.0258,"I liked that it is so convenient to carry,Waste of money. Defective product, cheap quality. doesn’t blend at all,https://m.media-amazon.com/images/I/71IVsjyZ13L._SY88.jpg,First charge problemSecond motor proble,https://m.media-amazon.com/images/I/61aXXxIxPwL._SY88.jpg",-
"R1O4RWDUJDLH8G,R3BHQM50VHKHN1,RZZBLKLCKMBIO,R33B3888A0I1MF,R27C7F23ZUFG99,R3J5SC94G7LHOG,R31TAZ4NSJ9QJU,R2OO48A4CJ6ZWL",5:6c218a69-b37f-472b-850d-2b9772792e4a:1152922604118476874,3.7,Neutral,Positive,0.8951,"been 2 months since i got these i can slowly see the fabric coming off and the bare cardboard peeking through. but it depends on how you handle it in my opinion. but they can be folded flat and stored in tiny spaces which is great!!,Cost high but good,Super,https://m.media-amazon.com/images/I/71Pr+tjoxEL._SY88.jpg,A very good thing to keep casual clothes.....,Ave been using it for a month now and this is the current condition,Very nice product :),Good to store items",-
"RYO77QIQ3J77O,RTT5VLIVBXJ9G,RDVYDNR6YE0P9,R2N4W7YVIYXMD4,R1DZ7H2MK3UDMT,R23LLGX9FMWWT3,R39UMH72QKWB0W,R67UM0U4KH8C0",5:6c218a69-b37f-472b-850d-2b9772792e4a:1152922604118476879,3.1,Neutral,Positive,0.9863,"It's good product you can face challenge in starting but once you learn this is easy you can sew clothes from anywhere you want.,The product works well. We can use for quick fixes. Option to use power adapter is very useful.Cons: Can't change direction of stitchCant stich fabric in middle if it's big.. only edges can be stitched comfortably.Add ons, especially the threader, given are very flimsy,Its an ok ok product easy to use but you have to put knot to hold the stitches together. Portable and good for emergency purpose,It's good overall just it need to be tied everytime u sew it's really smooth working and good quality of the thread....,Ok,Nice product... Budget friendly... worth it,Not so easy to use,Easy to use",-
"R2B3FENTTL8FY5,R2LLTOR4VYRSUP,R38QJJ3J9FUKGT,R1F6I0EPG64UKU,R1RMEFMJ2K9U77,R2N6SGIK0RA7CZ,RVMWQ6RR0C1HY,R3UBFGKNSPP1T",5:6c218a69-b37f-472b-850d-2b9772792e4a:1152922604118476887,3.9,Neutral,Positive,0.8309,"I bought 5ltr 3kw model 10 days before Provides hot water just below boiling temprature 80°-95°C in 4-5min if provided mild cold tank water and auto cutoff after reaching hot temprature,Pipes/installation/plug not included installation is 350 +18℅= 413 rs and i also paid 440rs hefty amount for 2 18inches steel pipes which I bought from installing engineer which is much higher than market pipe rate(200-250rs) better buy it from market if you buy this gyeserAlso there was no MRP on pipes wrapper provided by engineerSo be ready to spend 700 - 1000 rs extra if you want to buy this gyeser even though your bathroom is fitted with angle valves and other gyeser fittings.Till now not tested in extreme cold weather of january starting in which no sunlight + temprature drops below 5°C in my area I am from middle up region,I bought 5ltr 3kw model 10 days before Provides hot water just below boiling temprature 80°-95°C in 4-5min if provided mild cold tank water and auto cutoff after reaching hot temprature,Pipes/installation/plug not included installation is 350 +18℅ also = 413 rs and i also paid 440rs hefty amount for 2 18inches steel pipes which I bought from installing engineer which is much higher than market pipe rate(200-250rs) better buy it from market if you buy this gyeserAlso there was no MRP on pipes wrapper provided by engineer charge 850/- he said company not provide instaltion bill,Good product enjoying with the performance... Hindware mechanics charging too much and force to pay the amount else warranty is not available... It is too much... No 3pin plug and water hose supplied... If hindware charge the fixing charges at the time of order is fine,Look is Good this Hindware gysar ,I have faced problem with wire is very short and  three pin plug set not given.I am using from last one month working condition is Good.Instantly water heating is good.,5 Lt XCEED geyser is very good heats water very fast one drawback is installation is not free I had to pay Rs 370 extra while I bought my own plug and conecting pipe Amazon hide this thing.,Good product,It's a good product,easy to install and handle",-
"R2FNV0NZDLWHE,R2M99BK02MCDNV,R2P5UQ0XEPCTOW,R1J2HEVC2FWFAN,R2RIUPW9S9ZHGN,R2LV0EOIWD1E49,R1D75XFJREJIF7,R2K5FL56JA45QK",5:6c218a69-b37f-472b-850d-2b9772792e4a:1152922604118476888,3.9,Neutral,Positive,0.9989,"This machine can easily brew coffee for a family of 4-6 members at a time. Some people asked whether this can be used in a cafe. The answer is simple 'NO'. Reason is that this isn't a sophisticated machine like a professional commercial grade coffee brewer.Now my experience with this machine was good. And a bad thing was that I did not get the steam pipe sleeve. Except that, everything was well packed. When you buy this machine, make sure to rinse the internal passage. throw the first water from the machine. thoroughly wash the caraffe, puck, filter and measurement spoon. Remember to NEVER USE dishwash gel or soaps to wash carafe, puck or anything such. It may ruin the coffee aroma.Method (efficient as per my opinion):1. Fill the water in tank. No need to measure it as it can be controlled with the selector. Don't run it dry. It may damage the heating element or pump.2. Switch ON the machine. After that, pour the ground coffee powder inside the filter, level it and press it to compress. I use 1:2 ratio. 1 spoon of coffee powder to 2 spoon of water at output.3. Before changing over to drip mode, open the steam valve and check if sufficient pressure is built. Placing carafe under the puck, slowly move the selector till Europa, and quickly back it to steam icon. This will let the coffee bloom inside. After 5-7 seconds, slowly move the selector upto Espresso. The decoction should be not too slow or not too runny.4. Wait till your desired quantity is reached and quickly change the selector to steam mode.5.  Take milk in a tumbler which is slightly larger than the level of milk. Place the tumbler under the steam pipe such a way that the tip should immerse just slight under milk meniscus. Slowly open the steam valve located at the side. Steam it as per your need.6. Mix the milk and decoction. That's itRemember to not uncap the top lid after usage as there may still be pressure inside. Open the steam valve and let all the pressure get released.Coffee used: Bombay Island Espresso grind Medium Roast. Use only espresso grind or maybe south indian filter grind. Don't use Aeropress, V60 or any other grind as it may not produce desired taste.I personally like this machine. For the price it's good and build quality is Moderate. Please watch some YouTube videos if you are new to coffee machines. It's very very easy to ruin coffee without proper knowledge. You may also watch James Hoffmann. He is World Barista Champion and shares tips about coffee.,I'm a fan of espresso. Every time I go to a coffee joint, I tend to order a doppio( A double shot espresso). But, those prices are way too high if I wished to drink a cup of espresso twice everyday. So, I've decided to buy this machine. One thing to say, the quality and durability depends on the user. If you take care, the machine would take care of your cup of joe.So, how do you properly clean this thing is the question raised by many guests after seeing.1. Always rinse the drip tray2. Use 10% dish washing liquid with 90% water to clean the carafe3. Do not hit the filter basket to drop the used grounds. Run water over it forcefully to loosen the grounds. This is crucial because dents can affect quality4. Before and after your brewing activities, make sure that you clean the internals. To do this, fill the carafe till the 4 mark with bottled water.  Assemble an empty perma-filter.  Switch on and set the strength to max. In about a minute, you can see steaming hot water flow into the carafe. Check its color. If it's yellow, then rinse and repeat. If it is white, dry everything and switch it off. Then, either do your coffee brewing or assemble it back and call it a day.5. Always let the steam out. When you froth milk, immediately wipe off the residual milk with a lint free clothWARNING: NEVER EVER USE HARD/TAP WATER. IT CAUSES SERIOUS LIME-SCALING ISSUES WHICH CAN GREATLY AFFECT THE TASTE, QUALITY OF YOUR COFFEE. IT MAY ALSO CAUSE DIGESTIVE ISSUES. ALWAYS USE SOFT-CAN WATER(THE WATER MUST NOT TASTE SALTY OR SWEET).  TAKE THIS SERIOUSLY. PLEASE DO NOT POST MISLEADING REVIEWS STATING THAT MY MACHINE BROKE.THE STEAM KNOB IS THE WORST PART OF THIS MACHINE. THE MACHINE WAS USED JUST FOR 14 DAYS. THEN, THE STEAM KNOB DECIDED TO LOOSEN UP AND FALL OFF. I CALLED THE SERVICE CENTER. THEY TOLD ME TO BRING IT THERE. THE PROBLEM IS I'M JUST 17, AND I CANT DRIVE. AND THE SERVICE CENTER IS FAR AWAY. SO, I REMOVED THE RUBBER CASKET AND FIXED THE KNOB DIRECTLY. IT COMES OFF, BUT I THINK I'LL USE IT ONLY TO EASE THE PRESSURE, BECAUSE I ALWAYS DRINK IT BLACK. BUT THIS ISSUE MAKES ME REDUCE A STARTips for using the machine.1. Use fine grounded coffee. I use Narasu's PB or Royal Elite Bold. Currently,  I'm using Phalada Pure & Sure Organic Coffee Powder. For the best results, you must grind the coffee on your own. If you can't make sure the coffee is fresh. Mind that using instant coffee powder or using coffee mixed with chicory can lead to disaster, both for the machine and your stomach respectively. You can also go for Lavazza. But, it makes a hole in your wallet deeper than the Mariana Trench.2. Only use good quality bottled/can water.3. Maintain a good cleaning discipline4. In case you've used hard/tap water, immediately do a descaling. Refer your instruction manual.5. Always tamp your ground in the filter. You must apply about 30 pounds of force. This is about 13 kg of force. Hold the force for about 6 seconds and slowly rotate the tamper before removing it. Make sure the filter lock is up when doing thisAs you can see, this is a real espresso maker. It produces crema provided that you use fresh and the correct coffee. For me, it produced about 4 mm crema for a double shot. This is good for a steam driven machine. Note that this is a steam driven machine. You can never get the finish of coffee joints, because they use dual boilers powered by thermoblock pumps. Although the tastes would be similar, provided you use the correct beans.Please look at the pics  to see the finish. The cirrus clouds like crema was from coffee powder a week old. The brown and rich crema is from that organic coffee powder I've just bought. Can you notice the finish being directly proportional to the freshness? This applies even to taste. The white crema cup tasted a bit bitter and left a bittery taste in my mouth. The brown crema cup tasted like coffee at its best, leaving a crisp and nutty taste. Also, after I did some research, I came to know that an espresso must have three layers. A bitter crema, a sweet middle and a nutty acidic bottom. You must mix these before drinking to have the best shot. If you see the glass picture I've attached , you can clearly see those layers.OVERALL, THIS IS A GREAT ESPRESSO MACHINE FOR A BEGINNER. IT MAKES GREAT ESPRESSO AND IT IS ECONOMICAL TOO. AS I SAID, IF YOU TREAT THE MACHINE WELL, THE MACHINE WOULD TREAT YOUR CUP OF JOE WELL.,Being a coffee enthusiast, the product fits in my requirement.Easy to use. Time taken is reasonable. Adjustment of intensity works well.Frothing tool is very good... though i prefer black coffee, frothing helps getting a perfect creamy coffee for my guests.,Nice product,The coffee strength nob is a mythBut itne paise me itna is good,Very happy with the machine, works fine and easy to operate, unfortunately it wasn't packed very well buy the seller so the plastic spoon that came with the machine was broken , everything was packed in the original box with only one tape to secure the box.,It makes the whole process of making coffee more difficult. Also was shocked to know this is not covered under Amazon's return policy. My bad I didn't check and now I am stuck with this. Life is no better after you buy this.,Coffee maker delivered without Warranty Card & Instruction manual",-
"R13SXCYDWPZD7M,R27X89M6VNZAZ6,R13PRENBWGTJL4,R1DIQOKB8QYLUH,R2FHZN2WCMLBOH,R2AOJHZMUZ7G2I,R91I40PR8A2CN,R2IZYQKHGOMD5L",5:6c218a69-b37f-472b-850d-2b9772792e4a:1152922604118476889,3.8,Neutral,Positive,0.7509,"Value for money,Bahot achha product he ye,Iron got damaged in just 1 year. While past few months I used before that just using occasionally like 1 time in month. Same uses of grinder. But currently grinder working fine. This review date 30 dec""22 purchased product at 7th oct""21.,All product good. I am happy,Good product of life long,Good,,Loud jyada hai",-
"R364MSHPSCBSZC,RKEUW208YEVV5,R1HDU0OEUM7U2H,RE3OPNCDGNAGC,R28G1EME0HSGGY,R1YR3D0NQE0YA6,R8VXX7ZVUBYGD,R2TDWGLITZUANO",5:6c218a69-b37f-472b-850d-2b9772792e4a:1152922604118476893,3.8,Neutral,Positive,0.5778,"Prestige water purifier cartridge is obviously good. But it lasts very less number of days. It doesn't even last more than 2.5 months for 2 people. Also the MRP is cut off and it is sold at a higher price.,This Product normal sediment water filter, but not long use, So All customers you go to electric RO UV Water Purifier, I am suggested v guard, Kent, Havells Brands,I wonder if the product is genuine because the cartridge that came with the filter ran for over a year. After that, the ones i received worked for about 2 months only. I'm now looking for a Prestige service center from where i hope to get authentic product.,I order it for my prestige tatva non electric water filter. But it's not working properly. Water is not filtering and company is not giving any solution and saying it's not covered under warranty. My 600 rupees is totally wasted. I'm not expecting it from prestige company.,These filter cartridges are replace in three months.,Easy to replacr,All great but it lasts only for like 4-6 months max.,Good",-
"R2OA6WLUYP9I0P,R2HMQ0VOKWQ62Y,R2HSP5VBSX6NB1,R5R3XSEYG901F,R127MA65JNSOWI,RYSCU07717MB5,REWASLCJXLZ0P,R3LMQYP4S3TZ1D",5:6c218a69-b37f-472b-850d-2b9772792e4a:1152922604118476897,3.9,Neutral,Positive,0.9797,"Very good product at this price exactly as shown...,Product is good.large storage capacity.the only drawback is that when is opened  it smell like hell.i hv to to sat  them outdoor from my house for 1 day.then they r at least tolerable.otherwise it's very good,https://m.media-amazon.com/images/I/61FXsvTLNnL._SY88.jpg,Better Size & Nice Design,Good quality better than images.Very fast delivery.,The best purchase I ever had made,Product is good and big enough but price and quality can be little bit improved.,I just now received the box! It was exactly the same as in the description! I loved it! I chose this colour because no mosquitos will be attracted with the light color! Awesome product! Worth buying!",-
"R2DHVCKWVHZBDL,RQZRV02WQM827,R2BSNORS4S8Y5O,R29IBNM5TII6SZ,R38ON0Z6Q9J451,R1R37QKX0HRTS,R2YU28MLKMSTYH,R29Q1VTK27KFLC",5:6c218a69-b37f-472b-850d-2b9772792e4a:1152922604118476898,3.5,Neutral,Positive,0.9935,"It’s good and easy to use,The product appears cheap but works alright. As you might know from the product description, there are speed settings. Decent product for this price range.,Its very nice n poweful, but needs proper care n cleanup after every use, also u should keep changing batteries when u see the power low. Been using it for years now, however 1piece lasts for about a year if taken proper care.,The compartment to insert cells should have been a little bigger. It might break while trying to squeeze the cells in.,,This a useful product.. very easy to use and clean. Looks very light but is of good quality.  Froths milk efficiently.. a must buy if you like frothy coffee or milk .,Waste product.don’t buy this by its brand name or by its price.very delicate product.,This is certainly a great product. Saves time as getting a froth in a conventional way, you need to be very patient. Nowadays everyone needs something quick. This served my purpose. Bought 2 extra that I am planning to gift. Thank you.",-
"R23G8LLBD9D4H3,R2SU25E3ZH4JEH,RCOH95A6KJB8J,RR11J9T0OGAT7,R3HMJ84LRX3RFE,R1PA4J2DPWMUX4,R1ULQ43S9KU1K1,R2T4O0DRQL3QIP",5:6c218a69-b37f-472b-850d-2b9772792e4a:1152922604118476900,3.9,Neutral,Positive,0.2797,"Ok,The product works very well. The support is also good. The product was not delivered with the required water inlet and outlet connecting pipe and 15A 3 Pin electric plug. Had to run around for procuring them. Wish Bajaj packaged this in the product.,I bought this three months back till now no complaints and using with out any issues.,It's taking time to get hot water,The screw required for installation is missing,https://m.media-amazon.com/images/W/WEBP_402378-T2/images/I/81YXC87RPYL._SY88.jpg,,Product is good but installation charges are high",-
"R2XK30UZ0P7UXJ,R3NQKJO364XETX,R1CYYHWHYX2NX1,R3KATRBZJYOAFW,R1GZC1U1UELK8E,RNQ8FWEZB09XX,RYW158D6ZC85D,RHI3BSTRUG006",5:6c218a69-b37f-472b-850d-2b9772792e4a:1152922604118476901,3.9,Neutral,Positive,0.9681,"Good to use,Really good product in this price as compared to other expensive products. Does it's job properly. Roller doesn't come out if you scroll it properly. Adhesive is good in removing febric lints. Doesn't come with a cover but you can keep the used sheet wrapped till next use. Then you can remove it to get fresh sheet.,Easy and handy.,Works, but adhesive could have been better.,It's exactly as the pictures of the product. The roller works well and does the job. Go for it if you need one. I have pets at Home (cats) and I need to use this everyday.Will definitely re-purchase !!,The roller and the frame is loosely tied and cuts hand every time I use. The whole roller disassembles quickly while in use. The adhesion is not very good and finishes when rolled 2-3 times.,I ordered this because my pet’s hairs always stick on my clothes. This product removes those hairs easily. But in one jeans or shirt, you need at least two sheets and also the roller comes down which make cuts on fingers. So for cleaning, really good but not at all easy to use.,Easy-to-use. Can go for it",-
"R131UUX5RGGPM6,R1QT715X5TOYH0,R3GOHZPUGY57VL,R2X5IYZIUB4MVE,R964KPPOLNHFJ,R2X77NBYOU06B5,RDRCHM3EVHLZP,R1QKKV15C79IXH",5:6c218a69-b37f-472b-850d-2b9772792e4a:1152922604118476905,3.8,Neutral,Positive,0.5059,"Nice machine for adults at home .. who need small appliance which can do work in jiffy.,,Easy to use,Double blade option works fantastic... Body is sturdy... Chops stuff super fast and super fine...,Very poor qualityNew product refuse to operate,The bottom bowl was not so good enough,Heavy in weight,Good product.",-
"R2KKTKM4M9RDVJ,R1O692MZOBTE79,R2WRSEWL56SOS4,R3VZRQJOKCBSH4,R2QI4626ASSCIT,R1TFFJ5ON6ATEO,R14JK9VQCXXEKU,R1V4J4B7RXHG8T",5:6c218a69-b37f-472b-850d-2b9772792e4a:1152922604118476907,0.0,Negative,Positive,0.9832,"Does the job well,doesn't work on sand. though the suction is very good, the sand stays back no matter which lead you use.,Ok ok,Easy to use product (I used it for the first time without knowing the know-how of its use). Cleans almost 90% of your mess inside the car. Highly recommended.,Pros: look and feel, easy to hold and handle, Cord length, useful led light during night, normal suction power but good enough for general useCons: noise is bit loud, suction power could be better,Good,Hmm,Strudy design, quality accessories,reputated brand.I have seen some car vaccum cleaners especially the low cost one's where dust comes out of machine due to poor locking mechanism, so ofcourse you don't want the dust to be falling back when the sole purpose is to remove it!!!You get what you pay for, I have home vaccum clear from same company with has a good suction and does the job well, I wanted a battery pluggable clearner where I can use it anywhere.Believe me no vaccum cleaner is good enough for heavily soiled cars, so if you are expecting a commercial level cleaning the don't buy any.Car vaccum cleaner is a portable device which gives decent satisfaction but not a perfect, I have seen some people who do not take out mats and just shove the cleaner in it and say it's not good.Mats need to be take out which actually collects big dust and derbies, this poor small machine can't handle a 100% cleaning on that.If the car is heavily soiled the you must get it cleaned at a professional clearner then start using the small one.I found this to be doing the job when compared to my house vaccum clearner.One thing I observed was the wires was getting hot and has a soft component which makes it even thinner when it's hit but I think I can handle the job, accessories quality is good and fir and finishe is good.I did not seen any dust seeping through the compartment and it was well contained in the dust chamber.Suction is decent and you can give almost a clean and tidy look to your car with this machine, again a professional grade cleaners can doa good job which cost nothing less tha 15K.I would say worth a buy it used delligently by not expecting too much.I only hope if the company can provide a bag to carry it for the price or find one in your own which can fit your needs.,Perfect",-
"R2H4C76KXFUF5N,R2X2MGZJI8JOV5,R2PHMY74SQMCM4,R2EOV466KP2TSZ,R3HO5I93IRXGK4,R1IKS35P0F8TAJ,R3GCXN4RSB3T4Z,R3GM1KFHUQJ886",5:6c218a69-b37f-472b-850d-2b9772792e4a:1152922604118476909,3.9,Neutral,Negative,-0.6561,"Good product but price 800-900 ok it's product good,Easy to use, Very Handy.,Auto cut  continue starts fan...which lower down the temp.,I liked the swivelling action to spread the heat,Beat product,,Best room heater.thank you,I received the broken article but there is no replacement service for this product",Isu Harga
"R1QHY0304RCZS6,RV3GIBR7FUXWH,R3M83QIXOQMO9J,R227LWX8C4MTYQ,R1B938V5HN71BQ,R2K9QFBTB6FYEF,R2K0ND1WP31RYH,R35YG940TYIGK5",5:6c218a69-b37f-472b-850d-2b9772792e4a:1152922604118476910,3.8,Neutral,Positive,0.9925,"Heater is good for regular sized room, might not work on bigger room or hall but for regular sized room it's heavenly,Like very much.,The hotty model produced by inalsa is sturdy and compact in design easy to handle good quality of cable and fast heating ability with auto cut out system. I had received this product with crack inlet air net however it replaced with new one by inalsa and amazone at ease. It would be added advantage if air deflector be facilitated in this with good quality of indication light. All and all good quality product in this price range,This hotel heater is very light weighted and compact in design, it has a fast heating ability and comes with auto cut out system, its good for a medium size room the blower keeps your room warm for great amount of period, the price is also reasonable overall a great product by Inalsa.,Must have in cold season for small room,Don't buy it go for Amazon brand. No value for money.,Package is damaged but product is in good condition,Reasonable performance for the price",-
"RPH459PHQQOP4,R17ZRY0K8T3ZVJ,R1UCB8TXKZ7JE0,R1YM20O66MTQUR,R1R7T8TNV9C1DX,R3OCX18B6XDQ39,RRIN800K9UFKC,R8EDW68GK5IJK",5:6c218a69-b37f-472b-850d-2b9772792e4a:1152922604118476913,3.9,Neutral,Positive,0.9832,"Bought this almost a month ago, so far it works well. Suction power is above average. Blower feature is a nice addition. Only con is it's a bit loud.,Very nice product.....really amazing,It's very sturdy, wheels are very good so u can take it wherever you want. Electric cable is long.,Deserves the purpose.,Just value for money,good for domestic use,very powerfull motor best product i like it,The product is good honestly i have tested it for cleaning the dry dirt. And in that this works great.Good long power chord and nice attachments that gives the cleaning abmngle a better approach.",-
"RGB7OLWZEBW2D,R35V1I6KBBWDA1,R2S9K0UTNSD0L6,R3RC91ZJN8FXRE,RHM5Q098AI06R,R2QOHI14M69TVA,R2PQH5L3O1O0F4,R3TYY0655P2RMO",5:6c218a69-b37f-472b-850d-2b9772792e4a:1152922604118476914,2.8,Negative,Positive,0.9117,"Not sufficient power,the product is more like a toy for kids. can't use  it as a proper juicer. power back up is very poor.,Ok,I had to replace this product first time because it was leaking and now after replacement the new one has no battery backup and vibrates too much.The MRP is above 2000 rupees which is not at all justfied by the product.After buying the product I found that with the product they are giving a cashback offer of 25 to 100 rs if you give 5 star review, probably that's why it has good ratings. I feel I was fooled by the ratings.,Waste product as the juicer is leaking which creates the whole place mess and the juicer doesn't grind properly where the pieces of fruits remain ungrinded. I generally dont write reviews but i was forced to write this one as this is just waste of moneySpend it wisely for something better,It's does not work properly at all, after charging for 4 hours the battery last only 30 - 45 sec. Very bad product.And they have given a cashback coupon to attract good rating.Misleading information is given on the detail page.,I bought this mostly for milk shake and it does an amazing job and it is affordable but it didn't worked while charging,User friendly blender, very useful for the pg accommodaters. I am using this to make a protein shake from day one when I was received from Amazon.",-
"RRZOYTJL6LAHO,R3L2TDS1XKX1T7,R2RGIFD5MNW5ES,RWMH1CZ8YZVA1,R4ES2CY3SDLGW,R1Z3JXTI330QGA,RVC3N6LRSJBX6,RAA5Z4UFLIC05",5:6c218a69-b37f-472b-850d-2b9772792e4a:1152922604118476920,3.4,Neutral,Positive,0.9769,"Everything is fine about the product, light weight, good air blower and good heating, most important price is good,Best you can in this winter without doubt go for it,thanks Amazon for this heater,built quality as per description,haneul brand same as mentioned,Amazing product at amazing price, work as per the description, same brand received build quality is also superb, great for winter pocket freindly as compare to other brand, recommended,It is good product,Weight and heating process so easy and movable,Value for money and quality is also good.,I am not satisfied because product bilt quality poor and use that  on heter semll very iterating,High consumption electric",-
"R1SWHPJDUW2G3M,R2RFQJDQF5BT8,RPGTYXQGC3TXI,R3TFGARGJENEPY,ROG4D0YGDQMH,R3HAW9CAE08DZ5,R1LA2HMRSTZGUS,R2NOWT8O685BUW",5:6c218a69-b37f-472b-850d-2b9772792e4a:1152922604118476923,3.9,Neutral,Positive,0.9488,"A good fan. Very sad no regulator, and had to spend money for a regulator,Iam like this prodect amazing,I’ve been using it since last 4 months and it doesn’t have any issues so far. Product came with all the necessary items and it works perfectly fine.,Rod was missing Kindly resend,Good performance and good fan.Just upper cap not given by company.Rest is good at this price.I hope it long lasts.,Good one,,Just okay don't get too much hype",-
"R2JQPA2EQ0WL1U,R3U349CN4O5SC6,R1J878MPQE23PD,R2R9RFXWTHCR3,R2X9MHLA6MM34,RHA2MO1Y7A64J,R19QO4H7S5AZSB,R2GYKQI0LU6PCG",5:6c218a69-b37f-472b-850d-2b9772792e4a:1152922604118476936,3.6,Neutral,Positive,0.6935,"Filter not effective,The best water purifier I have ever seen. It purifies the water and their is no impurities present in it. I have used other products but this is the best. The quality is also very good and durable . Highly recommended,I'm literally value for money & very easy to install everything written on the description box also it's budget friendly .,Value for money and easy to install,This thing doesn’t hold on to the tap even if you use the attachments given. The screw cannot be tightened and as such it does not hold on to the tap.  Once the tap is opened it slips and falls away. A very cheap product and I am unable to return it now.,Filters well,Extremely poor quality with no manufacturer's identity. Useless product. I advise everyone to not buy this product.,Don't buy this product, don't serve the purpose",-
"R1OO2ED6615EX1,RR4S5JTJMCPA5",5:6c218a69-b37f-472b-850d-2b9772792e4a:1152922604118476937,2.0,Negative,Positive,0.7902,"The heating capacity is zero .Moreover i have initiated return request. Noone has come to collect it,Best heater at this price. Quality is very good . Suggest everyone to purchase this heater.......... amazing product to buy...",-
"RWIX4QGK0HB47,R2U607V82KC6LR,R34XJ1XQ2W72IB,R1IGS6R7QZHIL3,R24GH90H9QAC3X,R2CGSX3HLMIJZL,R1N6Y6SLVTC950,R2HZOPWZKCIJXD",5:6c218a69-b37f-472b-850d-2b9772792e4a:1152922604118476939,3.7,Neutral,Positive,0.6173,"https://m.media-amazon.com/images/I/61PfDZp8UzL._SY88.jpg,Easy to use,Items tap is not good for users,Very good 😊,Value for money, working fine,It is not suitable for my tap,I liked..so product good. So happy amazon.. Liked amazon products provided Sum like this,",-
"R1B00RU3SHI9Q9,RHQJ6BFGU8S7I,RG5NSLD24104J,R3JPZAMX1OKWEU,RR77HDAK29S5E,RI9OJ89Z7HZ5F,R3T0U6U3J4PDPY,R2FFZ4RWVYRVJO",5:6c218a69-b37f-472b-850d-2b9772792e4a:1152922604118476940,3.8,Neutral,Positive,0.6511,"plastic material not good just ok,,Nice pedestal fan for havells company..,supplied without remote.,I cannot fit The Oscillating knob of of the fan , so the fan cannot be made steady. I am afraid that the inside fitting for this knob is broken or misfitted hence the problem.Please rectify the problem immediately, if unable to rectify, please give me replacement.,Fan safety grill clamp very low quality plastic,I'm impressed with this fan...,Good quality",-
"RN9FDFWKUWE27,R9ERTYK7DPN51,R17LPFA7PQVV2Q,R1VIJFIRWTTF1F,R30ZXKRSMH8MBC,R3V395NK0BE964,R30BJ29AF18U6C,R2HZN4EOJBDZU2",5:6c218a69-b37f-472b-850d-2b9772792e4a:1152922604118476941,3.9,Neutral,Positive,0.9962,"Nice product, low noise and good suction power in price range, received damaged packet and without hose pipe, but over all product is good worth of money,Received the product on time. Have used it once to clean and its easy to use , works well. The heating concern mentioned by prior reviewers is apt however don't a damper for a purchase at this price. It's a decent product in the affordable category. The floor attachment Particularly works very well. It is light weight and so cleaning lower end of ceiling fans was easy. The suction power when using sofa attachment is quite good in cleaning dust stuck in stitching corners. Overall, if you want to spend minimally and get all relevant attachments and your usage is for a 1 bed or a smaller sized apartment,  this product is a good start.,,Carpet bohot ache se clean nhi kar paata, baaki normal cleaning ache se kar deta he.,Got this vacuum cleaner after a lot of research and it has been a good choice till now. I wanted a handheld vacuum cleaner for both car and home cleaning purposes. My primary requirements were cleaning my car and gaming chairs/sofas. A car vacuum cleaner only wouldn't have suited the purpose. Also, I wanted a power-plugged vacuum cleaner as the one with a battery can be used only for a certain amount of time, and there is a long charging period of wait.This product ticks all the requirements. It has a 5m power cable that is long enough to use comfortably. The suction power is good at 16kpa, unlike the 6kpa of most battery-powered cleaners. Noise is okay, I mean it isn't so much to disturb someone until and unless someone is really allergic to noise.It has several components that helped clean my car and even my fabric gaming chair. And I was also able to see a visible difference in the window meshes.Yes, it gets heated after several minutes of usage, but I could use it with a wait of 2-3 minutes each time. Its weight is ample for horizontal and downwards usage. I haven't used the stick provided, and I think it might be a little bit difficult to use it upwards on walls if I need to use it continuously for 10 minutes or more.I had to be sure that the accessories were available after purchase, such as the filter, which I was able to confirm with customer care. It's a good buy. Let's see in the long run.It's made in China. The company provides 6 months of an extended warranty if a review is given and shared with them. This is a bit weird requirement to go ahead with. However, this isn't a sponsored review and is based on hardly a month's usage.Some photos are attached for help.,Nice product, but the filter strain was teared in one place, it needed to repair. But otherwise satisfactory. Build quality is very deplorable, they are just forcing the buyers to give 5 star by any means to give better service and warrenty assistance by a card inside the box, this seems really threatening. But overall working of this machine is somehow ok.I would rather suggest if you have options to not choose it, then go for that option.,Good for surface cleaning, build quality is not adequate but good to have at this price,https://m.media-amazon.com/images/I/81ix5q8WyWL._SY88.jpg",-
"RUIKGKRD5Y2WM,RS2SWNB31NQTZ,R1F2SW4YE5GUXJ,R1FYDS9NWE2BJN,R6QHEB7AVI99H,RPO0OE319VG3R,R3O98DZ74AMK81,R1UHYB97GFXYMT",5:6c218a69-b37f-472b-850d-2b9772792e4a:1152922604118476942,3.1,Neutral,Positive,0.8922,"Average products,This isn’t useful for smoothies. Good for lassi or cold coffee that too was leaking.,Nice for light fruits,Not continue works,,Overall good but can blend only softer food or fruits,I am using this Blender for 1 weeks and Now I must say it's worth you money go for it I am college student and I usually make Oat+Banana MilkShake for breakfast which to my surprise it did really good job in blending themBattery: 1 full charge will give you 2 blendsBuild Quality: 4/5 really goodSo just don't think it's perfect for College students go for it,Product is not good it's very very worest item banana also not griding atleast nd charging issues battery is completed 2min and it will stops automatically",-
"R24VRMVVKTZXZU,R2SZR29UV8HPIJ,R34NPCR94RTTCU,REPOE3PIM6ZRN,R2RF6XPVSOG2R2,RHE4AF3VC0YG,RQ8DJGRM0OVUA,R2AX7J603OWTJ3",5:6c218a69-b37f-472b-850d-2b9772792e4a:1152922604118476943,3.0,Neutral,Negative,-0.1573,"Hi viewers so I bought this product after watching the endless hauls of #amazonfinds. As much as I was excited for the use of the product, it did not prove to be as useful. The sealing side does not heat enough for a packet to be sealed well. The cutter side works fine. But mostly, the heating side has to be pressed upon so hard that the cell case opens up as it slides with the pressure of the thumb so I feel we can totally work without this product in our house. Its definitely stylish, comes with a Manual, Cells and a Hook to hang it but the slipping cell cover fails my convinience with it.,Gud,Easy to use, worth the money,When we press to seal lower part get open automatically,Not heating enamous power to heat and pack the plastic cover,Quality of the product is not good. The hold and press part for heating and sealing is not consistent. Sometimes it seals, sometimes it burns the plastic. Also, the seal comes off of right pressure is applied, so it is not reliable too.,The sealer quality is too good and it’s sealing well. The only thing is you hv to press it hard while sealing.takes only few seconds to seal an entire packet.  Good when you are travelling with a toddler and carrying lots of snack packets. Pocket friendly and cute,Average working",Ada kata 'Tapi' (Kontras)
"R2F0IBB2PGO45G,RJFI2R3H927Q,RC7IDRI4JEBY7,R32SRTV86GX7PE,R280BK653XF5IU,R1TL5WY2M25VGJ,R2BSYUX6ABDXCI,R3IWMYQP9WYGE1",5:6c218a69-b37f-472b-850d-2b9772792e4a:1152922604118476947,3.6,Neutral,Positive,0.7906,"Very short wire to connect to my switch,Nice,,Very good product,Good,Turns on heat initially and then doesn’t heat up. Eventually needs to cool down completely to again start heating again. Wouldn’t recommend buying.,Excellent product pls buy.,Nice",-
"RHK81ZNE4PTND,R1APOT5W7NCQ0K,R2TC26RQAISV2N,R29YF4D5Q0NB7T,RUNNMDT7UQU00,RU90SRND4C6NC,R2RM3RN5D9HC4M,RC89DCR0F7SCA",5:6c218a69-b37f-472b-850d-2b9772792e4a:1152922604118476951,3.8,Neutral,Positive,0.9924,"Device was sturdy and handy, suction power is quite strong all the attachments are good, except the extension pipe was so weak that it gets crumpled when it comes in contact with any object.,I bought this to get rid of dog hair on my bed and it does the job quite nicely. it gets rid of dust very easily. Very handy and durable product.,This is VERY strong, so while that is good for certain things, it can also be a little difficult to vacuum as the it sucks in the surface, making it difficult to glide along the surface.Also, it does heat quickly so you have to keep pausing.however, overall for this price, it's quite an amazing buy.,A good product that cleans dust from upholstery and floors. Variety of attachments help for different surface cleaning. Good suction capacity. Long cord makes it more useful since you can reach greater distances from the plug point. Only reason for 4 stars overall is that when using it, some dust comes out from the collection compartment. The closing seal could be made more firm so that there is no air leakage out.,Easy to suction the spider nest on the wall and other corner dust.,Great product. Works great for the price it is coming for. As usual it is not a heavy duty vaccum so that means it is will get heated up... Give 5 mins break and use.,Affordable and easy to use, fits the purpose.,Good nice cozy machine easy to use and good looking",-
"RU0EQUWAQWSU6,R2R99SCVYQYHPL,R7O3R0R2OR9EZ,R1EO91IQFDEPU8,RMYWUK6J83TM9,R3GV3HMKR68771,R3MB7ZUKQPAQ1C,R1QKEORLV97GNT",5:6c218a69-b37f-472b-850d-2b9772792e4a:1152922604118476953,4.0,Positive,Negative,-0.9769,"Good service,Good,I like this product,taste is also good 👍👍,Worth for money product.,Ok,I am updating my review, hope it will get published and the who's and who of the brand will pay attention to it. After every two to three months the unit is having problem with the inlet system. Many a times, the inlet stops taking water but the indicator shows tank filling! It was rectified by the service person. Again, now the indicator showing tank filling while the inlet valve is shut! It should show the purple light means low or no pressure. It's a faulty unit. The installation guy and the service persons were right who stated that the faulty and low quality units are sold online, whose statement I ignored thinking that every offline seller says so. Alas, I was wrong. I want this unit to be removed immediately and want my hard earned money back.,At this price this product is very suitable.,Esy to install",Isu Harga
"R38F8NXSXYDTXY,RVHJAX9LZXL81,R2E2LEW31FG8SL,RR4N76OXC0SFK,R3RUZMOBCK3L6O,RLT5ZN2J9CR4R,RE3SOUOHD3XN5,R1A4SOUGDN8TRQ",5:6c218a69-b37f-472b-850d-2b9772792e4a:1152922604118476955,3.6,Neutral,Positive,0.9945,"Good product received and i give you this full review after 7days,Value for Money,Easy and handy to operate,I received my frother machine it's good for price and the motor is also good works well have 3 different speed one can adjust as per requirement however I have received a different variant frother not as per images which is displayed but is working fine let's see now how many days it survives easy to clean and it makes quick froth can also be used for eggs. I must say area of improvement would be selling details need to be update. Build quality area off improvement and the battery charging indicator as well should also show how much battery is remaining that feature is also missing, in the variant I received.Can purchase this product and can give it try for me it's working doing the job.,I ordered black one but get a white. Build is not good as I think. Easy to clean.,It is indeed a good product the only thing that can be improved is speed adjustment buttons as it starts directly at the full speed you can reduce the speed but it should be in an increasing order (Speed Button),The power adjusting buttons are great.Froths in only two minutes. One charge can hold up to 12 times od frothing! Totally worth the price!!,I ordered this product for beating coffee, but this product is also best for mashing eggs, lassi making and other kitchen works also. Great battery life and rechargeable in short time period",-
"R2F6HAXHI2E0QM,R3ARFHUPI2UTDN,R2NFBRLIKTBYX6,R1NQQIZHCDSRL8,RU6YHY3TNNV6U,R2F0F9H707NNWH,R32GR67TTDTEH,RMA358YLCTHG2",5:6c218a69-b37f-472b-850d-2b9772792e4a:1152922604118476959,3.9,Neutral,Positive,0.296,"Ok product 900/ma bast product A little family productNot resturant not hotel,No,Nice product,Good product,For Dry grinding of spices, motor heats up,👍,भाई कभी मत लेना नहीं तो पछतायो गे 6 महीना ईयूज किया हू और ये लोग वारंटी भी नहीं देते हैं कभी को कस्टमर नम्बर देगे कोई सुनता ही नहीं है बोलेंगे कंप्लेन दर्ज हो गया है और कोई सुनवाई नहीं हुई,https://m.media-amazon.com/images/I/71HMDwsW8bL._SY88.jpg",-
"R3EH3U82O1X3NA,RFZS8GTC3FBL5,RPXUHUM30UTOQ,R1AI9WFQ3G1DHX,RW7GLU8WKBE0M,R8JGWFB8APIP2,R2WSL4EHLPOXQ6,R1B73QMNM4YS1Q",5:6c218a69-b37f-472b-850d-2b9772792e4a:1152922604118476968,3.9,Neutral,Positive,0.9865,"Overall heater is good but it's size is small but it can make small area heat within few seconds,,Power Cord length ..very very short, and Function Knobs have no Written Marking of the Functions.,Material used is not of a good quality. No after sell service available at my location.,This room heater is portable and quiet efficient. It warms my room perfectly. It was really a good deal.,It is very useful and easy to handle,Sufficient heat is blowing with air, very nice product in this price, best to use for single person in office and home also not making noise like other products.,I like it",-
"R3573XWMBZ88LW,RYNFBD6U8G0VG,R2NLFJL73LNWXM,R1DOYFCE2U82WE,ROTYDHVA4QC9L,R314WOWD2JI7BC,RFMW7AV5SCYI4,R17OEBPM77XXFS",5:6c218a69-b37f-472b-850d-2b9772792e4a:1152922604118476969,3.9,Neutral,Negative,-0.9228,"It's been just a week ... So yet to know the performance overall but till date it's working fine,Good,Good quality,Battery capacity is very poor of power,Product is fine but I was disappointed by seeing Made in china lable on Png version. Also seller sent LPG model first instead of PNG so check your model once received. Product is working fine.,https://m.media-amazon.com/images/I/61SxpCSn4PL._SY88.jpg,,Product seems to be working fine till now but Very Very poor service by Bajaj Serviceman.He came and just hanged the geyser on wall and said his work was limited to that only.We had to call another technician on our own to complete the installation, and do the plumbing work.Even pipes, cells did not come with the geyser and were sold by Bajaj serviceman separately.0 marks to Bajaj for service.",Ada kata 'Tapi' (Kontras)
"R34GHCVBN6M7BX,R3OA62LXAITW86,R3YGN1PYLTA95",5:6c218a69-b37f-472b-850d-2b9772792e4a:1152922604118476972,3.7,Neutral,Positive,0.2023,"2 rods can not be switched seperately, selecting 1 rod always switches on the top rod.,,",-
"R138ITHIJ8RJ6M,R1KZ4GHZKT2TPA,R1SUUZASWMKX38,R1UZWXA61RMVAG,R1ITYM212PMU7Y,R3GAC6LEDQRXWV,RCD1ZRKX9XILR,R1JOZFF0PN5PHU",5:6c218a69-b37f-472b-850d-2b9772792e4a:1152922604118476973,3.7,Neutral,Positive,0.6581,"Can buy it,its really a good product for the price,Ok,Very good,Product is nice. I used it for idli dosa barter.Kindly suggest what to do?,The device is good but very loud!,The jar is damaged.,Ok good..",-
"R1HFQQWKU1B7T9,R3HPSXLWX2RSHO,R2ZFEFLH2H6BOJ,RGRLYUCCNW475,R3V539LPWIH3CD,R2XI5MDOB81641,R22CGQQGZP9IJE,R1UL38ZEBW713N",5:6c218a69-b37f-472b-850d-2b9772792e4a:1152922604118476974,3.4,Neutral,Positive,0.8082,"Has only one blade in jar and the jar quality is very bad.,After using for one month, it stopped working and amazon customer care is asking to reach out pegion customer care but, i have been calling several numbers from past week no one's responding, no customer service don't buy,I got two medium jars instead of the large jar.,After the 1 month of use.I gifted this to my mother from my first income, till now she dosen't complain anything about this mixer.Don't know about other costumers, but mine product working fine, yeah its true that it makes noise loud but the performance under this price range will cover up the noise.,Good product go for it,Nice,Overall meets d purpose In budgetSound of motor is regularGrinder missing 4 blade inside d jar (all jars wer given wit 2blades only)Feedbak aftr using for 4months,product have too much scratches on top",-
"R18A1K5678ELRR,R3VBWUYTKOOUQ7,R320E1OP4NVG4E,R10EY3S2UI2CVF,R3TWPYZY4WV9SK,R2GYN2RG5YXY61,R2Y6MTG252PZ9P,R1IM78YLKWJZ1B",5:6c218a69-b37f-472b-850d-2b9772792e4a:1152922604118476976,4.0,Positive,Negative,-0.8836,"I have been using this Geyser for almost two months. it heats up the water in just 15 minutes and quite power efficient. Uses almost half a unit for two person. And if you leave it on for the whole day its around 1 unit. Very power efficient. And looks stylish in the bathroom and due to the form factor doest take much space. Go for it . You get all the pipes and Installation material in the box so no need to buy them separately which is the case in some other models.,I had 2 option while purchasing this geyser, Havells vs this one. I opted this one as this was cheaper then its Havell's counterpart but this geyser does not satisfies me at all. The only PROS is its heats up water very quickly but rest is all CONS.I keep the know to maximum temperature but still the light does not move from orange to red even if I put on the geyser for 3 hrs. It does not holds hot water for long. I have used Recold, AO Smith even Amica earlier they were not as quick as Crompton but they used to hold hot water for long. I have another Havells at home whose light goes from green to orange to red to display water temperature.,Paisa wasul hai,The product is not that good , just given 5 star energy efficient, but it takes more time to heat the water, also don’t holds hot water for atleast 6 hrs. Temperature control also not so good , after getting 2-3 liters itself , water becomes cold, even if it is on from 20 min,I’m using ao smith geyser in our one room from five years, no issue, again purchased 2 geysers for other two rooms , one is ao smith and other is this crompton, even though i spend more for this geyser I’m not satisfied. Better go for ao smith or racold..,,Waranty card are missing.,एक होम गीजर में जो होना चाहिए वो सब कुछ है सबसे अच्छी बात है पावर आफ होने के बाद भी गीजर के टेंक में बचा पानी 8 घंटे तक भी गर्म रहता है।,Good product using since 2 months working properly",Ada kata 'Tapi' (Kontras)
"R3MTH1DRIEXJ4M,R29A6Q7HZ6EA5U,R3TD9LHIZPOJZZ,R2PFDWJXL0R5KK,R1FKF3ZE0DND0Q,R3KUJV3XYVM4Z6,RD8XDFHPQTF6M,R2JZWY45ZK4FS3",5:6c218a69-b37f-472b-850d-2b9772792e4a:1152922604118476978,3.9,Neutral,Positive,0.9503,"Good product and superb fast heating.As it was small tank if u need to get bucket water1. On geyser and wait till water gets heated (2-3mins) ON TAP and fill bucket with hot water.2. OFF TAP and wait for another round of water heating then again fill bucket and leave the tap ON untill bucket filled with warm water.3. If u need more hot water repeat steps 1 &2.Cons:-1. One need to purchase inlet & outlet pipes which costs around 400 as this was not provided by orient.Writing review after 20+ days usuage.,Heater is so slow as compare to Bajaj heater ... currently i purchased this 1 but it's not good,I have ordered two of them . Installed in bathroom as well . There is a trick to use it in bathroom. Either turn tap really slowly or by turning on tap at full sppeed. Whenever the the water get cold again switch of the tap , after 3 to 5 minutes again on and fill. Just this compromise you have to make in place of storage geysers.,Product body fitting is average. Be prepared to spend another 600-700 R's. on installation pipes, 16A plug and installation charges. No installation plate with geyser. To be mounted on screws. No safety valve supplied with geyser. Overall average product. Better go for Havells which comes with all accessories.,Easy to install.Temprature controller is not available with this product..Till date working good.,https://m.media-amazon.com/images/W/WEBP_402378-T1/images/I/51IzGNDZ7eL._SY88.jpg,Ordered on 7th feb 2021. Received as per delivery date. On opening found that the unit is wrapped with plastic and found water droplets. Maybe they tested the product before delivery. Coming to the product, it heats water to boiling temp in 3-4 minutes and you can expect 4 jugs of hot water only.Delivery:5/5Packing:1/5 — since no bubble wrap or anything to protect the product.Product:3/5— you should not design a product with such low capacity, now I am struck after buyingLooks:5/5Will update more later...,First of all this is not a storage geyser. this is instant water heater. So better to understand the feature before using it. Just switch it on and wait for 1-2 min. it will start supplying hot water . As i told this is not a Storage geyser like 5-25 Ltr.  It comes with 3lts capacity only with 3KVA. So once the set temperature reach . Then Open the Hot water TAP in normal/Slow running speed .So that it will continue supplying Hot water/ warm water. If the Hot water Tap will be fully opened with full speed then this instant water water will not get sufficient time to warm the water. Hope this review will be helpful.",-
"R1OW9TWGTIS29M,R2X2WOP22DNGDV,R2M132CK318U3F,R3SCT96D2225LJ,R368748X71CS6N,R2986V8U04JEIG,R167KSSEHI9SV,R2UI7KAL0FX21X",5:6c218a69-b37f-472b-850d-2b9772792e4a:1152922604118476980,3.9,Neutral,Positive,0.2382,"Good quality,Super 👌,Worth for the money but the knob is slippery,Good product,Nice,Ok,Little bit of noice,Good",-
"R3M6NH8U0C7JBM,R32DO8SLNF2JSA,R3U0NCD7XO2KX4,R3A34J0QMEWYPJ,R3P9E303DFLLWO,R18Z15U25MM9WZ,R1A9K53T8ZSX14,R1TS0MH0S4ZXZP",5:6c218a69-b37f-472b-850d-2b9772792e4a:1152922604118476984,2.6,Negative,Positive,0.3514,"It is broken and it is not useful. Please change this product,product is so so... the plastic quality is not so good as per the price.it claims that it can be stuck in the metallic areas like fridge but the magnet is not working.,The first one was not working and the replacement was sent without box with a used piece. The battery had water while I received it and even the delivery person was shocked,This is marvellous product to use . Such a small product but does wonders . And that too given 2 batteries,Great product and lovely packaging,I don't like it the product it not working,Not satisfied,",-
"R8P1LH1QES7X5,R3P0F39HVQX1F2,R1F4WX53SB8ZKQ,RU9DOPO6AYDMQ,R8GI3QXXT6HDE,R14LR72Y74A8AE,R146T7C5DJS2HC,RAZSYIJNF6OTY",5:6c218a69-b37f-472b-850d-2b9772792e4a:1152922604118476985,3.8,Neutral,Positive,0.9153,"Small and compact. Literally the size of your hand.Heated up two cups of water to 75c (hot coffee temperature) in a few minutes.Great for the avid backpacker,Not the best but ok with price. It is small so it only takes less space. Looks good.,It takes repeated auto swich of and on sessions to cook Maggie.,Actually I purchased it for travelling purpose at least I can get warm water and I can make black coffee at any place at any time...This purpose getting solve  ... But It is not usable to boil Eggs and other purpose like Cooker rice etc.,U cannot cook r boil current consumption will be high,Good one product,बहुत ही अच्छा है। मैं तीन टाइम खाना बनाता हूं। सब कुछ अच्छी तरीके से बनता है।,Top stand should be included in the item",-
"R1DID47Y3SOM8N,RDR64CJXIU14Q,R35FYRYXQJUQKR,R2ICWHHEJJKM14,R27C6A2VQ1DCPT,R3IUDCLTBUPUIQ,R3VFX06LEJWEGM,R3KYBU80FW4GW4",5:6c218a69-b37f-472b-850d-2b9772792e4a:1152922604118476987,3.5,Neutral,Positive,0.991,",after 15 days uts 2 tubes not working...waste of money,Fuse early,The item is nice, light weight and good to use. The only issue is crude finish. The grill is coming off from sides. The reflector surface is bulging out and appears that it may break with heat. I requested for replacement but e mail sent to me says you will refund me the money after receiving the item . This was not the arrangement. Kindly replace the item with one which is free of defects. In cold conditions of hills in Uttarakhand I would like to use this item. Kindly give your views on my point so that I am prepared to receive defect free item from you and I return this one.,Sleek body and the Colour and only product of three rods with two year Warranty Light weight too and beautiful stand and can be rotated,Very good option in this range . Working efficiently and giving good temperature to  my room . One of my friend using this product for last 5 years without any problem. Good point is that it does not gives any smell as other blower gives.one suggestion - increase power cord length  by  9 inches so that we can use any where.,Item broken after some time  .. customer care not picking the phone even a single call,Was very useful in the record breaking winters this year.You have up to 3 levels of heating this is the best part. The only thing is that the light gets too bright so as to hurt your eyes but this is the issue with all such heater.",-
"ROG35PUVPRISM,RHMZ3T3WZDDMY,R1XMM783W6HJM9,R16YT7DTQMBX3D,R3S2TJNZAZMVLI,R385Q4NWD7KZ02,R15GMMIQGLF7KU,R2ITKFEBWVWQGC",5:6c218a69-b37f-472b-850d-2b9772792e4a:1152922604118476988,3.9,Neutral,Positive,0.9755,"Thought it would be enough to warm 2 room and passage but it's heating fan is so small even 10*10 room heating took 3 hours to warm. They have BTC but it doesn't help to warm quickly,,It is a good product and this month I bought 3 pieces. The last one looked like a used and refurbished heater. The wheels provided with the heater are old and worn out. They do not rotate smoothly and there is difficulty in moving the heater.,A quality product which will keep you warm :),Not heating well. It works but radiation of heat is very low. I have other radiator heaters like Havells, Venus which hear comparatively much more for same power consumption. Will not recommend purchasing this. Surprised from this brand as kenstar is usually a good brand.,Used for 1 season. Good quality. The only issue was humidity in room on long usage >4-5 hours continued power on.,Liked, very good in operating, easy to use,Not getting heat,kept 1hr but no luck, waste this..",-
"RNDYBQHMT47QL,R279Z47TD2BTW0,R1KIQPBI7LXLZY,R18R9LYERVQDHJ,R1ESPXIP4APAI5,R1O99FX1SFVXWL,R2WZLXK8360X7Y",5:6c218a69-b37f-472b-850d-2b9772792e4a:1152922604118476991,3.5,Neutral,Positive,0.96,"Best performance, I buy it twice...Really best for medium room...,Without power plug deliveredNever expected.,It's small and body is also poor quality,,Damig,durability,The product is durable and value of Money.It's very good product in this range.The quality is good and the air blow output is best.",-
"RR0XZNLNGQQUU,ROZ7GLYC4255J,R39BNXWIK6E894,RO5MNH2EETV7Y,RQESDHNQG4JEE,R1ARLE60GL6DTT,R39SJDQ1BMFLRZ,R74664PDS2LKO",5:6c218a69-b37f-472b-850d-2b9772792e4a:1152922604118476993,3.4,Neutral,Positive,0.976,"Thik hai,Recommend for you,Riturn my product it is broken,I like the product but the wire is too small,Metal used is too thin in thickness as it was dented while delivered and same was rectified with bare hands.Cord was also smaller in length. But overall in this price range not much expected.,Very nice,So far so good. It gets a bit overheated I hope the base does not melt or get over heated. Have only used it once when the performance was extremely satisfying. Will have to wait and see,,Product was good, and value for money",-
"R205BUIEOZSB27,R3KAOEMO5MHN5A,R1DD7V7FUTYL3H,R5IQN4CBEDBAH,R1H10C8T2140MN,R1GE3ZFKDOX0KC,R3VTBRIS9BCUR4,R3EH023Z1ERZZB",5:6c218a69-b37f-472b-850d-2b9772792e4a:1152922604118476995,3.8,Neutral,Negative,-0.5106,"This product of yours company is heating 5 liters of water in 15-20 minutes, it's wastage both electricity and money.,Very Bad Quality of wire, and Rod.,The product is just ok, but the quality is a bit low, but you can't expect a premium at this cost.,Very faster,Gud,Nice,Nice,Cord length is too small",Isu Harga
"R1HD4L4O8FYBVJ,R1DSP7AK9O1EG0,R3F6O9LJWF9UGP,R1WGQ33LIJEOSH,R3NQC64D2P7Q16,R1H44VOQWJQYKK,RVLTVX5PB83WB,R372RHOH38PJ9W",5:6c218a69-b37f-472b-850d-2b9772792e4a:1152922604118477000,4.1,Positive,Neutral,0.0148,"An easy-to-use coffee filter at a reasonable price.,Value for money, fit and finish is good,Good for 3 glasses of filter coffee.,I am relishing the original filter coffee taste in North India.,I give it 5 stars as it is the same as shown and good and easy to use.,I mostly have instant coffee but this time I bought some filter coffee from Araku Valley during my visit. I was not aware of the process that you can't have it like the normal coffee so I tried it like normal one and it failed miserably because the coffee seeds won't get dissolved there is no coffee smell in it. Then I went online to understand the process where I came to know about this coffee maker. I bought it for 2cup coffee which cost me 299/-. You can get bigger one also for 4 or 6 cup. You can go through the process of how to make south Indian filter coffee online. To me it does job very efficiently and finally I am able to have a good cup of filter coffee. Now about the product it's not premium quality steel but it's a decent one and it's very easy to use. You fill the filter in morning and you can have the raw extract till night. So to me it's a value for money if you want to try filter coffee.,The press doesn't work perfectly but does the job. Size is small, you can only make one cup.,The steel quality is world class. Gives a proper filteration",-
"RPVB28C2TPEDX,R2K5ME2J0C1A30,R15G6PDX7J8A9A,R2Q84ODLPM7DG9,R4UWGPOL1PSZZ,R2U04XI700Y4ST,R2EMG0GIWX7GP5,R1W5S1B40S9QFL",5:6c218a69-b37f-472b-850d-2b9772792e4a:1152922604118477001,3.9,Neutral,Positive,0.9609,"Original part costs 4 times more as per service guy. Worked without issues on pureit classic g2. The snap pin connectors need to be manually pried open (use a safety pin and YouTube) I used the AC power cord sis as-is because the pureit part had a resistor fuse or something placed before adaper and i wasn't sure how this part would work with it. Connected directly to plug and joined the  24v connector,With the money... Gives clean water.,TDS calculation is perfect.I checked overall water which I use in my daily life.Like tap water,hot water, cold water, aquarium water.1 day old water,gyser water and aquaguard Ro,uv,uf,water.,https://m.media-amazon.com/images/I/61dPCs7qmBL._SY88.jpg,Working good,Product is gud and value for money,I have found it on a very cheap price first i thought may be item is very so will not work but I was wrong, when it arrives i checked water tds at many places and it works awesome with accuracy, so I just love it and thank you to the seller for providing such a good item.,The product is okay but there delivery options are not , agent was rude and refuse to provide door step delivery, not fulfilled by Amazon agent.",-
"R2NR09K7JPREX9,R1BVHMQAEEK6Q0,R3JLTEYMK907F2,RXAU989TJMDX6,R2OBL8DBUTV157",5:6c218a69-b37f-472b-850d-2b9772792e4a:1152922604118477002,3.3,Neutral,Positive,0.8151,"1) Best product2) Room gets warm within few mins3) Quality is nice4) Timer option is very useful5) Portable,,,Like it,By continuing use it work fine. Small but effective product. No more space required to store and use. In a short time my room temperature got increased. Feels gool",-
"R2FG5ZQ7455JA9,R3E79I7H5JT248,R27NGUPGDT5O90,R2GIXW3HN4LKA4,R12ESRILVR6D2C,R1TJWF170RZB5I,R3K70V1SGG8WZ6,RA1RQZLLULLS",5:6c218a69-b37f-472b-850d-2b9772792e4a:1152922604118477004,3.9,Neutral,Positive,0.886,"Value for money,This fits perfectly with the filter I have. It is worth the purchase.,Not so good,Very usefull product for reasonable price.. ❤.,The filter Quality is good, I order this once in every 4 months. I change filter my self.,I ordered and returned. Not suitable for Pureit Advance RO + MF,Good,Value for money",-
"RPF6BQZ9ZGOD7,RAQPY2NRM7G4U,R22USVU70E2UD0,RLKRRQI8IIBB2,R1BTMJ9YWSTHY5,R19OH78FQO2VN0,R2N1VHAAGIDIMT,R1J0541W0XS1ER",5:6c218a69-b37f-472b-850d-2b9772792e4a:1152922604118477006,3.6,Neutral,Positive,0.7722,"3Kw huge consumption.rest is ok.and control is only by flow of water so you cannot set temprature and wastage of water is little more,I have been using it since February 2022.Here are some points where it failed my expectations.1. The temperature doesn't remains constant not we can set it at a particular temp.2. The water flow is very restricted and takes more than 30 mins to fill the bucket of 15L completelyWhere as the geyser we used earlier ( bought from a local shop) could be set at a particular temp as we can adjust in stove. And the water flow was also comparatively more faster than this.,This instant electric water tap is awesome. This tap working properly by this seller. Packaging is awame and complete with user manual also. I liked it. Must purchase the product from this seller.,Very good product as expected,Lack of mannual temp control.,,Loved it. Fine quality,",-
"R1O343U978W7T3,RTT7TYSICUSK7,RNJ28HCJAVS7P,R65UG8VBWZ9FO,R1NYFIH8430TSL,R2XETJ09ENS8YK,RZ2ITHHJJCWZS,R9L25UA45NALQ",5:6c218a69-b37f-472b-850d-2b9772792e4a:1152922604118477007,3.8,Neutral,Positive,0.9134,"Na,గ్యారంటీ,Good use for getting instant heat water.I have used it for last 9 months it was still good and no issues.,Very bad product don't bye used product i received,If you don't have hot water line installation in kitchen. This is the best solution. It took 30 min max in installation. Best for winter use. Not for bathroom use. It only provide lukewarm water which is good enough for washing dishes.Pro: one hot water pipe is provided Cons: no pipe clamps provided.You need 1/2 inch pipe for cold water line. Length depends on distance.2 pipe clamps is neededReview: you can buy it , it is working satisfactory. But other similar products are selling it with pipe, clamps etc. So please check first. I like build quality.,Easy to use but voltage consumption 3 kw it's. Too much,Average,Good product",-
"RN4RJMHA6Z17Z,R27O0FPVNG63DK,R1O1OR760KAMN2,R1KHM1E2FS5LHX,R2EDFZCXSNQL9Q,RWOZF184HDN45,R2S27KPO0VKWWA,R6NCDUG0BJSA9",5:6c218a69-b37f-472b-850d-2b9772792e4a:1152922604118477008,3.9,Neutral,Positive,0.991,"Excellent and useful product, easy to use. Water quality is superb. Only issue being, how will we know if the cartridge needs to be replaced. Where from can we get these? Presently ordering 1 more filter!,# Easy to use.# Buid quality could be improved.# Water helped whole family to get rid of gas and acidity issues. Eventually weight loss.# No difference in taste.# Worth trying.# Frequent change of filter is on down side, eventually it helps as all water filter does.,Water spills when filling glass. Like taste of water,Must have extra filter cartridge ,must include ph value indicator,top lids securing is not good,must be close more firmly to avoid leakage,container jar material needs improvement as it got scratches very easily while cleaning inside, but overall it is a good product as per use and design,hope kent will improve on the above points,PH level that defines alkaline in water is not up tu mark . Need to be m verified as company claims it turn water into alkaline anything above PH 7 but in reality it’s hardly good as any RO water 💦.,Must buy product…Portable..sturdy & a very useful tool to have…it raises pH level of water actually…..I have experienced wonderful results in my stomach related issues….Must buy….!!,,Useful. Water is alkaline definitely. But after installation,  6 to 8 washes are needed before drinking",-
"R2PFNGIRCB6KB1,R3HOQIZQ2Y2P1E,RSMINHFUL02QE,RECSJ6GYWXJWE,R2M39R5NO51DBK,R1IKAF2X8JVXQS,R3D1X15POHDHKU,R1OKIDKNCYKZFS",5:6c218a69-b37f-472b-850d-2b9772792e4a:1152922604118477010,3.8,Neutral,Positive,0.992,"Good product,Noise levels are high. But overall product is value for money,Bought this product for a second time in 3 days after testing it's utility. Used it to grind 3 different hard spices and achieved the desired result. The heating issue is expected due to friction of hard spices. Overall great product with 750 W motor which was our requirement.,Handling very easy and good.. Noise level is high.. Budget friendly product.,Noise levels are high. Build quality is also good. overall product is value for money.,A lid of small jar is not tighten properly. Unhappy with the product. 😔,Its a very good product.....low noise with powerful motor ....grind items very smoothly,Good in this price range..but noise level can be improved",-
"R1KN9SD017A7RE,R3CEOM0J1JBDOT,R1AEDQ9CAI6XXW,R2XIO0KMHIEO1F,RFVSFZCU692EX,R3A5RFPX4FKUDV,R3M6T8MOF5GD27,R19Y9YVBF318KF",5:6c218a69-b37f-472b-850d-2b9772792e4a:1152922604118477011,3.9,Neutral,Positive,0.9399,"Good product,I bought this as a gift. The person using this product has not complained. So, there is just that much I can attest.,Very good for this price rangeEasy to use and good product 🙂🙂🙂,Looks nice ...need to use it and get back,I used the product 4- 5 times in last 1 month and it is meeting the expectations.Value for money.,Good product,Verry Good,Nice",-
"R27XB7WNFY9NJ3,R24HCMD10NT57S",5:6c218a69-b37f-472b-850d-2b9772792e4a:1152922604118477013,3.6,Neutral,Positive,0.8899,"Tried for two days good experience and great product with excellent quality with fast and powerful blades,Please don't buy this product as it is not all useful it got broken while washing totally money wastage please don't buy",-
"RV24IG0ESY0QQ,RT6Q1RSJWHH0A,RI1QYUZU94RKT,R16FKQNXTMPBRV,R1RBGFBH1U37L,RJGJ2HUWX9GSC,R3PY9TXJSQ085F,R3N0OO6FHZAE2I",5:6c218a69-b37f-472b-850d-2b9772792e4a:1152922604118477018,3.9,Neutral,Positive,0.9974,"The blower functionality is good. the brush nozzle is not good, it breaks on sharp corners. overall its worth buying for small cleaning.,A very premium look and feel product. works well, I use it to clean my laptops and other electronics.,I really like this portable wireless vaccum cleaner. I'm using it for cleaning my car. It comes with charging cable, user manual and multiple cleaning brushes. Charging capacity is awesome. Suction power is very good. Easily catch dust particles inside car. It is best value for money. Thank you Amazon.,This is probably the most portable and useful vacuum cleaner that I have come across. Compact and portable, it’s cordless and hassle free. Great suction power and it is so convenient to use. It’s vacuum and blower both. Its is easy to clean so it requires no maintenance.,It is exactly what I needed, a sturdy, simple, small, and smart vacuum machine. It has great suction power. Wish it had little bit bigger storage box.,,Blower leaks air and if it to be used efficiently,vacuum cleaning: averagethey should have designed it like a tunnel.Use it as vacuum cleaner, remove the filter and accessories to be used a blower in reverse.,I really like our portable cordless vacuum clener. It's handy, lightweight, and easy to use. It's great for quick clean-ups and does a good job on our cars, floors etc. I had it for a few weeks now and it's still going strong.",-
"R1BJTSW0Q3XBG2,R3LXL9MYPDNLQU,R1EMA2HNG6WLD0,RTH4IIS0NEMZB,R1PBGQY0ZXI2DD,RSK7Z8ESBQEUX,R3DV0SKGPJHAU2,R3NZXJDYJSIGBU",5:6c218a69-b37f-472b-850d-2b9772792e4a:1152922604118477019,3.9,Neutral,Positive,0.9973,"* Easy and quick heating* Price 1099 is best in class* 1 year + 6 month additional warranty on.  registered device is very good in class* best product for those who uses occasionally (10-15 times in year ) because it will last for years if use is limitedOverall very good product,Is better automatic but heating temparature is not good manual is good,Product works best and quick just its quite light weight,Overall the sandwich maker is good. The length of the power cord is not sufficient.,Easy to prepare sandwiches of any thick.,It is a very good product. Decent cord length. The grill marks on my sandwiches and panini come out excellent. Value for money is good, considering I bought this for INR 999, it's totally worth the spent. You can make one sandwich / panini at a time, but I only cook for myself so, I don't find any issue with that. But again, it depends on the size of the sandwich. Go for it.,Very Nice product, ideal for small kitchen needs.. Very Light weight.. 1000w power capacity get heated very quickly... I say only one drawback powercord length is really very small, it should be longer atleast 1.5 metre to 2 metre would be ideal... Otherwise its a great product...,the best thing I like about this is the facility of big sandwich maker in a small size. There is no other company offering this design in this size. very good. thanx",-
"RYPL17AT0RDI1,RQOF3LTV1XO6K,R169DI8KX4KIS0,R1T86QSHNGWS2,R3Q7KHGMYL8KPE,R22FND348KV4I0,R1IQL0D1Z5I492,R3PEJ703N4DY56",5:6c218a69-b37f-472b-850d-2b9772792e4a:1152922604118477020,3.7,Neutral,Positive,0.9678,"Very small it is, hardly for less than 6 heavy clothes.Very good for single person but not for family .,Too small for home use good for travel,Value for money,I like the product.value for money,Nice product..,I'm happy with the product as it's highly portable due to its folding ability into its pouch and its sturdy enough to stand on its own but size is smaller than i expected.,Material is not good, for these price you can buy any bag...,One of the bag is damaged, but overall product is good.",-
"R2T39I2ZEKM9PL,R1ZBMWBRCRX6M1,R14ROZ9SPSVA1C,R1DM63YLI499R0,R35NUHSRXCQ4I6,R1Q3L7BERE4C6,R1334GMRXCJFLO,R1ZN9HBT8L7C6Z",5:6c218a69-b37f-472b-850d-2b9772792e4a:1152922604118477021,3.5,Neutral,Negative,-0.7265,"The only issue is that the built quality is very poor. It broke on 2nd use. Rest the adhesion is good.,The product is not sturdy, the handle broke after a weekThe adhesive is working, but it is too diffuct to peel the tape,Product is okay but the stick is very delicate so it broke, now it very difficult to use the product.,The handle of the product broke when I used it second time so it's very poor quality would not recommend.,Its value for money,Easy to use,Product of good use. Wish the Handle of the roller was easy  to use,We have a beagle dog so we have extensive use of lint rollers in the household. Have been using the 3M, but its very expensive if you consume 4to 5 rollers every month. So thought of trying this one as i though how bad can a lint roller be. The stickiness of the glue paper was good enough to remove the dog hair, but the quality of the handle is really bad. It did not even last 2 days. So ended up using a wooden stick or long pencils for the job. If the makers had spent some more on making a good handle even if the cost would have been Rs 25 higher, then it could have been a great product especially for those households which have pets as they need it more frequently. So i might go back to buying the 3M product of look for something in between.",Isu Harga
"R1C2TSG7V4E6OO,R1EMLFPYSZQRV0,R2013OLVZQH22B,R2EG8VXH3ETPXA,R3ETNI6781FL2R,R2IN91D1WT43AK,R38K3MLJGM9L27,R2LI9FD8CQQOMA",5:6c218a69-b37f-472b-850d-2b9772792e4a:1152922604118477024,3.9,Neutral,Positive,0.9231,"Easy to make milkshakes and diet smoothies..Useful.,Very good quality 😌,,This product is very helpfull amd backup is good,The mixer was split throughout the blender.,Easy to clean, portable, easy to carry and easy to use or traveling..,Good for travelling,",-
"R1XLQ3KU8NRG4P,RGVJ5KUUNIU77,R3FD9YGKRHM8LY,R2UNQBX57IZ6IJ,R18R5BIYTIVOX3,R16IEFUYCP8OE0,R2M04XPGQM0UGX,RYGVFM9ORV4JJ",5:6c218a69-b37f-472b-850d-2b9772792e4a:1152922604118477029,3.9,Neutral,Positive,0.4767,"The 6ltr storage is not at all sufficient for a single person. Water cools down very quickly,It's doesn't have temperature control knob,Like,Value for money,Easy to use,Good water heating,This review is only after 2 months of use. Build quality is good no extra noise, and very minimal in look.,It's value for money",-
"RGC8KIMM1CE9L,R16X8MLVQ82IY8,R2Q9RZ8N8CWTJU,R1LEUKJKGS4LB3,RHI91TJRIR95F,R2VC88TGIJ2M4Q,RSVPGFXI871XS,R22R9U3IN4DIN1",5:6c218a69-b37f-472b-850d-2b9772792e4a:1152922604118477032,3.7,Neutral,Positive,0.9778,"कुछ खाश नही है मगर ठीक है कोई ज्यादा खराब भी नही है,This protect is good but very too much  noiceJuicer it too good,Purchased few days ago. The plastic quality is not as expected. I think It is not for long lasting purpose. Operating functions are good to use.,Item is good but in my case motor started sparking with in 3 months, still replacement of motor is pending from maharaja,Not bad,,Yes the product is very useful and serve the purpose for what it is.,Valuable one  cost effective and amazing delivery in one day.",-
"R2XFD3J4A5TGZF,RX5FGOO2VEM95,R1TUD04IXLDRMV,R1P01YOSWKVLQ3,RPMIFU0S3U0CG,RRAGFU9E9MAU7,RH31TSS0MO3KW,R3MB6685PDKUZK",5:6c218a69-b37f-472b-850d-2b9772792e4a:1152922604118477036,3.6,Neutral,Positive,0.589,"Average product,As per use its costly,This product is only for lint. It is not effective to remove pet hair from clothes,The roll has different layers , I don't know what to do after this roll layers completed,Useful but would have preferred more adhesive power...Got at cheap price in sale,It removed all dust and threads get stuck on my clothes after wash,This is the best product.  When I was ordering this I was confused about quality because it was chep in price. But once I have used the same it's wonderful. Work fast because of bigger in size. Highly recommend.,Bad product. Product is of no use.",-
"R3V8S0ESHRPDBO,R12W72FFLIE3W5,RTP8C0IEC8HOG,R12R4AASHS28DY,R2GO349RJ2IVKJ,R2HYWH5XCPCXT4,R1LKZJQ84LWHYF,R1A2ZK71J84RUU",5:6c218a69-b37f-472b-850d-2b9772792e4a:1152922604118477045,3.8,Neutral,Negative,-0.2653,",Not much durable,cannot close proper,Great for storage. The product is as advertised.,Both sides of the bin tend to bulge out when clothes are inside. Hence, the lid might often slip inside the bin. The both sides need some support to keep it sturdy so that the lid stays in it place.,the material is flimsy and cardboard is not strong.. the side latch or handle stitched is not the strong. A box can't hold the weight when its full. Cheap price cheap value.,Appears to be very weak,may get damaged with in a few days of usage.Hence returned it.,Too early to question its durability. However, it looks sturdy. It is bit different from the product image as you can see in my pictures the entire top isn’t designed as projected, that’s a bummer. Good for small families only.,Good product.",Isu Harga
"R3OSR4OYTNNMCV,RPOYK3GUC98ZU,R27D0SFEZ5LMSP,R2AQW90XQ58J8X,R2E1CJLY710609,R3RQYH6EH78GZM,R3KQSMQH0W45XR,R1OD2KDJ4RH6QE",5:6c218a69-b37f-472b-850d-2b9772792e4a:1152922604118477053,3.9,Neutral,Positive,0.8843,",It's easy to use, one sheet for one dress. Adhesion is ok. It absorbs most of the lint in 2 or 3 attempts.. over all value for money.,Doesn't work on fleece blankets. Adhesion is not very good.,https://m.media-amazon.com/images/W/WEBP_402378-T1/images/I/61EnrvnNRrL._SY88.jpg,It works fine, no hassles,Does what it claims to do. Quite Economical. Will definitely buy again.,I like this product. It's very easy to use . It make cloth dust free,Plastic quality is very poor . Overall below average",-
"R1OQ97JT4BL5EI,R3RR2895R9O2DS,R2462S5LXK8PF8,RMJH8X11LNM88,R3QVXCO0WYM84N,R3H120Q4D5UPZ5,R2QR3OKR575Z8H,R210Y022QTMB31",5:6c218a69-b37f-472b-850d-2b9772792e4a:1152922604118477054,3.9,Neutral,Positive,0.9062,"Cord length shoul may be longer,The product quality is good.,Very nice Mai istemal kiya hoo kaphi fast obala raha h,Tuta dhakan,Good size kettle. Nice looking. However, on first use which was for testing purpose, there was cable burning smell, though nothing as such happened. May be due to first time use, it was trying to adjust heat.,Value for money,Nice product,The cord length is well enough and easy to clean the kettle.",-
"R9G633VF65R7,R1QYOV6VB55XDP,R10DO46U5X7BFU,R1LRIP1E8ZWQHM,R2FZMTECL2LFIB,R3L17NRMB2AJKW,RKAF5JOIWID2G,R28BGB7K15JUSW",5:6c218a69-b37f-472b-850d-2b9772792e4a:1152922604118477055,3.8,Neutral,Positive,0.8257,"I likeit,Looks like quality has been considered well in all respects!!!!,After around 3weeksOne cutter got jam so i don't know how to claim warranty everything here look cheap.Take on your own risk,Easy to use, reasonable cost, looks good, makes less noise, jars are light weight. One should buy it,nice product,Nice,,Good product,any one can buy",-
"R3VVDILPFTB4N,R33D06F6025R9G,R2I3H0WMODAWBP,R1AF6E3N2B9CB2,R36R7R03G3ZTT9,R26LX5GA0LIZA8,R376OUGP5M5AHS,R1MC6HR3Y1OZWE",5:6c218a69-b37f-472b-850d-2b9772792e4a:1152922604118477057,3.6,Neutral,Negative,-0.7037,"The iron had water still inside it, the plastic clips were half opened and the box looked like it was opened , the Amazon box was intact . Just that product box was taped up . Expected to get a new product and not a renewed item .If I knew I was buying a renewed item I wouldn’t have paid full price .,Good product,The product is good but not for steam iron. Water dripping outside of the iron box wetting the cloth.,This product is easy to use as no problem of wire and works fine and take more time remove wrinkles,1) 1380W is not enough for cordless design ( Quickly looses heat while usage & takes time to re heat - you often end up waiting for the unit to get reheated ! - Corded Design is better for 1000W range models.2) Though this Has continuous steam option -  this drastically reduces the usable time and once you return the unit to base - excessive water dripping issues can be noted. Condensed water flows down the base to the table !!!3) User manual does not cover all necessary details.Overall - this is NOT a well designed product. &  Not happy with Real life usage,nice product,temperature drops down very fast,Socket of the holding station seems loose. Sometime need to press down hard on the holding station.",Isu Harga
"RET6MLCT292IA,R28KTF1812QBSY,RSQKDGLTZET66,R27B4L6ORUNWP0,RVAY1H2CHPFD5,R3H5NH63Y26SZ7,R2OQU5R4OZWFTT,R3UXSYW0X740ED",5:6c218a69-b37f-472b-850d-2b9772792e4a:1152922604118477059,4.2,Positive,Negative,-0.7768,"A reasonably good product,,A bit costly for me,,Using since 1 year . No problem faced.sound is normal.,The shape does not fit where i want to get it installed. I want the round one. Can i get it exchanged or returned please?,Easy to use,Good product but the speed is a bit low. Hence less suction power. Very low noise.",Isu Harga
"R7UIR1SQ3MQ7C,RSHEPWEKELRFO,R1I98SU56895RX,R3QY58980PL4G7,R3SP1VLD2ICGHM,R2HI4MKCC9V5CH,R1GWIC0YK34JRS,RD6Q3K7ATDOMX",5:6c218a69-b37f-472b-850d-2b9772792e4a:1152922604118477061,3.9,Neutral,Positive,0.871,"Good quality fan. Finish and colour was good. They even gave a safety metal rope for added safety.,Wind size improve,,Good fan from bugget,No Ani dast,,I am not satisfied this product,https://m.media-amazon.com/images/I/51-wl+rlQPL._SY88.jpg",-
"R20SPV6WPX1ZU1,RXRM37GL3SHHH,R1LU6AOHGKF97O,R15V75C4M038Q1,R1Q4Q235B1LFNX,R38UQB68VZ4SUY,R2YTO8AY71C7JE,R35LRIA95CG65D",5:6c218a69-b37f-472b-850d-2b9772792e4a:1152922604118477062,3.9,Neutral,Positive,0.9958,"received a product yet to use and give further review however quality is nice. Instructions are clear and easy to understand.,Everything is fine but the power chord is too short, only 50-60 cm length. No flexibility in the use of the machine in the kitchen or other place. Check if the power wirelength is sufficient for your use before you order.,Awesome waffles are prepared, should go for this,Very nice product. Easy to make waffles. Easy to use . Worthit to buy.,Amazing product worth each penny ! At the cost of 5 waffle one can get life time anytime waffle!super easy to make waffle.Be careful for outer plastic body ,very fragile !,I made waffles for the first time. To make it crunchy ensure you don't fill in too much batter and also keep it for a little longer even after the light turns green. Keep an eye on it till u get a dark color of waffle [ensure it doesn't burn ;) ]. Good for household use. Easy to clean. Wire is a too short but it's manageable for me so I gave it 5 stars as it is as per my expectations.,The waffle iron does not heat enough to make the waffles in the time indicated by either the light or the cooking time on the recipe. Tried it for the first time today. Let’s see if it lasts.,Very good, Easy, Good quality,Waffle maker in the market available, Very affordable price, Great deal",-
"RP44N8NRPVZ64,R1FETO75Q18Y6N,R3QS7GCDG4CKQ5,R1OAWG0HEQ62FT,R32BTYN4QF56J9,R1D0MOCMENKIT1,R3V1DRV00BSNS5,R2CVEAXB0MKT2Q",5:6c218a69-b37f-472b-850d-2b9772792e4a:1152922604118477073,3.6,Neutral,Positive,0.9693,"So I got it today , I have been using one for years n it stopped working so I thought I’ll buy this for now. Normally I just put water n oil n walla it works but in this one u have a 2wicks given to u which u have to leave in water. Then put one back inside the humidifier. Till d wick stays wet it works n then doesn’t so u have to remove the one inside n dip it in water again to work. Now that’s a lot of work for this.,,Closed small bed room its works.,small in size,I BOUGHT THIS PRODUCT CAUSE I THOUGHT it will help with my allergic problem,The product is smaller than it looked in picture, U have to use it like using yr mobile while charging..THE POWER switch stopped working within 5 days, so I returned d product.if U really want humidifier for medical purpose then go for genuine ( higher price/ Quality) product.,Absolutely useful product, every home must have it. It keeps your home fresh with it's nice aroma.,It is a very good product for a nice smell in your room,Good,",-
"R3PHYNEGUHVNDJ,R3U3Q0ET3JUC76,R1AJYRLEYBQKHQ,RIJ0LF1TCS88U,R1U7C8WLUNQGS1,R1G0KB7WIUAYV6,RH81LB9FFSVDB,R8LK8I42MTY6L",5:6c218a69-b37f-472b-850d-2b9772792e4a:1152922604118477074,3.5,Neutral,Positive,0.9875,"Its a very nice heater but if u want to warm up ur room this is not something u should buy , this heater is just for warm atmosphere around or near  you . Overall its nice.,Good product,EXCELLENT PRODUCT,The build is lightweight but the rods are not attached firmly. The top rod came off the hinges and stopped working in less than a month. It did not even fall down and the only movement is from one corner of the room to the other. It's too late to return now so I'm using it with just the lower rod but really wasted my money on this.,Good product,I use heaters all the time. I've used Havells, orpat and usha in the past. But Hilton is by far the best, generates good amount of heat, better than other heaters I've used. It's also a good looking one. I'm definitely going to stick to this from hereon.I'm writing this so more people give this a try and this great product gets its due appreciation.,I’m using since 1 week & I must say it’s very good & best in the market,Heating power is very poor",-
"R1K0ML8QPZZSH7,R1VJZH5L1SRLPA,R2TTZ6Y61C1955,RYRQ7HQ4WDD0R,R24V2VP33R7Q4Z,R1F215HE3H6ZGT,R1YT2C41FFR9NG,R2UR2X3ZHZC5MU",5:6c218a69-b37f-472b-850d-2b9772792e4a:1152922604118477076,3.6,Neutral,Positive,0.9639,"While it makes enough froth under 1.5mins (tested using amul taaza milk warmed at 50-60deg celcius), the battery holder is too narrow for eneloop aa rechargeable batteries. I did not know this, hence one of the batteries got stuck in battery compartment. Ultimately, it had to be pried out by tweezers.Now that I have peeled the outer covers of my eneloops to slightly reduce the diameters, I can insert and remove them. However, I still cannot close the flimsy battery door. I have to hold and press it while operating it. Of course, there is zero problem if you use costly duracells. Still, the battery insertion process is not at all user-friendly, one has to watch youtube videos for that.To reduce spillage, use tall coffee mugs while frothing.,Not as strong and powerful to froth the coffee,Quality is good.,Average product,Very easy to use , house coffee looks like restaurant coffee, too much frothy n worth it .,This is the first time I'm writing review about any product....this is the best frother at affordable cost!,Works well and the product is good for this price, looks delicate and not sure of sturdiness though. Will updare for durability.,Works good . Coffee making is faster.",-
"R9GL8284FSYUG,R1Q6Z3DZDJMDPN,R25CLTZM7X33KC,R3EZN6N234M56M,R3V5ZJK278N7DE,R2D7IYLDOK44OG,R3E1T8ZS17TP57,R388P83LV3P6PH",5:6c218a69-b37f-472b-850d-2b9772792e4a:1152922604118477077,2.9,Negative,Positive,0.64,"Stop working after few days,Ok,It doesn't fit easily. Little water pressure the filter falls off. Fitting is draw back for the product. Water purification method implied is good. Installation must be made easy.,Having hair problem due to water so bought this for my bathroom. Good quality product but After using it for couple of days filtered water pressure has reduced.,Pros:-Easy to install (pipe comes with 3 different dimensions)Cons:- Hoped it to purify the tap water (as mentioned in their description). Unfortunately doesn't serve the purpose - I measured my usual water with tds ppc meter - the result was 427 (usual for Bangalore). After I installed this filter - it showed the result of 424. Disappointing. You need it less than 100 to be sure to drink it.,Easy to install & Value for money,I used it for a school project and it worked super well!,Old product received. Inside seems as rusted",-
"RYWL8U25UKVRN,R2OZKOAWL1O0AK,R20H2HQK57AY6M,R8D71Z6FT69SZ,R1SHRMSVKCLPBV,RL642290VV0FY,RY9QSE50DS1XF,R3G6DENLSHD8FG",5:6c218a69-b37f-472b-850d-2b9772792e4a:1152922604118477081,3.8,Neutral,Positive,0.7643,"Very good product,Bad Bad product. Please don't buy.,My Requirements fulfilled & Very Nice Products,,hot air flow range not so much,,Good quality,It's doing the great job.",-
"R35122PFZXLW77,R20F9Z88XI969Z,R32BCA8W6W1KIF,R8IJQ4BCU3EYB,R1U0ELVGODA4FE,RK6G1OA2NXLKX,RSPH5EIECZOR0,R39210FVK81Z0W",5:6c218a69-b37f-472b-850d-2b9772792e4a:1152922604118477082,3.5,Neutral,Negative,-0.7681,"Overall I liked the productBut disappointed with this broken item,It is useful only small cuts like kids clothes,,Today I get the product. In the accessory box the pin and saftypins are in that condition.,It's not good for beginners.It's not that simple to stich.. Sometimes the machine will stuck in the middle of stitching....,Sewing machine is really good . Easy to use and good for beginners.,Overall good item for this price. Light weight and suitable for alteration work...,",Isu Harga
"R363CESXF8MX1J,RPFBIUJQY7U8J,R1RANSDWMZLOFX,R2KRLWEGK8WRUV,RJT2AYA3VYJKW,RED9KLRCGWVCA,R8AVX9DP1CA8T,R27B8CDIU1PSLD",5:6c218a69-b37f-472b-850d-2b9772792e4a:1152922604118477086,3.6,Neutral,Positive,0.937,"For the product like room heater package should be enough so that it does not get damage ...... and they have not used proper amazon packaging....price is quite high according to size and capacity of the product....After using 3-4 days I have found some defects and some scratch marks....attached in the pics,The heater is very compact, light weight and effective. It looks so cute in a room and doesn’t disturb your aesthetics at all. Loved it. Ordered another one for my grandmother.,Product is useful,Good Product,I have purchased 2 of them & recommend to my friends who have bought it. But now I'm looking for the same which is not available here.,Control knobs should have marked scales on the body. Otherwise performance of the heater is good without noise. Value for money and sufficient for 110 sqft room.,i received the faulty product.,Very good room heater,main features of the heater is it's fan.hot Air circulation in average size room is very good.",-
R18OKMWGX8SA0L,5:6c218a69-b37f-472b-850d-2b9772792e4a:1152922604118477087,3.1,Neutral,Positive,0.7096,Does not work as advertised at all. The pieces came out all nice and clean ... No hair stuck to them. All positive ratings are obviously bought.,-
"R1TLRJVW4STY5I,R2O455KRN493R1,R3Q5MVGBRIAS2G,RDUWK5R7MYO0F,R2PLXU82PLNOS,R3OGEQWZH4DYFA,R5I0WH8YY7K9V,R1MC4M4R6ZDUBE",5:6c218a69-b37f-472b-850d-2b9772792e4a:1152922604118477090,3.6,Neutral,Positive,0.9698,"plastic but cool body ,u have to find sturdy surface to put it vertically , on plastic stool it vibrate in vertical position ,u need bigger plug point for it ,very fast and effective heating ,it through cold air too ,price is bit high but it's bajaj so good.very good buy.,Using after only 2 months, the front part of this bajaj rx10, room heater melt starting.,Useful in winter, box gets heated which may cause damage but so far so good.,The body flaps look very delicate and did not align well when received. I had to fix them,This Heater is good for a room with 10X10 ft dimension. The best part is 2 years warranty from Bajaj. Personally recommend you to purchase this product to stay stress free.,RECEIVED DEFECTIVE PRODUCT FROM AMAZON SELLER M/S ROYAL ELECTRONICS INDIA.I AM SURPRISED ,HOW AMAZON IS ALLOWING THIS TYPE OF SELLERS ON THEIR PLATFORM.,Nice product,Nice product",-
"R39Q2Y79MM9SWK,R3079BG1NIH6MB,R29A31ZELTZNJM,RQ7XAO5UTJQZT,R223OFAZGIK4X7,R27WMZV25K3TN1,R302QB4GVL3F8T,RBZRSE5J6HCF3",5:6c218a69-b37f-472b-850d-2b9772792e4a:1152922604118477091,4.0,Positive,Negative,-0.296,"I have installed this in my kitchen working fine is just fan speed is very slow could have been faster but not it is slow thats the reason this exhaust smoke very slow but it does exhaust.,Good quality,https://m.media-amazon.com/images/W/WEBP_402378-T1/images/I/61izko3RxDL._SY88.jpg,speed could have been little bit more,,Beat performance this product.,Connecting wire is too short,Super",Ada kata 'Tapi' (Kontras)
